date,tmax_k,tmin_k,tmean_k,dewpoint_k,precip_m,hours_observed,tmax_c,tmin_c,tmean_c,dewpoint_c,relative_humidity,rain_mm,rain_day,heavy_rain_day,year,month
2008-01-01,301.87622,291.7495,296.64472842105266,288.29204947368424,0.0,19,28.726220000000012,18.599500000000035,23.494728421052685,15.142049473684267,59.42669809815786,0.0,0,0,2008,1
2008-01-02,301.44824,289.7223,294.64927125,286.57481333333334,0.0,24,28.29824000000002,16.57230000000004,21.49927125000005,13.424813333333361,60.03347892399755,0.0,0,0,2008,1
2008-01-03,302.0857,290.76605,295.34574791666665,288.5944425,0.0,24,28.935699999999997,17.61605000000003,22.195747916666676,15.444442500000036,65.5594083205913,0.0,0,0,2008,1
2008-01-04,302.837,291.32025,296.42855541666665,290.2297883333333,0.0,24,29.687000000000012,18.17025000000001,23.278555416666677,17.07978833333334,68.13614457540274,0.0,0,0,2008,1
2008-01-05,303.5744,291.61334,297.1968533333333,290.138695,0.0,24,30.42440000000005,18.463340000000017,24.04685333333333,16.988695000000007,64.6778889039169,0.0,0,0,2008,1
2008-01-06,303.76245,291.26312,297.30818875,289.0401825,0.0,24,30.612450000000024,18.113120000000038,24.158188750000022,15.890182500000037,59.90609796427537,0.0,0,0,2008,1
2008-01-07,303.75156,291.40308,297.292905,289.8224691666667,0.0,24,30.601560000000006,18.25308000000001,24.14290500000004,16.6724691666667,63.02753499039144,0.0,0,0,2008,1
2008-01-08,303.89,291.7548,297.17826625,289.9688066666667,0.0,24,30.74000000000001,18.60480000000001,24.02826625,16.818806666666717,64.05595924818297,0.0,0,0,2008,1
2008-01-09,303.25647,292.75073,297.47470125,290.0112125,0.0,24,30.10647,19.60073,24.324701250000032,16.861212500000022,63.09541338819965,0.0,0,0,2008,1
2008-01-10,303.20795,292.4798,297.25695708333336,290.53965583333337,0.0,24,30.057950000000005,19.329800000000034,24.106957083333384,17.389655833333393,66.1016237664247,0.0,0,0,2008,1
2008-01-11,303.23358,292.77988,297.3453954166667,289.01634458333336,0.0,24,30.08358000000004,19.629880000000014,24.195395416666713,15.866344583333387,59.68134569388262,0.0,0,0,2008,1
2008-01-12,303.73438,292.2694,297.4358575,290.47110125,0.0,24,30.58438000000001,19.11940000000004,24.28585750000002,17.321101250000027,65.11253333524432,0.0,0,0,2008,1
2008-01-13,303.52856,292.8117,297.52603416666665,291.47615041666666,0.0,24,30.37856000000005,19.661699999999996,24.37603416666667,18.326150416666678,68.99485802522368,0.0,0,0,2008,1
2008-01-14,304.36148,292.10034,298.00322083333333,291.42456250000004,0.0,24,31.211479999999995,18.95034000000004,24.853220833333353,18.27456250000006,66.83533092259492,0.0,0,0,2008,1
2008-01-15,305.47824,293.11456,298.6110291666667,291.73428041666665,0.0,24,32.32824000000005,19.964560000000006,25.46102916666672,18.584280416666672,65.72126034190373,0.0,0,0,2008,1
2008-01-16,306.11612,293.54095,299.16416125,291.17943291666666,0.0,24,32.966120000000046,20.390950000000032,26.01416125000003,18.02943291666668,61.4215799122099,0.0,0,0,2008,1
2008-01-17,304.17618,294.51636,298.94166,291.294355,0.0,24,31.02618000000001,21.366360000000043,25.791660000000036,18.14435500000002,62.68849617319789,0.0,0,0,2008,1
2008-01-18,301.83295,293.28986,297.00411,290.5224616666667,0.0,24,28.682950000000005,20.13986,23.85411000000005,17.37246166666671,67.04151834086724,0.0,0,0,2008,1
2008-01-19,300.442,291.52454,295.2765904166667,289.5961125,0.0,24,27.29200000000003,18.374540000000025,22.126590416666716,16.446112500000027,70.1896561447345,0.0,0,0,2008,1
2008-01-20,300.61627,291.52832,295.129105,286.12388208333334,0.0,24,27.46627000000001,18.37832000000003,21.979105000000004,12.973882083333365,56.605844475193095,0.0,0,0,2008,1
2008-01-21,299.7743,290.86615,294.74741666666665,287.30366083333337,0.0,24,26.624300000000005,17.716150000000027,21.597416666666675,14.15366083333339,62.568637379759046,0.0,0,0,2008,1
2008-01-22,299.888,291.5772,294.82689625,288.57375958333336,0.0,24,26.738,18.427200000000028,21.676896250000027,15.423759583333378,67.5801820413447,0.0,0,0,2008,1
2008-01-23,299.33807,290.76855,294.56147208333334,285.5042325,0.0,24,26.18807000000004,17.618550000000027,21.411472083333365,12.354232500000023,56.272710373820715,0.0,0,0,2008,1
2008-01-24,299.6624,289.1668,293.82314875000003,284.69339916666667,0.0,24,26.512400000000014,16.016800000000046,20.673148750000053,11.543399166666688,55.820390412225755,0.0,0,0,2008,1
2008-01-25,299.88593,289.49872,293.99357875,283.0888391666667,0.0,24,26.735929999999996,16.348720000000014,20.843578750000006,9.938839166666696,49.64165368292288,0.0,0,0,2008,1
2008-01-26,298.61774,288.74622,293.52063333333336,280.5704366666667,0.0,24,25.46774000000005,15.596220000000017,20.370633333333387,7.420436666666717,43.103783075051936,0.0,0,0,2008,1
2008-01-27,298.61218,287.51517,292.84277291666666,281.9475075,0.0,24,25.462180000000046,14.365170000000035,19.692772916666684,8.797507499999995,49.362939009271884,0.0,0,0,2008,1
2008-01-28,301.69983,287.7052,294.4568725,285.06597916666664,0.0,24,28.549830000000043,14.555200000000013,21.306872499999997,11.91597916666666,55.02404873386875,0.0,0,0,2008,1
2008-01-29,301.59866,291.17892,295.70852833333333,286.2627558333333,0.0,24,28.448660000000018,18.028920000000028,22.558528333333356,13.112755833333324,55.14109617372711,0.0,0,0,2008,1
2008-01-30,298.6045,290.7852,294.83156875000003,289.2555404166667,0.00011396408116000001,24,25.454499999999996,17.635199999999998,21.681568750000054,16.105540416666713,70.57456815685677,0.11396408116000001,0,0,2008,1
2008-01-31,299.15533,289.07947,293.6535575,284.68741125,0.0,24,26.005330000000015,15.929470000000038,20.5035575,11.537411250000048,56.385145943234924,0.0,0,0,2008,1
2008-02-01,301.13287,287.73102,294.03183458333336,284.50153875,0.0,24,27.982870000000048,14.581020000000024,20.881834583333386,11.351538750000032,54.41188967582928,0.0,0,0,2008,2
2008-02-02,300.13214,289.92606,294.92742791666666,286.29241083333335,0.0,24,26.982140000000015,16.77606000000003,21.77742791666668,13.142410833333372,57.942435914088826,0.0,0,0,2008,2
2008-02-03,298.32953,291.38275,294.916415,289.30208125,9.775161469999999e-05,24,25.17953,18.23275000000001,21.766414999999995,16.152081250000037,70.41813901467997,0.09775161469999999,0,0,2008,2
2008-02-04,297.15704,290.27054,293.4982733333333,284.2697270833333,0.0,24,24.007040000000018,17.120540000000005,20.34827333333334,11.119727083333316,55.37468414591647,0.0,0,0,2008,2
2008-02-05,296.8318,288.5122,292.42335541666665,282.20115,0.0,24,23.68180000000001,15.36220000000003,19.273355416666675,9.051150000000007,51.54321775735597,0.0,0,0,2008,2
2008-02-06,298.4797,287.8362,292.9199745833333,282.46042916666664,0.0,24,25.329700000000003,14.686200000000042,19.76997458333335,9.310429166666665,50.85641365160346,0.0,0,0,2008,2
2008-02-07,295.39258,289.29987,291.72508,285.16190083333333,0.0,24,22.242580000000032,16.14987000000002,18.575080000000014,12.011900833333357,65.59248567234432,0.0,0,0,2008,2
2008-02-08,295.63434,286.30658,290.99121958333336,279.80624875,0.0,24,22.48434000000003,13.15658000000002,17.841219583333384,6.656248750000032,47.896669661696144,0.0,0,0,2008,2
2008-02-09,299.42715,286.51767,292.9965154166667,281.443485,0.0,24,26.277150000000006,13.367670000000032,19.846515416666705,8.293485000000032,47.25312399246076,0.0,0,0,2008,2
2008-02-10,300.55713,289.20178,294.71835458333334,284.49896958333335,0.0,24,27.407129999999995,16.051780000000008,21.56835458333336,11.348969583333371,52.15720505851956,0.0,0,0,2008,2
2008-02-11,301.22937,290.85114,295.87092,286.6387316666667,0.0,24,28.07937000000004,17.70114000000001,22.720920000000035,13.488731666666695,55.955738307483834,0.0,0,0,2008,2
2008-02-12,302.97372,290.74545,296.89688541666663,287.6730054166667,0.0,24,29.823720000000037,17.595450000000028,23.746885416666657,14.523005416666706,56.239917859401224,0.0,0,0,2008,2
2008-02-13,302.41022,291.96332,296.83549125,290.00861875,0.0,24,29.260220000000004,18.813320000000033,23.68549125000004,16.858618750000005,65.55683298291211,0.0,0,0,2008,2
2008-02-14,302.8588,291.8587,297.0916466666667,291.0455445833333,0.0,24,29.708799999999997,18.70870000000002,23.941646666666713,17.895544583333333,68.92710761815285,0.0,0,0,2008,2
2008-02-15,304.2115,293.4723,298.259615,290.07030041666667,0.0,24,31.061500000000024,20.32230000000004,25.10961500000002,16.92030041666669,60.428032000841306,0.0,0,0,2008,2
2008-02-16,303.302,294.1822,298.09848375,290.27858958333337,0.0,24,30.152000000000044,21.032200000000046,24.948483750000037,17.128589583333394,61.82276927593469,0.0,0,0,2008,2
2008-02-17,303.3476,293.05392,297.45375041666665,288.4703729166667,0.0,24,30.197600000000023,19.903920000000028,24.303750416666674,15.320372916666713,57.25542002182737,0.0,0,0,2008,2
2008-02-18,303.39978,291.88293,297.2000625,287.39690833333333,0.0,24,30.249780000000044,18.73293000000001,24.050062500000024,14.246908333333351,54.24551969505726,0.0,0,0,2008,2
2008-02-19,303.10336,292.51422,297.03954208333334,289.82204916666666,0.0,24,29.953360000000032,19.364220000000046,23.889542083333367,16.67204916666668,63.993259062118916,0.0,0,0,2008,2
2008-02-20,302.30164,292.9568,297.30999291666666,292.18703958333333,0.0,24,29.151640000000043,19.80680000000001,24.15999291666668,19.037039583333353,73.07554497408971,0.0,0,0,2008,2
2008-02-21,303.38025,293.59393,298.03075083333334,290.9779875,0.0,24,30.230250000000012,20.443930000000023,24.880750833333366,17.827987500000006,64.87740643554648,0.0,0,0,2008,2
2008-02-22,303.58636,294.16827,298.12144625,289.44559083333337,0.0,24,30.436360000000036,21.01827000000003,24.971446250000042,16.295590833333392,58.55508418856068,0.0,0,0,2008,2
2008-02-23,302.33102,293.67563,297.5157070833333,290.40721583333334,0.0,24,29.181020000000046,20.525630000000035,24.365707083333348,17.257215833333362,64.5400372534713,0.0,0,0,2008,2
2008-02-24,301.98633,292.48285,296.69653458333335,291.09458375,4.7683716e-07,24,28.836330000000032,19.332850000000008,23.54653458333337,17.94458375000005,70.80576594303149,0.00047683716000000004,0,0,2008,2
2008-02-25,302.82886,293.00732,297.06222333333335,288.00318875,0.0,24,29.678860000000043,19.857320000000016,23.912223333333372,14.853188750000015,56.882294596018795,0.0,0,0,2008,2
2008-02-26,305.1756,291.60706,298.01950375,287.1569775,0.0,24,32.0256,18.457060000000013,24.869503750000035,14.006977500000005,50.84911447390895,0.0,0,0,2008,2
2008-02-27,305.87537,292.72058,299.0857541666667,286.94250166666666,0.0,24,32.72537,19.570580000000007,25.935754166666698,13.79250166666668,47.0630463168008,0.0,0,0,2008,2
2008-02-28,307.0324,292.6574,299.33195541666663,287.14812166666667,0.0,24,33.88240000000002,19.50740000000002,26.181955416666653,13.998121666666691,47.0054268071362,0.0,0,0,2008,2
2008-02-29,305.7674,293.62427,299.70738375,287.78283749999997,0.0,24,32.61740000000003,20.474270000000047,26.557383750000042,14.632837499999994,47.90259888539599,0.0,0,0,2008,2
2008-03-01,304.83948,295.21082,299.6043545833333,288.75622833333335,0.0,24,31.689480000000003,22.060820000000035,26.454354583333327,15.606228333333377,51.3091323754183,0.0,0,0,2008,3
2008-03-02,304.95068,294.615,299.0582845833333,288.3554825,0.0,24,31.80068,21.465000000000032,25.90828458333334,15.205482500000016,51.64801389306022,0.0,0,0,2008,3
2008-03-03,304.41846,294.01788,298.57891875,289.6042175,0.0,24,31.268460000000005,20.867880000000014,25.428918750000037,16.454217500000027,57.55906039862429,0.0,0,0,2008,3
2008-03-04,304.39862,293.78625,298.6466425,291.89456666666666,0.0,24,31.248620000000017,20.636250000000018,25.496642500000007,18.744566666666685,66.2435945977523,0.0,0,0,2008,3
2008-03-05,303.97556,294.71808,298.80537166666664,292.0059954166667,0.0,24,30.825559999999996,21.56808000000001,25.655371666666667,18.8559954166667,66.08054475836396,0.0,0,0,2008,3
2008-03-06,305.48944,293.906,299.4276120833334,291.6264120833333,0.0,24,32.339440000000025,20.75600000000003,26.277612083333395,18.476412083333344,62.192911542411444,0.0,0,0,2008,3
2008-03-07,306.36432,295.7877,300.63394375,290.6301625,0.0,24,33.21432000000004,22.637699999999995,27.483943750000037,17.480162500000006,54.4099361254321,0.0,0,0,2008,3
2008-03-08,306.96527,295.56238,301.05804541666663,289.37689625,0.0,24,33.81527,22.41238000000004,27.908045416666653,16.22689625000004,49.0177983798849,0.0,0,0,2008,3
2008-03-09,307.39386,295.5622,300.540465,290.16625208333335,0.0,24,34.24386000000004,22.41220000000004,27.390465000000006,17.01625208333337,53.12607449595734,0.0,0,0,2008,3
2008-03-10,303.4521,295.2694,299.076815,294.1835516666667,0.0,24,30.302099999999996,22.11940000000004,25.926815000000033,21.03355166666671,74.42328056565711,0.0,0,0,2008,3
2008-03-11,303.2104,295.82172,299.10655833333334,294.70126750000003,0.0,24,30.060400000000016,22.67172000000005,25.956558333333362,21.55126750000005,76.69035632896505,0.0,0,0,2008,3
2008-03-12,303.04486,296.04553,299.3505445833334,294.28564166666666,0.0,24,29.89486000000005,22.895530000000008,26.200544583333397,21.135641666666686,73.6876535394916,0.0,0,0,2008,3
2008-03-13,303.48615,295.56235,298.96666708333333,294.05684,0.0,24,30.336150000000032,22.412350000000004,25.816667083333357,20.906840000000045,74.32932362368899,0.0,0,0,2008,3
2008-03-14,302.95502,295.0345,298.97381125,294.7381633333333,0.0,24,29.805020000000013,21.884500000000003,25.823811250000006,21.58816333333334,77.47116238700545,0.0,0,0,2008,3
2008-03-15,305.80225,295.83353,300.49982083333333,292.8977141666667,0.0,24,32.65225000000004,22.68353000000002,27.349820833333354,19.747714166666697,63.20730863351699,0.0,0,0,2008,3
2008-03-16,306.46375,296.04492,300.95213541666664,289.9307975,0.0,24,33.31375000000003,22.894920000000013,27.80213541666666,16.780797500000006,51.09190942173784,0.0,0,0,2008,3
2008-03-17,307.578,296.44876,301.9932641666667,291.09864791666666,0.0,24,34.428,23.298760000000016,28.8432641666667,17.948647916666687,51.77145950094119,0.0,0,0,2008,3
2008-03-18,306.68317,297.5923,301.85915166666666,291.16384166666666,0.0,24,33.53317000000004,24.442300000000046,28.709151666666685,18.01384166666668,52.390502345892884,0.0,0,0,2008,3
2008-03-19,305.00525,296.482,300.1097179166667,292.1020066666667,0.0,24,31.855250000000012,23.33200000000005,26.959717916666705,18.952006666666705,61.545670453286775,0.0,0,0,2008,3
2008-03-20,304.50385,294.82053,299.18966875,292.37006708333337,0.0,24,31.353850000000023,21.670530000000042,26.039668750000033,19.22006708333339,66.07625532021326,0.0,0,0,2008,3
2008-03-21,305.523,296.20367,300.3087658333333,294.32348375,0.0,24,32.37300000000005,23.05367000000001,27.158765833333348,21.173483750000003,69.8031773334721,0.0,0,0,2008,3
2008-03-22,304.42712,297.60358,300.5028016666667,295.36316416666665,7.1525573999999996e-06,24,31.277120000000025,24.453580000000045,27.35280166666672,22.213164166666672,73.54512525110181,0.0071525574,0,0,2008,3
2008-03-23,304.1364,298.6576,300.9877725,295.81079041666663,0.0,24,30.986400000000003,25.507600000000025,27.83777250000003,22.660790416666657,73.4598730581367,0.0,0,0,2008,3
2008-03-24,303.56534,297.9653,300.34268291666666,294.93864083333335,0.0,24,30.415340000000015,24.815300000000036,27.192682916666683,21.788640833333375,72.34044953794412,0.0,0,0,2008,3
2008-03-25,304.27118,296.2473,300.07822458333334,294.4876175,1.9073486e-06,24,31.121180000000038,23.09730000000002,26.92822458333336,21.33761750000002,71.47206657870439,0.0019073486,0,0,2008,3
2008-03-26,303.73462,297.19067,300.08826916666663,294.17523875,0.0,24,30.58462000000003,24.040670000000034,26.938269166666657,21.025238750000028,70.07249713542662,0.0,0,0,2008,3
2008-03-27,304.29025,297.75995,300.42485166666665,294.40864500000004,4.2915344e-06,24,31.140250000000037,24.609950000000026,27.274851666666677,21.258645000000058,69.69253564430237,0.0042915344,0,0,2008,3
2008-03-28,304.1817,296.85638,300.4046916666667,295.21987375,0.0,24,31.0317,23.706380000000024,27.2546916666667,22.06987375,73.32623413067066,0.0,0,0,2008,3
2008-03-29,304.27405,297.32373,300.66327083333334,295.25543625,0.0,24,31.12405000000001,24.173730000000035,27.513270833333365,22.105436250000025,72.37967284310197,0.0,0,0,2008,3
2008-03-30,305.25116,298.16837,301.11296791666666,293.03304583333335,0.0,24,32.10116000000005,25.018370000000004,27.962967916666685,19.88304583333337,61.49386140919648,0.0,0,0,2008,3
2008-03-31,303.14093,295.86304,299.56924125,292.1524279166667,0.0,24,29.99093000000005,22.713040000000035,26.419241250000027,19.002427916666704,63.73815375369673,0.0,0,0,2008,3
2008-04-01,302.17554,294.66882,298.64898791666667,291.85712,0.0,24,29.025540000000035,21.518820000000005,25.498987916666692,18.70712000000003,66.07934223496133,0.0,0,0,2008,4
2008-04-02,302.0709,294.75006,298.41011499999996,291.58378875,1.3351440359999999e-05,24,28.920900000000017,21.600060000000042,25.260114999999985,18.43378875000002,65.8875258911136,0.01335144036,0,0,2008,4
2008-04-03,302.8244,295.10138,298.79880625,291.5030429166667,0.0,24,29.67440000000005,21.95138000000003,25.648806250000007,18.35304291666671,64.05640842228053,0.0,0,0,2008,4
2008-04-04,302.84692,296.25046,299.35387208333333,293.22883291666665,3.3378600600000002e-06,24,29.696920000000034,23.100459999999998,26.20387208333335,20.07883291666667,69.02367940974422,0.0033378600600000004,0,0,2008,4
2008-04-05,303.1465,296.1719,299.6380120833333,293.6288825,4.7683716e-07,24,29.996500000000026,23.021900000000016,26.48801208333333,20.478882499999997,69.57452440902563,0.00047683716000000004,0,0,2008,4
2008-04-06,305.44147,296.4737,300.67312541666666,294.5411041666667,0.0,24,32.291470000000004,23.32370000000003,27.523125416666687,21.391104166666707,69.24585805008584,0.0,0,0,2008,4
2008-04-07,306.2437,297.34692,301.73167458333336,295.13013041666665,8.583069e-06,24,33.09370000000001,24.196920000000034,28.58167458333338,21.98013041666667,67.48716201671995,0.008583068999999999,0,0,2008,4
2008-04-08,305.5005,298.00043,301.5467208333333,295.53049208333334,0.0,24,32.35050000000001,24.850430000000017,28.396720833333347,22.380492083333365,69.90232910761969,0.0,0,0,2008,4
2008-04-09,306.74945,298.17358,302.10227333333336,295.04978375,1.2397766e-05,24,33.59945000000005,25.023580000000038,28.95227333333338,21.89978375000004,65.72769913783144,0.012397766000000001,0,0,2008,4
2008-04-10,307.2868,298.57446,302.5742275,294.30686125,0.0,24,34.13680000000005,25.42446000000001,29.42422750000003,21.15686125000002,61.111669178740684,0.0,0,0,2008,4
2008-04-11,307.84448,298.331,303.1205054166667,293.36847,0.0,24,34.69448,25.18100000000004,29.970505416666697,20.218470000000025,55.888694328347135,0.0,0,0,2008,4
2008-04-12,307.2403,298.7851,302.65893958333334,294.12040083333335,0.0,24,34.09030000000001,25.635100000000023,29.50893958333336,20.970400833333372,60.120391014591156,0.0,0,0,2008,4
2008-04-13,305.89288,298.20856,301.65462125,296.55583416666667,0.0,24,32.742880000000014,25.05856,28.504621250000014,23.405834166666693,73.920379985866,0.0,0,0,2008,4
2008-04-14,307.02386,298.10452,302.19986291666663,295.54355125,0.0,24,33.873860000000036,24.954520000000002,29.049862916666655,22.39355125000003,67.35462634414293,0.0,0,0,2008,4
2008-04-15,306.4834,298.68005,301.97983500000004,295.49648333333334,0.0,24,33.33340000000004,25.530050000000017,28.82983500000006,22.346483333333367,68.02405313104748,0.0,0,0,2008,4
2008-04-16,304.9286,297.0376,300.99941375,296.0975470833333,0.0,24,31.77860000000004,23.88760000000002,27.849413749999997,22.947547083333347,74.69825825399917,0.0,0,0,2008,4
2008-04-17,305.27914,297.3834,301.36022916666667,296.5046725,0.0,24,32.12914000000001,24.233400000000017,28.210229166666693,23.35467250000005,74.96615122075478,0.0,0,0,2008,4
2008-04-18,305.28442,297.6922,301.43747375000004,296.1559370833333,0.0,24,32.134420000000034,24.542200000000037,28.28747375000006,23.005937083333322,73.07144794070713,0.0,0,0,2008,4
2008-04-19,303.99728,297.7303,300.72451916666665,295.62949875,0.0,24,30.847280000000012,24.580300000000022,27.574519166666676,22.479498750000005,73.7824193026071,0.0,0,0,2008,4
2008-04-20,305.68167,296.80762,301.40968416666664,295.18926,0.0,24,32.53167000000002,23.65762000000001,28.25968416666666,22.039260000000013,69.0121841866368,0.0,0,0,2008,4
2008-04-21,307.45935,297.89667,302.62315,294.7176979166667,0.0,24,34.309349999999995,24.746669999999995,29.473150000000032,21.567697916666702,62.49429932559969,0.0,0,0,2008,4
2008-04-22,307.77222,298.01703,303.07173625,295.08062583333333,0.0,24,34.62222000000003,24.86703,29.921736250000038,21.93062583333335,62.2656544046597,0.0,0,0,2008,4
2008-04-23,307.72516,298.7579,303.43191625000003,294.61361958333333,0.0,24,34.57516000000004,25.60790000000003,30.28191625000005,21.463619583333355,59.272001130727766,0.0,0,0,2008,4
2008-04-24,306.5901,298.88983,303.16489416666667,294.42024166666664,0.0,24,33.44010000000003,25.73983000000004,30.014894166666693,21.270241666666664,59.478773733473446,0.0,0,0,2008,4
2008-04-25,304.9223,300.05615,302.0940708333333,297.05410416666666,0.0,24,31.77230000000003,26.906150000000025,28.944070833333342,23.904104166666684,74.25551533365578,0.0,0,0,2008,4
2008-04-26,305.01175,299.79248,301.95717125,297.52427166666666,0.0,24,31.86175000000003,26.642480000000035,28.80717125000001,24.374271666666687,76.99136605979788,0.0,0,0,2008,4
2008-04-27,304.68732,298.82678,301.7891191666667,297.4025495833333,4.7683716e-06,24,31.537320000000022,25.676780000000008,28.639119166666717,24.252549583333348,77.18063672689401,0.004768371600000001,0,0,2008,4
2008-04-28,304.27148,300.1622,301.97061375,297.23723375000003,2.2888183619999998e-05,24,31.12148000000002,27.012200000000007,28.820613750000007,24.087233750000053,75.61718658658218,0.02288818362,0,0,2008,4
2008-04-29,304.05762,298.7763,301.49110375000004,296.51582375000004,0.0,24,30.90762000000001,25.626300000000015,28.34110375000006,23.36582375000006,74.44694055032764,0.0,0,0,2008,4
2008-04-30,303.99646,298.80328,301.48464416666667,296.83144458333334,4.2915344e-06,24,30.846460000000036,25.653279999999995,28.334644166666692,23.68144458333336,75.90698410766251,0.0042915344,0,0,2008,4
2008-05-01,305.1115,298.98895,301.92208625,297.750925,4.76837152e-06,24,31.9615,25.83895000000001,28.77208625000003,24.600925000000018,78.20302913916619,0.00476837152,0,0,2008,5
2008-05-02,304.20258,299.53452,301.51708,297.12351958333335,4.29153448e-06,24,31.052580000000034,26.38452000000001,28.367080000000044,23.97351958333337,77.10786554891507,0.00429153448,0,0,2008,5
2008-05-03,303.8249,298.51746,301.17292249999997,296.152975,3.337860096e-05,24,30.674900000000036,25.36746000000005,28.022922499999993,23.00297500000005,74.19395658404355,0.033378600960000004,0,0,2008,5
2008-05-04,303.91318,299.02225,301.40874375,296.05304,1.9073486599999998e-05,24,30.763180000000034,25.872250000000008,28.258743750000008,22.903040000000033,72.73884214108541,0.019073486599999998,0,0,2008,5
2008-05-05,303.75214,299.10446,301.55634791666665,296.09225208333334,6.389617986e-05,24,30.60214000000002,25.95446000000004,28.406347916666675,22.942252083333358,72.28796985965178,0.06389617986,0,0,2008,5
2008-05-06,304.10184,299.9815,302.08329791666665,295.6362608333333,8.58306886e-06,24,30.951840000000004,26.831500000000005,28.933297916666675,22.486260833333347,68.19466534282981,0.008583068860000001,0,0,2008,5
2008-05-07,304.48074,299.63293,302.04291416666666,295.827725,0.0001344680779,24,31.33074000000005,26.48293000000001,28.892914166666685,22.67772500000001,69.15452455412495,0.1344680779,0,0,2008,5
2008-05-08,304.92383,299.76498,302.12021708333333,295.8026829166667,6.24656678e-05,24,31.773830000000032,26.614980000000003,28.970217083333353,22.65268291666672,68.74067891982543,0.0624656678,0,0,2008,5
2008-05-09,304.6468,300.03986,302.01630083333333,296.14838333333336,0.0001459121714,24,31.496800000000007,26.88986,28.866300833333355,22.99838333333338,70.6216363068284,0.1459121714,0,0,2008,5
2008-05-10,304.6841,299.80518,301.91003166666667,296.71923791666666,0.0004391670253,24,31.534100000000024,26.65518000000003,28.76003166666669,23.56923791666668,73.55345337996569,0.4391670253,0,0,2008,5
2008-05-11,304.292,299.7561,301.9494145833333,296.43217208333334,0.00011968612596,24,31.141999999999996,26.606100000000026,28.799414583333316,23.282172083333364,72.1243154446216,0.11968612596,0,0,2008,5
2008-05-12,304.24847,299.98035,302.01045958333333,295.81563750000004,2.622604396e-05,24,31.09847000000002,26.83035000000001,28.860459583333352,22.66563750000006,69.23396904436358,0.02622604396,0,0,2008,5
2008-05-13,304.54932,299.3363,302.05147125,295.70449125,1.764297456e-05,24,31.399320000000046,26.186300000000017,28.901471250000043,22.554491250000012,68.60463022794535,0.01764297456,0,0,2008,5
2008-05-14,304.4743,299.78784,302.0602979166667,295.9620525,1.478195202e-05,24,31.32430000000005,26.63784000000004,28.910297916666707,22.81205250000005,69.65042996163321,0.014781952020000001,0,0,2008,5
2008-05-15,304.48187,300.43536,302.36987041666663,295.69293583333337,2.86102296e-05,24,31.331870000000038,27.285360000000026,29.21987041666665,22.542935833333388,67.30380304131033,0.028610229600000002,0,0,2008,5
2008-05-16,304.9721,300.62042,302.685805,296.0471558333333,3.433227502e-05,24,31.822100000000034,27.470420000000047,29.53580500000004,22.89715583333333,67.52281450426358,0.034332275020000004,0,0,2008,5
2008-05-17,304.87277,301.03296,302.8772208333333,296.8432745833333,0.0004119873044,24,31.722770000000025,27.882960000000026,29.72722083333332,23.693274583333334,70.0738111660554,0.4119873044,0,0,2008,5
2008-05-18,304.9057,300.79752,302.90661166666666,297.39811208333333,0.0010318756241,24,31.755700000000047,27.647520000000043,29.756611666666686,24.248112083333353,72.32897747459936,1.0318756241,1,0,2008,5
2008-05-19,305.17273,300.84003,302.95207750000003,298.104425,0.002244949327,24,32.022730000000024,27.690030000000036,29.802077500000053,24.954425000000015,75.25523583788579,2.244949327,1,0,2008,5
2008-05-20,304.9632,300.34515,302.7760108333333,298.4151391666667,0.0015478134092,24,31.813199999999995,27.195150000000012,29.62601083333334,25.2651391666667,77.44462300282528,1.5478134092,1,0,2008,5
2008-05-21,305.69397,300.82516,303.02332916666666,297.82325041666667,0.0009851455659,24,32.54397,27.675160000000005,29.87332916666668,24.67325041666669,73.69815014815633,0.9851455659,0,0,2008,5
2008-05-22,305.05078,300.5771,302.75203416666665,298.01287541666665,0.0017027854944,24,31.900779999999997,27.427099999999996,29.60203416666667,24.862875416666668,75.7129723301557,1.7027854944,1,0,2008,5
2008-05-23,306.51923,300.791,303.29127875,297.5446258333333,0.0001339912391,24,33.369230000000016,27.64100000000002,30.141278750000026,24.39462583333335,71.37010577839568,0.1339912391,0,0,2008,5
2008-05-24,305.94373,301.1087,303.13712541666666,297.9670004166667,0.0006265640196,24,32.79373000000004,27.95870000000002,29.987125416666686,24.8170004166667,73.8491454550176,0.6265640196000001,0,0,2008,5
2008-05-25,305.9892,301.04462,303.25426375,297.70423875,0.00015258788836000002,24,32.839200000000005,27.89462000000003,30.10426375000003,24.554238750000025,72.20936867626338,0.15258788836,0,0,2008,5
2008-05-26,306.15216,301.16382,303.39914916666663,298.1796679166667,0.0002169609083,24,33.00216,28.01382000000001,30.249149166666655,25.02966791666671,73.67514897276442,0.2169609083,0,0,2008,5
2008-05-27,306.77405,301.27795,303.4323225,298.74130125,0.00064659118226,24,33.62405000000001,28.12795,30.28232250000002,25.591301250000015,76.03573589355454,0.64659118226,0,0,2008,5
2008-05-28,306.38098,301.1588,303.6139191666667,298.62140041666663,0.00042390823026,24,33.230980000000045,28.008800000000008,30.4639191666667,25.471400416666654,74.71333949470898,0.42390823026,0,0,2008,5
2008-05-29,306.00037,301.0171,303.4247825,298.25843249999997,0.0005135536119,24,32.85037,27.86710000000005,30.274782500000015,25.108432499999992,73.91327043601508,0.5135536119,0,0,2008,5
2008-05-30,305.82227,301.43744,303.5022975,297.9822129166667,0.00058841705686,24,32.672270000000026,28.287440000000004,30.35229750000002,24.83221291666672,72.38179265036841,0.58841705686,0,0,2008,5
2008-05-31,305.83856,301.6811,303.7086683333333,297.60052708333336,0.00023984909116,24,32.688559999999995,28.531100000000038,30.558668333333344,24.450527083333384,69.91517840472127,0.23984909116,0,0,2008,5
2008-06-01,305.96182,301.65173,303.6283291666667,297.32195416666667,0.00013399124026000002,24,32.81182000000001,28.50173000000001,30.478329166666697,24.171954166666694,69.07375669369625,0.13399124026,0,0,2008,6
2008-06-02,305.6161,301.50565,303.4111525,296.9823308333334,9.48905954e-05,24,32.46610000000004,28.355650000000026,30.261152500000037,23.8323308333334,68.52592534542978,0.0948905954,0,0,2008,6
2008-06-03,306.3697,300.50095,303.0048,296.88711916666665,0.00017642974952,24,33.219700000000046,27.35095000000001,29.85480000000001,23.737119166666673,69.7447043284989,0.17642974951999998,0,0,2008,6
2008-06-04,305.1103,300.81366,302.5690925,298.04164125,0.0024213791186599998,24,31.960300000000018,27.66366000000005,29.419092500000033,24.89164125000002,76.64838344896414,2.42137911866,1,0,2008,6
2008-06-05,305.33173,299.90967,302.32822791666666,297.51985125000004,0.0097556114828,24,32.181730000000016,26.75967000000003,29.178227916666685,24.369851250000067,75.33364537361848,9.755611482800001,1,0,2008,6
2008-06-06,303.00513,299.49164,300.73861875,297.7106533333333,0.0246558188125,24,29.85513000000003,26.34164000000004,27.588618750000023,24.560653333333335,83.5868294073342,24.6558188125,1,0,2008,6
2008-06-07,301.5988,299.0572,299.8986879166667,297.9992520833333,0.065780163,24,28.448800000000006,25.907200000000046,26.74868791666671,24.84925208333334,89.34250807095228,65.780163,1,1,2008,6
2008-06-08,300.52545,299.0001,299.7592016666667,297.785585,0.0927386292,24,27.37545,25.850099999999998,26.609201666666706,24.63558500000005,88.93648333581548,92.7386292,1,1,2008,6
2008-06-09,300.97205,299.18396,300.1392154166667,298.10469916666665,0.03139257426,24,27.822050000000047,26.033960000000036,26.989215416666696,24.95469916666667,88.64306734579286,31.39257426,1,0,2008,6
2008-06-10,301.2803,299.13232,300.0616225,298.0735875,0.01967239392,24,28.130300000000034,25.982320000000016,26.91162250000002,24.923587499999996,88.88332444159188,19.67239392,1,0,2008,6
2008-06-11,301.65607,299.22443,300.12351041666665,298.06723708333334,0.01246643061,24,28.506070000000022,26.074430000000007,26.97351041666667,24.91723708333336,88.52673185642867,12.466430610000002,1,0,2008,6
2008-06-12,302.2397,298.86017,300.53501291666663,298.3092825,0.02747344985,24,29.08970000000005,25.710170000000005,27.385012916666653,25.159282500000018,87.67008040156956,27.47344985,1,0,2008,6
2008-06-13,302.425,299.1671,300.45944625,297.8075420833333,0.007502079021,24,29.275000000000034,26.017100000000028,27.309446250000008,24.65754208333334,85.45990131450232,7.502079021,1,0,2008,6
2008-06-14,301.9979,299.30746,300.55997958333336,298.0722075,0.02007102952,24,28.84790000000004,26.157460000000015,27.40997958333338,24.922207500000013,86.31228431122116,20.07102952,1,0,2008,6
2008-06-15,302.96167,300.38202,301.7055579166667,298.51547416666665,0.006551742584,24,29.81167000000005,27.232020000000034,28.555557916666714,25.365474166666672,82.89060654461339,6.551742584,1,0,2008,6
2008-06-16,303.5468,301.12378,302.02145041666665,297.8119433333333,0.00863981241,24,30.39680000000004,27.973780000000033,28.871450416666676,24.66194333333334,78.03793932454862,8.63981241,1,0,2008,6
2008-06-17,302.79697,300.70547,301.66185375000003,298.37469791666666,0.00769996646,24,29.64697000000001,27.555470000000014,28.511853750000057,25.224697916666685,82.40773903700696,7.69996646,1,0,2008,6
2008-06-18,302.7856,300.52655,301.60099083333336,297.96765875,0.006728172295,24,29.63560000000001,27.37655000000001,28.45099083333338,24.81765875000002,80.71545857490386,6.728172295,1,0,2008,6
2008-06-19,302.48053,300.23834,301.44572875,298.15088375,0.00534582134,24,29.33053000000001,27.088340000000017,28.295728750000023,25.000883750000014,82.34442331916222,5.3458213400000005,1,0,2008,6
2008-06-20,302.82745,300.32043,301.42902,298.37594541666664,0.00525522234,24,29.67745000000002,27.17043000000001,28.279020000000003,25.22594541666666,83.53827248140358,5.2552223399999995,1,0,2008,6
2008-06-21,302.4579,299.92853,301.15901041666666,298.31677458333337,0.00421619413,24,29.307900000000018,26.778530000000046,28.009010416666683,25.166774583333392,84.56517648654797,4.21619413,1,0,2008,6
2008-06-22,302.1502,299.6148,300.7725204166667,298.2842091666667,0.004549503305,24,29.000200000000007,26.464800000000025,27.622520416666703,25.13420916666672,86.32951540630106,4.549503305,1,0,2008,6
2008-06-23,302.53876,300.06616,301.2069945833333,298.1368504166667,0.004140377038,24,29.388760000000048,26.916160000000048,28.056994583333335,24.986850416666698,83.42851685178108,4.140377038,1,0,2008,6
2008-06-24,302.29675,299.53625,300.67461583333335,298.0704191666667,0.004532814034,24,29.146749999999997,26.386250000000018,27.52461583333337,24.920419166666704,85.72524779280094,4.532814034,1,0,2008,6
2008-06-25,301.73178,299.24033,300.3553925,298.1856741666667,0.005774021164,24,28.581780000000037,26.090329999999994,27.205392500000016,25.035674166666695,87.94820166216427,5.774021164,1,0,2008,6
2008-06-26,302.1687,299.14465,300.30582166666665,298.1579295833333,0.00574636459,24,29.018700000000024,25.994650000000036,27.155821666666668,25.00792958333335,88.05868453505224,5.74636459,1,0,2008,6
2008-06-27,302.78845,298.89313,300.43778875,297.98942625,0.00505447386,24,29.638450000000034,25.743130000000008,27.287788750000004,24.83942625000003,86.50426038818017,5.054473860000001,1,0,2008,6
2008-06-28,301.26074,299.53943,300.24518083333334,298.0116995833333,0.0076551436899999995,24,28.11074000000002,26.389430000000004,27.09518083333336,24.861699583333348,87.60467992277333,7.655143689999999,1,0,2008,6
2008-06-29,300.87146,299.30396,299.97380625,297.96745500000003,0.02903366085,24,27.721460000000036,26.15396000000004,26.82380625000002,24.817455000000052,88.77926441504891,29.03366085,1,0,2008,6
2008-06-30,300.3028,299.1339,299.7321454166667,298.1164054166667,0.05011701566,24,27.152800000000013,25.983900000000006,26.58214541666672,24.966405416666703,90.85744135769703,50.11701566,1,1,2008,6
2008-07-01,300.6192,298.88434,299.57904125,297.78640125,0.02163362496,24,27.4692,25.73434000000003,26.42904125000001,24.636401250000006,89.89147152999502,21.63362496,1,0,2008,7
2008-07-02,300.63104,298.59937,299.3780995833333,297.5490183333333,0.01532411566,24,27.481040000000007,25.449370000000044,26.228099583333346,24.399018333333345,89.68103531978835,15.32411566,1,0,2008,7
2008-07-03,301.0539,298.5699,299.53863375,297.6836495833333,0.0126948356,24,27.90390000000002,25.41990000000004,26.388633749999997,24.53364958333333,89.55366956765316,12.6948356,1,0,2008,7
2008-07-04,300.75848,298.87088,299.64392416666664,297.8685804166667,0.02230215077,24,27.608480000000043,25.720880000000022,26.49392416666666,24.718580416666725,89.98913779566469,22.30215077,1,0,2008,7
2008-07-05,301.67694,299.03275,300.3516,298.01240416666667,0.00545167923,24,28.526940000000025,25.882750000000044,27.20160000000004,24.862404166666693,87.06244213832245,5.45167923,1,0,2008,7
2008-07-06,302.2298,299.7281,300.8831645833333,297.75809583333336,0.006119251255,24,29.079800000000034,26.578100000000006,27.733164583333348,24.60809583333338,83.11854660235906,6.119251255,1,0,2008,7
2008-07-07,302.04776,299.79303,300.8807345833333,297.69127125,0.00463724137,24,28.897760000000005,26.64303000000001,27.730734583333344,24.541271250000023,82.7984266875564,4.63724137,1,0,2008,7
2008-07-08,302.06097,299.43747,300.74879875,297.71047916666663,0.004824638385,24,28.91097000000002,26.28747000000004,27.598798750000014,24.560479166666653,83.53615552410697,4.824638385,1,0,2008,7
2008-07-09,302.3391,299.17737,300.62157083333335,297.84110791666666,0.0058951377699999995,24,29.189099999999996,26.02737000000002,27.471570833333374,24.69110791666668,84.82153470997063,5.89513777,1,0,2008,7
2008-07-10,300.8891,298.94812,299.95344458333335,297.7584595833333,0.00761079786,24,27.739100000000008,25.79812000000004,26.803444583333373,24.608459583333342,87.78160913434657,7.61079786,1,0,2008,7
2008-07-11,301.54178,299.10434,300.14873,297.80765249999996,0.006670951849,24,28.39178000000004,25.954340000000002,26.998730000000023,24.657652499999983,87.03446594562477,6.670951849,1,0,2008,7
2008-07-12,300.98334,298.18924,299.6410045833333,297.66617791666664,0.00827026372,24,27.83334000000002,25.039240000000007,26.491004583333336,24.516177916666663,88.92087325299164,8.27026372,1,0,2008,7
2008-07-13,301.221,298.59308,299.97301708333333,297.9598425,0.00577640531,24,28.071000000000026,25.44308000000001,26.823017083333355,24.809842500000002,88.74300566110526,5.7764053099999995,1,0,2008,7
2008-07-14,301.92075,299.03577,300.2425675,298.0410079166667,0.0035181045499999997,24,28.77075000000002,25.885770000000036,27.09256750000003,24.891007916666695,87.7716707984496,3.51810455,1,0,2008,7
2008-07-15,301.97144,299.17563,300.26082375000004,297.86961041666666,0.0036902427739999998,24,28.821439999999996,26.025630000000035,27.110823750000066,24.719610416666683,86.78395823874497,3.6902427739999997,1,0,2008,7
2008-07-16,301.56427,298.51263,299.99565875,297.7186995833333,0.004204750081,24,28.414270000000045,25.362630000000024,26.84565875000004,24.56869958333334,87.35551744178186,4.204750081,1,0,2008,7
2008-07-17,301.8711,299.06097,300.49565125,297.7139833333333,0.003998279595,24,28.721100000000035,25.91097000000002,27.345651250000003,24.56398333333334,84.80236300762635,3.998279595,1,0,2008,7
2008-07-18,302.16687,299.10178,300.6720529166667,297.87449291666667,0.002930641179,24,29.01687000000004,25.951780000000042,27.522052916666723,24.72449291666669,84.7400781489981,2.930641179,1,0,2008,7
2008-07-19,301.87405,299.4557,300.67943541666665,297.6724875,0.002774715419,24,28.724050000000034,26.3057,27.529435416666672,24.52248750000001,83.68553676203081,2.774715419,1,0,2008,7
2008-07-20,301.18756,298.88953,300.11539666666664,297.79014958333335,0.003611564654,24,28.037560000000042,25.739530000000002,26.965396666666663,24.64014958333337,87.11396572208085,3.611564654,1,0,2008,7
2008-07-21,301.77673,299.02145,300.27417625,297.60464875,0.003164768227,24,28.62673000000001,25.87145000000004,27.124176250000005,24.454648750000047,85.35124041727872,3.164768227,1,0,2008,7
2008-07-22,301.32086,298.77734,300.1855541666667,297.64924708333336,0.002605915062,24,28.170860000000005,25.627340000000004,27.035554166666714,24.499247083333387,86.02649320794718,2.6059150620000002,1,0,2008,7
2008-07-23,302.0854,299.1548,300.1824633333333,297.57566791666665,0.00429725643,24,28.935400000000016,26.004800000000046,27.03246333333334,24.42566791666667,85.66359935235057,4.29725643,1,0,2008,7
2008-07-24,300.6864,299.05078,299.6549733333333,297.63753583333335,0.027887344344,24,27.536400000000015,25.900779999999997,26.50497333333334,24.487535833333368,88.69527811955582,27.887344344,1,0,2008,7
2008-07-25,299.76407,298.59357,299.15299875,297.447585,0.0661721226,24,26.614070000000027,25.443570000000022,26.002998750000017,24.297585000000026,90.33271367230918,66.1721226,1,1,2008,7
2008-07-26,300.27643,298.64944,299.1516933333333,297.53336083333335,0.0886063575,24,27.126430000000028,25.49944000000005,26.00169333333332,24.38336083333337,90.80565491863112,88.6063575,1,1,2008,7
2008-07-27,300.06058,298.78027,299.19309125,297.5013833333333,0.0308523178,24,26.91058000000004,25.630269999999996,26.043091250000032,24.35138333333333,90.40974124412865,30.8523178,1,0,2008,7
2008-07-28,300.18234,298.53308,299.17204875,297.56202,0.0536460873,24,27.032340000000033,25.383080000000007,26.02204875000001,24.41202000000004,90.85219506375377,53.6460873,1,1,2008,7
2008-07-29,300.01202,298.9158,299.3906,297.62648125000004,0.02410125722,24,26.86202000000003,25.765800000000013,26.24060000000003,24.476481250000063,90.03177674368925,24.101257219999997,1,0,2008,7
2008-07-30,300.67114,298.7186,299.5844670833333,297.67877791666666,0.022407054909999998,24,27.521140000000003,25.568600000000004,26.434467083333345,24.528777916666684,89.28552878838389,22.40705491,1,0,2008,7
2008-07-31,301.927,298.5561,300.25492375,297.78657458333333,0.006716251359,24,28.777000000000044,25.406100000000038,27.10492375000001,24.636574583333356,86.38385233716564,6.716251359,1,0,2008,7
2008-08-01,300.7751,298.5415,299.51954625,297.69607041666666,0.01462030411,24,27.62510000000003,25.391500000000008,26.36954625000004,24.54607041666668,89.72141993796737,14.62030411,1,0,2008,8
2008-08-02,299.86975,298.6198,299.00711,297.32817875,0.02207088457,24,26.719750000000033,25.46980000000002,25.857110000000034,24.17817875000003,90.46649645563703,22.07088457,1,0,2008,8
2008-08-03,301.2589,298.43408,299.6046870833333,297.6098875,0.02482032763,24,28.108900000000006,25.284080000000017,26.45468708333334,24.459887500000036,88.81170393065594,24.82032763,1,0,2008,8
2008-08-04,300.38995,298.4679,299.41617333333335,297.48106125,0.01804161072,24,27.23995000000002,25.31790000000001,26.26617333333337,24.331061250000005,89.11546166070077,18.04161072,1,0,2008,8
2008-08-05,300.19696,298.55438,299.08412458333333,297.5454554166667,0.03203964242,24,27.046960000000013,25.404380000000003,25.934124583333357,24.39545541666672,91.23608109191184,32.03964242,1,0,2008,8
2008-08-06,299.1089,298.13855,298.60296708333334,297.07117166666666,0.03381919873,24,25.95890000000003,24.988550000000032,25.452967083333363,23.92117166666668,91.24375954886374,33.81919873,1,0,2008,8
2008-08-07,300.3078,298.31097,299.4078475,297.37583166666667,0.0132656097,24,27.15780000000001,25.16097000000002,26.257847500000025,24.225831666666693,88.59813994776822,13.2656097,1,0,2008,8
2008-08-08,300.257,298.94498,299.40017916666665,297.6168520833333,0.03460597982,24,27.107000000000028,25.79498000000001,26.25017916666667,24.466852083333322,89.92889300026958,34.60597982,1,0,2008,8
2008-08-09,300.10132,299.07175,299.39558166666666,297.63392791666666,0.041299820029999997,24,26.95132000000001,25.92175000000003,26.24558166666668,24.483927916666687,90.0454245388906,41.29982003,1,0,2008,8
2008-08-10,299.44843,298.3457,298.8103970833333,297.2741879166667,0.0623888967,24,26.298429999999996,25.195700000000045,25.66039708333335,24.1241879166667,91.23248637321227,62.388896700000004,1,1,2008,8
2008-08-11,299.75754,298.9684,299.30593916666663,297.50236708333335,0.0767598147,24,26.60754000000003,25.818399999999997,26.155939166666656,24.352367083333377,89.81309550008791,76.75981469999999,1,1,2008,8
2008-08-12,300.51373,298.6582,299.2727004166667,297.66159666666664,0.03902769108,24,27.363730000000032,25.508200000000045,26.122700416666703,24.511596666666662,90.85287066962654,39.027691080000004,1,0,2008,8
2008-08-13,300.05383,298.6176,299.20963958333334,297.72243583333335,0.02963638321,24,26.903830000000028,25.467600000000004,26.059639583333364,24.572435833333373,91.52554070631504,29.636383209999998,1,0,2008,8
2008-08-14,300.51025,298.56097,299.2018725,297.35934333333336,0.031009674299999998,24,27.360250000000008,25.41097000000002,26.0518725,24.20934333333338,89.59585613899958,31.009674299999997,1,0,2008,8
2008-08-15,300.57513,298.5346,299.32334041666667,297.1677104166667,0.00785875325,24,27.425130000000024,25.384600000000034,26.17334041666669,24.017710416666716,87.9357332660172,7.8587532499999995,1,0,2008,8
2008-08-16,300.30496,298.1889,299.17983666666663,297.0230604166666,0.0066013336,24,27.154960000000017,25.038900000000012,26.029836666666654,23.873060416666647,87.91757835209113,6.6013336,1,0,2008,8
2008-08-17,300.4013,298.03552,299.1675295833333,297.15084125,0.00434064866,24,27.251300000000015,24.885520000000042,26.017529583333328,24.000841250000008,88.66061286339784,4.34064866,1,0,2008,8
2008-08-18,301.09467,297.92438,299.45565,296.8944920833333,0.002168178574,24,27.94467000000003,24.774380000000008,26.305650000000014,23.74449208333334,85.82745724551549,2.168178574,1,0,2008,8
2008-08-19,301.2707,298.08148,299.48157541666666,296.78935916666666,0.0029282569719999998,24,28.1207,24.931480000000022,26.33157541666668,23.63935916666668,85.15478339527024,2.928256972,1,0,2008,8
2008-08-20,301.65482,297.95416,299.78939958333336,296.7189054166667,0.0022273063604,24,28.504819999999995,24.804160000000024,26.639399583333386,23.568905416666723,83.26693687405415,2.2273063604,1,0,2008,8
2008-08-21,301.28586,297.98566,299.59535708333334,296.73763041666666,0.0032234192,24,28.135860000000037,24.83566000000002,26.445357083333363,23.587630416666684,84.32092590882448,3.2234192,1,0,2008,8
2008-08-22,301.07202,297.9262,299.47878375,296.9163854166667,0.004357337961,24,27.922020000000032,24.776200000000017,26.328783750000014,23.766385416666708,85.82330454842452,4.357337961,1,0,2008,8
2008-08-23,300.83545,297.55127,299.0741975,296.2958683333333,0.0037574768103,24,27.685450000000003,24.40127000000001,25.924197500000048,23.14586833333334,84.67092889505597,3.7574768103,1,0,2008,8
2008-08-24,301.02588,297.73022,299.4597158333333,296.77344666666664,0.003772497164,24,27.875879999999995,24.580219999999997,26.309715833333314,23.623446666666666,85.18309701975066,3.772497164,1,0,2008,8
2008-08-25,301.51575,297.841,299.79862875,297.04666791666665,0.002912044515,24,28.365750000000048,24.69100000000003,26.64862875,23.896667916666672,84.88140696491884,2.912044515,1,0,2008,8
2008-08-26,301.5632,298.9333,300.0503254166667,297.00325333333336,0.002201080318,24,28.413200000000018,25.783299999999997,26.900325416666703,23.853253333333384,83.41405707910202,2.201080318,1,0,2008,8
2008-08-27,301.95798,298.01825,300.11878541666664,296.8740245833333,0.002220153813,24,28.807980000000043,24.868250000000046,26.968785416666663,23.724024583333346,82.4347003079394,2.220153813,1,0,2008,8
2008-08-28,302.393,298.35056,300.506635,296.8158408333333,0.00100278855042,24,29.242999999999995,25.200559999999996,27.35663500000004,23.665840833333334,80.29605695719553,1.00278855042,1,0,2008,8
2008-08-29,302.98682,298.99353,300.9574733333333,297.08184416666666,6.389618038e-05,24,29.836820000000046,25.843530000000044,27.80747333333335,23.93184416666668,79.46703089929635,0.06389618038,0,0,2008,8
2008-08-30,303.4215,299.28378,301.197225,297.21172041666665,0.00039768219286,24,30.271500000000003,26.13378,28.047225000000026,24.061720416666674,78.97645895643758,0.39768219286,0,0,2008,8
2008-08-31,304.2306,299.34012,301.2520216666667,297.36462958333334,0.0009222030592,24,31.080600000000004,26.190120000000036,28.1020216666667,24.214629583333362,79.45079662041191,0.9222030592,0,0,2008,8
2008-09-01,303.13742,299.38644,301.04943375,297.2953879166667,0.00357866284588,24,29.987420000000043,26.236440000000016,27.899433750000014,24.14538791666672,80.06231025636738,3.57866284588,1,0,2008,9
2008-09-02,303.52765,298.97678,300.96318041666666,298.1797125,0.0042047501385,24,30.377650000000017,25.826780000000042,27.813180416666683,25.029712500000016,84.84165041774114,4.2047501385,1,0,2008,9
2008-09-03,303.5567,298.81555,300.71240916666665,297.75653125,0.00649261476402,24,30.4067,25.665549999999996,27.56240916666667,24.606531250000046,83.94545610810192,6.49261476402,1,0,2008,9
2008-09-04,302.19894,299.23383,300.68132958333337,298.1905620833333,0.005592823106,24,29.048940000000016,26.083830000000034,27.531329583333388,25.040562083333327,86.30828592034302,5.592823106,1,0,2008,9
2008-09-05,302.04684,298.9081,300.02451583333334,297.7328058333333,0.0102043152045,24,28.896839999999997,25.758100000000013,26.874515833333362,24.58280583333334,87.28094045635518,10.2043152045,1,0,2008,9
2008-09-06,301.24506,298.1305,299.50960625,297.1535729166667,0.023664474433,24,28.095060000000046,24.980500000000006,26.359606250000013,24.003572916666712,86.89874194721095,23.664474433,1,0,2008,9
2008-09-07,302.4427,298.5016,300.33746916666666,297.27723041666667,0.0037407875230000003,24,29.292700000000025,25.35160000000002,27.187469166666688,24.12723041666669,83.38035016533345,3.7407875230000003,1,0,2008,9
2008-09-08,302.5821,298.48868,300.14954916666665,297.71540791666666,0.009314537064,24,29.432100000000048,25.33868000000001,26.999549166666668,24.565407916666686,86.55107298069116,9.314537064,1,0,2008,9
2008-09-09,301.58014,297.48056,299.2817079166667,297.4229133333333,0.04630947112,24,28.430139999999994,24.330560000000048,26.1317079166667,24.27291333333335,89.51429757768048,46.30947112,1,0,2008,9
2008-09-10,302.67804,298.2718,299.71963958333333,297.796625,0.03080797212,24,29.528040000000033,25.121800000000007,26.569639583333355,24.64662500000003,89.20316845446109,30.80797212,1,0,2008,9
2008-09-11,301.80676,298.28735,299.6591183333333,297.83781833333336,0.028834819677000002,24,28.65676000000002,25.137350000000026,26.509118333333333,24.687818333333382,89.7431930210435,28.834819677000002,1,0,2008,9
2008-09-12,302.29712,298.89093,300.17886,297.53339708333334,0.00131416320296,24,29.14712000000003,25.74093000000005,27.02886000000001,24.383397083333364,85.46490073086768,1.31416320296,1,0,2008,9
2008-09-13,299.90524,298.95148,299.45243375,297.0390241666667,0.01372241982,24,26.755240000000015,25.801480000000026,26.302433750000034,23.88902416666673,86.59409626902269,13.722419819999999,1,0,2008,9
2008-09-14,300.7022,298.75153,299.38489125,297.35352875,0.09899616241,24,27.552200000000028,25.601530000000025,26.234891250000032,24.203528750000032,88.599782573531,98.99616241000001,1,1,2008,9
2008-09-15,301.68045,298.29242,299.5411491666667,296.35718041666667,0.010342597953,24,28.53045000000003,25.142420000000016,26.391149166666708,23.207180416666688,82.66958057506281,10.342597953,1,0,2008,9
2008-09-16,299.6346,298.1673,298.7612625,296.8863529166667,0.029729366304,24,26.4846,25.017300000000034,25.61126250000001,23.736352916666704,89.38895783218496,29.729366304,1,0,2008,9
2008-09-17,301.36835,298.82736,299.96905541666666,297.73306916666667,0.006275176984,24,28.218350000000044,25.67736000000002,26.819055416666686,24.58306916666669,87.56775439352745,6.275176984,1,0,2008,9
2008-09-18,301.42035,298.63214,299.92242708333333,297.0452966666667,0.004339694925,24,28.270350000000008,25.482140000000015,26.772427083333355,23.895296666666695,84.25746821552973,4.339694925,1,0,2008,9
2008-09-19,300.82715,299.04108,299.63128,297.37466625,0.017218589779999998,24,27.67715000000004,25.891080000000045,26.481280000000027,24.22466625000004,87.43021215086232,17.21858978,1,0,2008,9
2008-09-20,301.12106,298.80786,299.5905325,297.40682375,0.007830142975000001,24,27.971060000000023,25.657860000000028,26.440532500000018,24.256823750000024,87.81011531562173,7.830142975000001,1,0,2008,9
2008-09-21,301.8325,298.45407,299.94951791666665,297.01803708333335,0.0019674301125,24,28.682500000000005,25.304070000000024,26.799517916666673,23.868037083333377,83.98524255905127,1.9674301124999998,1,0,2008,9
2008-09-22,301.9038,298.7578,299.97210083333334,296.71570833333334,0.0024080276488,24,28.753800000000012,25.607799999999997,26.822100833333366,23.56570833333336,82.35950337709224,2.4080276488,1,0,2008,9
2008-09-23,301.28033,297.53906,299.412215,296.3195645833333,0.0010318756136,24,28.130330000000015,24.38906000000003,26.262215000000026,23.16956458333334,83.11255078032234,1.0318756136,1,0,2008,9
2008-09-24,302.61664,296.7403,299.7101520833333,296.18772125000004,5.722045856e-05,24,29.46664000000004,23.590300000000013,26.56015208333332,23.03772125000006,81.01371509305586,0.05722045856,0,0,2008,9
2008-09-25,302.06238,297.4076,299.7430404166667,296.0414104166667,0.00059747695512,24,28.91238000000004,24.257600000000025,26.593040416666724,22.8914104166667,80.14298444820247,0.59747695512,0,0,2008,9
2008-09-26,301.96725,297.83203,299.8620075,295.21742666666665,0.0010123252896,24,28.81725,24.682029999999997,26.712007500000027,22.067426666666677,75.69292412711484,1.0123252896,1,0,2008,9
2008-09-27,302.36282,296.7787,299.58984375,295.17465666666664,6.103515648e-05,24,29.212820000000022,23.628700000000038,26.439843750000023,22.024656666666658,76.71746281449047,0.061035156480000005,0,0,2008,9
2008-09-28,302.6667,297.43872,300.05187666666666,295.12627833333335,0.0001802444452,24,29.516700000000014,24.288720000000012,26.90187666666668,21.97627833333337,74.43610732846498,0.1802444452,0,0,2008,9
2008-09-29,302.8637,296.49628,299.52531791666667,295.20630958333334,0.0,24,29.713700000000017,23.346280000000036,26.37531791666669,22.05630958333336,77.15927783575037,0.0,0,0,2008,9
2008-09-30,302.89377,296.04065,299.242185,295.23312833333335,4.7683716e-07,24,29.74377000000004,22.89065000000005,26.09218500000003,22.083128333333377,78.59057716037351,0.00047683716000000004,0,0,2008,9
2008-10-01,302.7667,295.597,299.3994075,295.64039875,6.19888306e-06,24,29.616700000000037,22.447000000000003,26.249407500000018,22.490398749999997,79.81850775276176,0.00619888306,0,0,2008,10
2008-10-02,302.3271,296.96875,299.5750575,295.54524791666665,1.049041752e-05,24,29.177099999999996,23.818750000000023,26.425057500000037,22.395247916666676,78.5383661395191,0.01049041752,0,0,2008,10
2008-10-03,302.6294,297.99295,300.05273958333333,296.38235625,0.00029182433968,24,29.4794,24.84295000000003,26.902739583333357,23.23235625000001,80.33557285527579,0.29182433968,0,0,2008,10
2008-10-04,303.53748,297.70404,300.18861125,297.28332625,0.00303363792196,24,30.38748000000004,24.554040000000043,27.03861125000003,24.13332625000004,84.14360028849431,3.03363792196,1,0,2008,10
2008-10-05,302.56415,298.12827,299.94581583333337,297.08233624999997,0.00769281383626,24,29.414150000000006,24.97827000000001,26.795815833333393,23.93233624999999,84.32920841485662,7.69281383626,1,0,2008,10
2008-10-06,302.4372,298.0605,300.33065916666663,297.2495125,0.006736755363,24,29.28720000000004,24.910500000000013,27.180659166666658,24.099512500000003,83.27491167793198,6.736755363,1,0,2008,10
2008-10-07,302.50818,298.59097,300.15804291666666,297.19698958333333,0.0037608147354200004,24,29.358180000000004,25.44097000000005,27.008042916666682,24.046989583333357,83.85877929120113,3.7608147354200003,1,0,2008,10
2008-10-08,302.38242,297.47626,300.0796725,297.274135,0.0019340515196,24,29.232420000000047,24.326260000000048,26.929672500000038,24.124135000000024,84.63766929951164,1.9340515195999999,1,0,2008,10
2008-10-09,303.80432,298.08368,300.83153708333333,297.3464666666667,0.00269794464376,24,30.65432000000004,24.933680000000038,27.681537083333353,24.19646666666671,81.3378195979134,2.69794464376,1,0,2008,10
2008-10-10,305.57422,298.34857,301.53632666666664,297.83514833333334,6.91413883e-05,24,32.42422000000005,25.198570000000018,28.386326666666662,24.68514833333336,80.38035318965065,0.06914138830000001,0,0,2008,10
2008-10-11,306.3448,299.0563,302.3069083333333,297.972125,0.0009689331121,24,33.19480000000004,25.906300000000044,29.15690833333332,24.822125000000028,77.49666619509172,0.9689331121,0,0,2008,10
2008-10-12,307.3219,299.49146,303.05192208333335,297.85803791666666,2.574920616e-05,24,34.17190000000005,26.34146000000004,29.901922083333375,24.708037916666683,73.73021380957798,0.02574920616,0,0,2008,10
2008-10-13,307.73074,298.54953,302.7131758333333,296.4100829166667,0.0,24,34.58074000000005,25.399530000000027,29.563175833333332,23.260082916666704,68.91402553618775,0.0,0,0,2008,10
2008-10-14,307.9762,297.20184,302.27966083333337,294.76475124999996,0.0,24,34.82620000000003,24.051840000000027,29.12966083333339,21.614751249999983,63.93169218469801,0.0,0,0,2008,10
2008-10-15,308.13403,296.81976,302.0286879166667,294.1558341666667,0.0,24,34.98403000000002,23.669759999999997,28.878687916666706,21.005834166666716,62.48930468707299,0.0,0,0,2008,10
2008-10-16,307.49643,296.85608,301.7972829166667,293.26972625,0.0,24,34.34643,23.706080000000043,28.64728291666671,20.119726250000042,59.96431174474098,0.0,0,0,2008,10
2008-10-17,307.23166,297.1313,301.63275708333333,293.7222725,0.0,24,34.08166,23.981300000000033,28.482757083333354,20.572272499999997,62.25778486192283,0.0,0,0,2008,10
2008-10-18,307.2348,296.94528,301.9488475,294.848535,0.0,24,34.08480000000003,23.795280000000048,28.798847500000022,21.69853500000005,65.50431009883592,0.0,0,0,2008,10
2008-10-19,307.02747,297.87787,302.05502625,295.5644425,0.0,24,33.87747000000002,24.727869999999996,28.90502625000005,22.414442500000007,68.00876462508151,0.0,0,0,2008,10
2008-10-20,307.00806,297.09372,301.69064041666667,293.8312925,0.0,24,33.85806000000002,23.94372000000004,28.54064041666669,20.68129250000004,62.46718750160793,0.0,0,0,2008,10
2008-10-21,306.86325,296.18903,301.09383958333336,292.38245291666664,0.0,24,33.713250000000016,23.039030000000025,27.943839583333386,19.23245291666666,59.12193268218414,0.0,0,0,2008,10
2008-10-22,306.67413,294.9088,300.70761583333336,290.96686916666664,0.0,24,33.524130000000014,21.758800000000008,27.557615833333386,17.816869166666663,55.3387889728324,0.0,0,0,2008,10
2008-10-23,306.57123,295.3526,300.82151166666665,289.86552291666663,0.0,24,33.42123000000004,22.202600000000018,27.671511666666675,16.715522916666657,51.27067033597339,0.0,0,0,2008,10
2008-10-24,306.4872,293.89484,300.103415,290.09604833333333,0.0,24,33.337199999999996,20.74484000000001,26.953415000000007,16.94604833333335,54.26520831380269,0.0,0,0,2008,10
2008-10-25,306.1741,294.07233,300.06976541666666,290.85663,0.0,24,33.02410000000003,20.922330000000045,26.919765416666678,17.70663000000002,57.05220486795305,0.0,0,0,2008,10
2008-10-26,305.11493,293.54013,299.3571616666667,291.84823125,0.0,24,31.964930000000038,20.39013,26.207161666666707,18.69823125000005,63.32635134376916,0.0,0,0,2008,10
2008-10-27,305.07257,295.53906,300.04474875,293.27905625,0.0,24,31.922570000000007,22.38906000000003,26.89474875000002,20.12905625000002,66.47313743825366,0.0,0,0,2008,10
2008-10-28,303.98907,295.39532,299.71507333333335,294.62323083333337,0.0,24,30.83907000000005,22.24532000000005,26.565073333333373,21.47323083333339,73.62731646014412,0.0,0,0,2008,10
2008-10-29,305.4766,295.59497,300.34984791666665,294.01910833333335,0.0,24,32.32660000000004,22.444970000000012,27.19984791666667,20.869108333333372,68.34377614703847,0.0,0,0,2008,10
2008-10-30,305.4018,297.0575,300.72621625,294.1919708333333,0.0,24,32.2518,23.907500000000027,27.576216250000016,21.041970833333323,67.56681953617857,0.0,0,0,2008,10
2008-10-31,306.03705,295.44547,300.70874583333335,292.28579083333335,0.0,24,32.887050000000045,22.295470000000023,27.558745833333376,19.135790833333374,60.10506660750975,0.0,0,0,2008,10
2008-11-01,306.0287,295.36475,300.62021125,292.090105,0.0,24,32.87870000000004,22.214750000000038,27.470211250000034,18.940105000000017,59.68406242852013,0.0,0,0,2008,11
2008-11-02,305.79764,295.84045,300.6249754166667,291.63320625,0.0,24,32.647640000000024,22.69045,27.474975416666723,18.483206250000023,57.985522750247874,0.0,0,0,2008,11
2008-11-03,306.28482,294.35052,300.47742375,291.19010208333333,0.0,24,33.13482000000005,21.20052000000004,27.327423750000037,18.040102083333352,56.88431015388489,0.0,0,0,2008,11
2008-11-04,306.37604,293.94138,300.35631125000003,290.90316875,0.0,24,33.22604000000001,20.791380000000004,27.206311250000056,17.753168750000043,56.2642339290115,0.0,0,0,2008,11
2008-11-05,305.86902,295.15674,300.09698,291.24786666666665,0.0,24,32.71902,22.006740000000036,26.946979999999996,18.097866666666675,58.38160533556368,0.0,0,0,2008,11
2008-11-06,305.701,296.83585,300.52025375,292.95143583333333,0.0,24,32.551000000000045,23.685850000000016,27.370253750000018,19.801435833333358,63.342492301260044,0.0,0,0,2008,11
2008-11-07,306.9234,294.45105,300.47718583333335,291.59826458333333,0.0,24,33.77340000000004,21.301050000000032,27.327185833333374,18.448264583333355,58.36214176696439,0.0,0,0,2008,11
2008-11-08,305.64502,295.1494,300.14183291666666,292.15501291666664,0.0,24,32.49502000000001,21.999400000000037,26.99183291666668,19.005012916666658,61.633223279254814,0.0,0,0,2008,11
2008-11-09,305.41064,294.03363,299.81974833333334,291.983775,0.0,24,32.26064000000002,20.88363000000004,26.66974833333336,18.833775000000003,62.14469037283122,0.0,0,0,2008,11
2008-11-10,305.79074,294.341,299.7164,291.20259541666667,0.0,24,32.64074000000005,21.19100000000003,26.566400000000044,18.05259541666669,59.535552770397324,0.0,0,0,2008,11
2008-11-11,305.73138,295.032,299.9797375,292.44770166666666,0.0,24,32.581380000000024,21.882000000000005,26.82973750000002,19.297701666666683,63.37022461750938,0.0,0,0,2008,11
2008-11-12,305.15573,295.8719,299.9285341666667,292.71648583333337,0.0,24,32.00573000000003,22.721900000000005,26.778534166666702,19.566485833333388,64.6338136241111,0.0,0,0,2008,11
2008-11-13,304.76114,295.02667,299.5177054166667,291.523165,0.0,24,31.611140000000034,21.876670000000047,26.367705416666695,18.37316500000003,61.46336580073453,0.0,0,0,2008,11
2008-11-14,304.24966,294.99908,298.808955,292.0740279166667,0.0,24,31.09966000000003,21.849080000000015,25.65895500000005,18.924027916666716,66.34797248314977,0.0,0,0,2008,11
2008-11-15,304.6424,295.43405,299.73280708333334,291.756885,0.0,24,31.492400000000032,22.284050000000036,26.582807083333364,18.606885000000034,61.5835170324531,0.0,0,0,2008,11
2008-11-16,304.40475,294.8002,299.686045,291.42760458333333,0.0,24,31.25475,21.65020000000004,26.536045,18.277604583333357,60.491593132488276,0.0,0,0,2008,11
2008-11-17,304.18726,297.82556,300.88995416666666,293.0129595833333,3.433227596e-05,24,31.037260000000003,24.67556000000002,27.739954166666678,19.86295958333335,62.222905354658735,0.03433227596,0,0,2008,11
2008-11-18,304.41467,299.08264,301.0509416666667,296.7834354166667,0.0005407333346,24,31.264670000000024,25.93264000000005,27.90094166666671,23.633435416666714,77.62644516059085,0.5407333346,0,0,2008,11
2008-11-19,304.76135,298.65436,301.4068270833333,296.38236416666666,0.0,24,31.611350000000016,25.50436000000002,28.25682708333335,23.232364166666684,74.21216329925987,0.0,0,0,2008,11
2008-11-20,305.70673,298.15747,301.90863625000003,295.79747791666665,0.0,24,32.556730000000016,25.007470000000012,28.758636250000052,22.647477916666674,69.56745600443217,0.0,0,0,2008,11
2008-11-21,305.82904,297.92303,301.6100079166667,295.29878125,0.0,24,32.67904000000004,24.773030000000006,28.46000791666671,22.148781250000013,68.66923363280192,0.0,0,0,2008,11
2008-11-22,306.08115,298.1209,301.67224749999997,294.7838791666667,0.0,24,32.93115,24.97090000000003,28.52224749999999,21.633879166666702,66.30243220324992,0.0,0,0,2008,11
2008-11-23,306.47632,297.4807,301.54076416666663,293.14426,0.0,24,33.32632000000001,24.330700000000036,28.390764166666656,19.994259999999997,60.39425949774233,0.0,0,0,2008,11
2008-11-24,305.86957,296.3388,300.7107633333333,291.9954266666667,0.0,24,32.71957000000003,23.188800000000015,27.56076333333334,18.845426666666697,59.01807593606012,0.0,0,0,2008,11
2008-11-25,305.8172,294.9814,299.9966083333333,290.6471891666667,0.0,24,32.66720000000004,21.83140000000003,26.846608333333336,17.497189166666715,56.5459721942213,0.0,0,0,2008,11
2008-11-26,305.48175,293.39856,298.81542916666666,288.37739791666667,0.0,24,32.33175,20.248559999999998,25.665429166666684,15.227397916666689,52.47149871978854,0.0,0,0,2008,11
2008-11-27,305.40277,291.88782,298.24318458333335,286.14978333333335,0.0,24,32.25277,18.73782,25.093184583333368,12.999783333333369,46.9883931492353,0.0,0,0,2008,11
2008-11-28,305.27875,293.1394,299.63097125,288.13413875,0.0,24,32.128750000000025,19.989400000000046,26.48097125000004,14.98413875,49.22160824531911,0.0,0,0,2008,11
2008-11-29,301.22235,297.97058,299.50731625,293.84136333333333,0.0091409683517,24,28.07235000000003,24.820580000000007,26.357316249999997,20.691363333333356,71.03876074009261,9.1409683517,1,0,2008,11
2008-11-30,301.30774,298.2432,299.5890058333333,296.51140749999996,0.0055365562066600005,24,28.157740000000047,25.093200000000024,26.43900583333334,23.361407499999984,83.20844123115292,5.53655620666,1,0,2008,11
2008-12-01,302.86102,297.3852,299.822195,296.6043995833333,0.0009737014889,24,29.71102000000002,24.23520000000002,26.672195000000045,23.454399583333327,82.53378864378737,0.9737014889,0,0,2008,12
2008-12-02,303.6064,297.27856,300.29576833333334,296.3163104166667,1.62124634e-05,24,30.45640000000003,24.12856000000005,27.145768333333365,23.166310416666704,78.88010380988987,0.0162124634,0,0,2008,12
2008-12-03,304.03455,297.7837,300.81078958333336,296.52180333333337,0.00026178360466,24,30.884550000000047,24.633700000000033,27.660789583333383,23.37180333333339,77.49072119790496,0.26178360466,0,0,2008,12
2008-12-04,305.48297,297.71777,301.20724958333335,295.8907129166667,0.0,24,32.332970000000046,24.567769999999996,28.057249583333373,22.740712916666723,72.87721402391547,0.0,0,0,2008,12
2008-12-05,306.16943,296.79132,301.05675125,293.5362670833333,0.0,24,33.01943,23.641320000000007,27.906751250000013,20.386267083333337,63.64830069836682,0.0,0,0,2008,12
2008-12-06,305.3463,295.26523,299.8075866666666,292.13939125,0.0,24,32.19630000000001,22.115229999999997,26.657586666666646,18.98939125000004,62.79690887575046,0.0,0,0,2008,12
2008-12-07,305.142,293.67657,299.0287045833333,291.6755758333333,0.0,24,31.99200000000002,20.52657000000005,25.87870458333333,18.525575833333335,63.875787102184425,0.0,0,0,2008,12
2008-12-08,305.17017,293.77246,299.0799729166667,291.26865291666667,0.0,24,32.02017000000001,20.622460000000046,25.929972916666713,18.11865291666669,62.076047834259036,0.0,0,0,2008,12
2008-12-09,304.94153,294.07336,298.9807075,291.31755,0.0,24,31.791530000000023,20.923360000000002,25.830707500000017,18.167550000000006,62.634686628602765,0.0,0,0,2008,12
2008-12-10,304.46545,294.4129,299.0810970833333,292.46658375,0.0,24,31.31545,21.262900000000002,25.931097083333327,19.316583750000007,66.90384095132978,0.0,0,0,2008,12
2008-12-11,304.25055,295.20123,299.0566258333333,292.49419,0.0,24,31.10055,22.051230000000032,25.90662583333335,19.344190000000026,67.11626389747815,0.0,0,0,2008,12
2008-12-12,304.0039,294.3476,299.0075091666667,293.12931791666665,0.0,24,30.85390000000001,21.197600000000023,25.857509166666716,19.979317916666673,70.0212072874015,0.0,0,0,2008,12
2008-12-13,305.00732,295.16705,299.50917208333334,293.4699616666667,0.0,24,31.857320000000016,22.01705000000004,26.359172083333362,20.3199616666667,69.42095004796877,0.0,0,0,2008,12
2008-12-14,305.29535,295.38962,300.00437625,293.0647520833333,0.0,24,32.14535000000001,22.239620000000002,26.85437625000003,19.914752083333326,65.7523985597862,0.0,0,0,2008,12
2008-12-15,304.75424,296.16733,299.9806766666667,293.0585408333333,0.0,24,31.604240000000004,23.017330000000015,26.830676666666704,19.908540833333348,65.81884679561634,0.0,0,0,2008,12
2008-12-16,304.3933,294.8436,299.59312041666664,292.73015125,0.0,24,31.243300000000033,21.693600000000004,26.44312041666666,19.58015125000003,65.98104944519184,0.0,0,0,2008,12
2008-12-17,305.20013,295.14346,299.79147166666667,292.6336033333333,0.0,24,32.050130000000024,21.993460000000027,26.64147166666669,19.48360333333335,64.82297020204615,0.0,0,0,2008,12
2008-12-18,304.87842,296.03125,300.0516391666667,291.48118708333334,0.0,24,31.72842000000003,22.881250000000023,26.901639166666712,18.33118708333336,59.40183531507357,0.0,0,0,2008,12
2008-12-19,303.8423,294.14328,298.6065991666667,290.53436958333333,0.0,24,30.692300000000046,20.993280000000027,25.456599166666706,17.384369583333353,60.95753838837753,0.0,0,0,2008,12
2008-12-20,301.13232,296.1328,298.44786708333334,291.37789416666664,0.000241279602,24,27.982320000000016,22.982799999999997,25.297867083333358,18.22789416666666,64.89550748363295,0.241279602,0,0,2008,12
2008-12-21,303.71426,295.7151,299.19875458333337,291.24414291666665,0.0,24,30.564260000000047,22.56510000000003,26.04875458333339,18.09414291666667,61.54582720316661,0.0,0,0,2008,12
2008-12-22,304.7851,294.99747,299.3044375,290.91309958333335,0.0,24,31.635100000000023,21.847470000000044,26.15443750000003,17.76309958333337,59.90052560972648,0.0,0,0,2008,12
2008-12-23,304.88702,294.6544,299.1150916666667,291.58661708333335,0.0,24,31.73702000000003,21.504400000000032,25.965091666666694,18.436617083333374,63.19612639816503,0.0,0,0,2008,12
2008-12-24,304.72168,293.31714,298.53965999999997,291.0003716666667,0.0,24,31.571680000000015,20.167140000000018,25.389659999999992,17.850371666666717,63.027249428124,0.0,0,0,2008,12
2008-12-25,304.4701,293.76434,298.42662291666664,290.5301645833333,0.0,24,31.320100000000025,20.614340000000027,25.276622916666668,17.38016458333334,61.597658213010874,0.0,0,0,2008,12
2008-12-26,304.6247,293.44562,297.83388541666665,290.41921833333333,0.0,24,31.47470000000004,20.295620000000042,24.68388541666667,17.269218333333356,63.36984784640013,0.0,0,0,2008,12
2008-12-27,302.95526,291.89566,296.41391208333334,289.5607141666667,0.0,24,29.805260000000033,18.745660000000044,23.263912083333366,16.410714166666708,65.35851105468429,0.0,0,0,2008,12
2008-12-28,301.84833,291.60388,295.7921058333333,288.3495658333333,3.8146973e-06,24,28.69833,18.453880000000026,22.642105833333346,15.199565833333338,62.807157898095454,0.0038146973000000002,0,0,2008,12
2008-12-29,303.19217,290.70755,295.7171954166667,287.8121925,0.0,24,30.04217,17.55755000000005,22.56719541666672,14.662192500000003,60.94678087985001,0.0,0,0,2008,12
2008-12-30,303.4322,291.32605,296.11259375000003,288.25604458333333,0.0,24,30.282200000000046,18.176050000000032,22.962593750000053,15.106044583333357,61.22832176160488,0.0,0,0,2008,12
2008-12-31,303.06638,290.85553,295.90047666666663,288.0308620833333,0.0,24,29.916380000000004,17.70553000000001,22.750476666666657,14.88086208333334,61.1282430881842,0.0,0,0,2008,12
2009-01-01,303.71747,290.4696,296.77629,288.7269275,0.0,24,30.567470000000014,17.319600000000037,23.62629000000004,15.57692750000001,60.62641136355725,0.0,0,0,2009,1
2009-01-02,303.73697,290.93427,296.9727520833333,290.18408833333336,0.0,24,30.586970000000008,17.78427000000005,23.82275208333334,17.034088333333386,65.74469379891234,0.0,0,0,2009,1
2009-01-03,302.40698,291.8202,296.96556625,291.92903666666666,0.0,24,29.25698,18.670200000000023,23.815566250000018,18.779036666666684,73.41177685137771,0.0,0,0,2009,1
2009-01-04,302.35556,293.35382,297.26469833333334,292.0715979166667,9.5367432e-07,24,29.205560000000048,20.203820000000007,24.114698333333365,18.921597916666713,72.74825871068424,0.0009536743200000001,0,0,2009,1
2009-01-05,302.07306,293.45975,296.8843179166667,290.20188791666664,0.0,24,28.92306000000002,20.309750000000008,23.734317916666726,17.051887916666658,66.17041692092955,0.0,0,0,2009,1
2009-01-06,301.47668,292.41858,296.3877816666667,288.8731379166667,0.0,24,28.32668000000001,19.268580000000043,23.237781666666706,15.723137916666701,62.649658041487505,0.0,0,0,2009,1
2009-01-07,302.01917,291.3872,296.19939791666667,287.3615404166666,0.0,24,28.869169999999997,18.23720000000003,23.049397916666692,14.21154041666665,57.48949507727456,0.0,0,0,2009,1
2009-01-08,301.71918,291.9922,296.6403808333333,289.23781583333334,0.0,24,28.569180000000017,18.842200000000048,23.490380833333347,16.087815833333366,63.15644088352961,0.0,0,0,2009,1
2009-01-09,301.89264,292.86835,296.5065045833333,291.13652375,0.0,24,28.742639999999994,19.718350000000044,23.356504583333333,17.986523750000003,71.81213260385151,0.0,0,0,2009,1
2009-01-10,302.5839,292.14636,296.7967141666667,292.0412158333333,0.0,24,29.43390000000005,18.99636000000004,23.646714166666698,18.89121583333332,74.68440573047117,0.0,0,0,2009,1
2009-01-11,303.10114,293.52344,297.89861708333336,293.10858916666666,0.0,24,29.95114000000001,20.373440000000016,24.748617083333386,19.958589166666684,74.70491512731039,0.0,0,0,2009,1
2009-01-12,303.26617,294.0818,298.1068125,293.3928179166667,0.0,24,30.11617000000001,20.93180000000001,24.956812500000012,20.242817916666695,75.09143729568012,0.0,0,0,2009,1
2009-01-13,303.6556,293.7071,298.1527454166667,292.1660025,0.0,24,30.505600000000015,20.557100000000048,25.0027454166667,19.016002500000013,69.38880433621122,0.0,0,0,2009,1
2009-01-14,303.78778,293.95825,298.3843120833333,291.3671895833333,0.0,24,30.63778000000002,20.808250000000044,25.23431208333335,18.217189583333322,65.0978563543601,0.0,0,0,2009,1
2009-01-15,303.75845,293.7998,298.5252654166666,291.03713625,0.0,24,30.608450000000005,20.649800000000027,25.37526541666665,17.887136250000026,63.22750393590597,0.0,0,0,2009,1
2009-01-16,303.58948,293.53055,298.2749929166667,291.07039875,0.0,24,30.439480000000003,20.380550000000028,25.124992916666713,17.920398750000004,64.31178705024075,0.0,0,0,2009,1
2009-01-17,303.87695,294.6233,298.188835,290.9522358333333,0.0,24,30.726950000000045,21.473299999999995,25.038835000000006,17.802235833333327,64.16379745715122,0.0,0,0,2009,1
2009-01-18,303.41718,293.4827,298.19920874999997,291.1512470833333,0.0,24,30.267179999999996,20.332700000000045,25.04920874999999,18.00124708333334,64.93271139962198,0.0,0,0,2009,1
2009-01-19,303.82532,293.57996,298.3152070833333,290.8677875,0.0,24,30.67532,20.42996000000005,25.165207083333314,17.717787500000043,63.3439486069344,0.0,0,0,2009,1
2009-01-20,305.15808,293.41498,298.7219166666667,290.63441708333335,0.0,24,32.00808000000001,20.264980000000037,25.57191666666671,17.48441708333337,60.92500860401761,0.0,0,0,2009,1
2009-01-21,304.933,292.9473,298.8382429166667,290.62104125,0.0,24,31.783000000000015,19.797300000000007,25.688242916666695,17.47104125000004,60.454352976598194,0.0,0,0,2009,1
2009-01-22,305.06226,293.51782,298.89759583333336,291.35175250000003,0.0,24,31.912260000000003,20.367819999999995,25.747595833333378,18.201752500000055,63.07973164914209,0.0,0,0,2009,1
2009-01-23,304.8903,294.36227,299.2054591666667,291.07630875,0.0,24,31.740300000000047,21.212270000000046,26.055459166666708,17.926308750000032,60.87518633948039,0.0,0,0,2009,1
2009-01-24,304.45035,293.27173,298.67145708333334,291.032675,0.0,24,31.300350000000037,20.121730000000014,25.52145708333336,17.882675000000006,62.662452680444495,0.0,0,0,2009,1
2009-01-25,303.30713,294.04022,297.9800833333333,291.66226083333333,0.0,24,30.157129999999995,20.89022,24.830083333333334,18.512260833333357,67.93324831084247,0.0,0,0,2009,1
2009-01-26,303.85474,293.81714,297.915125,290.99786166666667,0.0,24,30.704740000000015,20.667140000000018,24.765125000000012,17.847861666666688,65.4091022321597,0.0,0,0,2009,1
2009-01-27,303.4671,293.7896,297.57360708333334,289.39334625,0.0,24,30.31710000000004,20.63960000000003,24.423607083333366,16.243346250000002,60.30451362484293,0.0,0,0,2009,1
2009-01-28,303.5718,293.57404,297.670775,288.8052079166667,0.0,24,30.42180000000002,20.424040000000048,24.520775000000015,15.655207916666711,57.742388944482336,0.0,0,0,2009,1
2009-01-29,304.12543,294.4024,298.42496750000004,288.89945,0.0,24,30.975430000000017,21.252400000000023,25.27496750000006,15.749450000000024,55.533167918147825,0.0,0,0,2009,1
2009-01-30,304.72028,294.64536,298.7552358333333,289.43742125,0.0,24,31.570280000000025,21.495360000000005,25.605235833333325,16.287421250000023,56.356750136378274,0.0,0,0,2009,1
2009-01-31,304.52002,293.9527,298.64479708333334,289.4563904166667,0.0,24,31.37002000000001,20.802700000000016,25.494797083333367,16.306390416666716,56.796551481770166,0.0,0,0,2009,1
2009-02-01,303.41943,294.3783,298.1268616666667,290.3612308333333,0.0,24,30.26943,21.228300000000047,24.976861666666707,17.21123083333333,62.04193914020976,0.0,0,0,2009,2
2009-02-02,303.82245,292.7935,297.42599,289.86642708333335,0.0,24,30.672450000000026,19.643500000000017,24.275990000000036,16.71642708333337,62.70088415424111,0.0,0,0,2009,2
2009-02-03,303.0908,292.60828,297.0975875,289.11114875,0.0,24,29.940800000000024,19.458280000000002,23.947587499999997,15.961148750000007,60.945107403363664,0.0,0,0,2009,2
2009-02-04,301.48724,292.38092,296.67745666666667,289.31843291666667,0.0,24,28.33724000000001,19.230920000000026,23.527456666666694,16.16843291666669,63.34038692280876,0.0,0,0,2009,2
2009-02-05,301.37274,291.5489,296.0455754166667,290.1572366666667,0.0,24,28.222740000000044,18.398900000000026,22.895575416666702,17.0072366666667,69.41449333589732,0.0,0,0,2009,2
2009-02-06,302.23636,292.2125,296.41288000000003,290.16056125,0.0,24,29.086360000000013,19.0625,23.262880000000052,17.010561250000023,67.90215414895623,0.0,0,0,2009,2
2009-02-07,303.7708,292.0765,297.29829333333333,290.1474395833333,0.0,24,30.62080000000003,18.926500000000033,24.148293333333356,16.997439583333346,64.32052429574237,0.0,0,0,2009,2
2009-02-08,304.21118,294.02167,298.4221204166667,290.5893283333333,0.0,24,31.061180000000036,20.871669999999995,25.272120416666723,17.43932833333332,61.84501520177101,0.0,0,0,2009,2
2009-02-09,304.10617,295.03912,298.5287725,289.94785333333334,0.0,24,30.956170000000043,21.889120000000048,25.378772500000025,16.797853333333364,59.0064161506885,0.0,0,0,2009,2
2009-02-10,301.76196,293.87637,297.15061125,289.57956041666665,0.0,24,28.61196000000001,20.72637000000003,24.00061125000002,16.429560416666675,62.59393739223014,0.0,0,0,2009,2
2009-02-11,302.20493,291.47717,296.15212125,288.74218375000004,0.0,24,29.054930000000013,18.327170000000024,23.002121250000016,15.59218375000006,63.01877886789858,0.0,0,0,2009,2
2009-02-12,301.97223,292.43723,296.3696025,287.9079095833333,0.0,24,28.822230000000047,19.287230000000022,23.219602500000008,14.757909583333344,58.94604063570946,0.0,0,0,2009,2
2009-02-13,301.35773,291.0421,296.20142208333334,290.41381,0.0,24,28.207730000000026,17.892100000000028,23.051422083333364,17.263810000000035,69.88865622027309,0.0,0,0,2009,2
2009-02-14,301.3606,291.41724,296.1542754166667,290.8968058333333,4.7683716e-07,24,28.2106,18.267240000000015,23.0042754166667,17.746805833333326,72.2595608195694,0.00047683716000000004,0,0,2009,2
2009-02-15,303.358,293.43945,297.5295791666667,290.6131541666667,0.0,24,30.208000000000027,20.289450000000045,24.3795791666667,17.463154166666698,65.33156774383517,0.0,0,0,2009,2
2009-02-16,304.70505,293.1043,298.45075125,289.74492000000004,0.0,24,31.55505000000005,19.954300000000046,25.30075125000002,16.59492000000006,58.52148743387789,0.0,0,0,2009,2
2009-02-17,305.61865,295.0443,299.60823750000003,290.63683791666665,0.0,24,32.468650000000025,21.894300000000044,26.458237500000052,17.486837916666673,57.81778308866536,0.0,0,0,2009,2
2009-02-18,305.46692,295.6259,299.8782870833333,290.2175070833333,0.0,24,32.31692000000004,22.475900000000024,26.728287083333328,17.06750708333334,55.414304103831014,0.0,0,0,2009,2
2009-02-19,305.25256,295.0923,299.52826541666667,289.0838175,0.0,24,32.10256000000004,21.942300000000046,26.378265416666693,15.933817500000032,52.63233095998015,0.0,0,0,2009,2
2009-02-20,307.38892,295.13162,300.4128625,290.22834083333333,0.0,24,34.23892000000001,21.98162000000002,27.26286250000004,17.078340833333357,53.736285222081754,0.0,0,0,2009,2
2009-02-21,305.14453,295.66055,300.33014541666665,291.06539333333336,0.0,24,31.994529999999997,22.510550000000023,27.180145416666676,17.915393333333384,56.929615961346755,0.0,0,0,2009,2
2009-02-22,305.34442,295.139,299.51145041666666,292.4111383333333,0.0,24,32.19442000000004,21.989000000000033,26.361450416666685,19.26113833333335,64.99661521614776,0.0,0,0,2009,2
2009-02-23,305.5822,295.59424,299.71066083333335,292.83902958333334,0.0,24,32.43220000000002,22.444240000000036,26.560660833333372,19.689029583333365,65.96973807360742,0.0,0,0,2009,2
2009-02-24,303.9569,295.03595,299.07394,291.3946829166667,0.0,24,30.80690000000004,21.885950000000037,25.923940000000016,18.244682916666704,62.59194911629491,0.0,0,0,2009,2
2009-02-25,303.92523,292.59033,298.30760749999996,292.2387370833333,9.5367432e-07,24,30.775230000000022,19.440330000000017,25.157607499999983,19.088737083333342,69.06363858049707,0.0009536743200000001,0,0,2009,2
2009-02-26,305.67017,293.29907,299.55872416666665,292.4636433333333,0.0,24,32.52017000000001,20.149069999999995,26.408724166666673,19.313643333333346,65.0277444298527,0.0,0,0,2009,2
2009-02-27,307.406,295.5003,300.82363208333334,291.7155025,0.0,24,34.25600000000003,22.350300000000004,27.67363208333336,18.565502500000036,57.61129167727442,0.0,0,0,2009,2
2009-02-28,307.34225,296.493,301.26857041666665,290.12967625,0.0,24,34.19225,23.343000000000018,28.11857041666667,16.97967625000001,50.79366251394813,0.0,0,0,2009,2
2009-03-01,307.72363,295.85547,301.21236166666665,290.58937625,0.0,24,34.57363000000004,22.705470000000048,28.062361666666675,17.43937625000001,52.465226511780884,0.0,0,0,2009,3
2009-03-02,308.08618,296.73975,301.77486416666665,290.85254875,0.0,24,34.936180000000036,23.589750000000038,28.62486416666667,17.702548750000005,51.6253688762936,0.0,0,0,2009,3
2009-03-03,308.57227,295.95374,301.64426541666666,290.57617250000004,0.0,24,35.422270000000026,22.803740000000005,28.49426541666668,17.426172500000064,51.119049058066274,0.0,0,0,2009,3
2009-03-04,306.44775,295.9472,300.9727295833333,291.1070916666667,0.0,24,33.29775000000001,22.797200000000032,27.82272958333334,17.957091666666713,54.970369282126306,0.0,0,0,2009,3
2009-03-05,304.5414,296.0644,299.46090375,292.78855749999997,0.0,24,31.391400000000033,22.9144,26.310903750000023,19.63855749999999,66.74026219581435,0.0,0,0,2009,3
2009-03-06,304.63165,294.96295,299.27467458333336,292.2086479166667,0.0,24,31.481650000000002,21.81295,26.124674583333388,19.0586479166667,65.08591089209999,0.0,0,0,2009,3
2009-03-07,305.46054,294.50665,299.56506666666667,289.90593958333335,0.0,24,32.31054,21.356650000000002,26.41506666666669,16.755939583333372,55.34279127188663,0.0,0,0,2009,3
2009-03-08,303.69562,294.8158,298.82679125,292.2485345833333,0.0,24,30.545620000000042,21.665800000000047,25.676791250000008,19.098534583333333,67.00381640352906,0.0,0,0,2009,3
2009-03-09,304.2933,294.55286,298.96761791666665,293.0563775,0.0,24,31.14330000000001,21.402860000000032,25.817617916666677,19.90637750000002,69.87040565054907,0.0,0,0,2009,3
2009-03-10,306.4652,296.57678,300.52150875,292.9931658333333,0.0,24,33.315200000000004,23.426780000000008,27.371508750000032,19.84316583333333,63.50205380466284,0.0,0,0,2009,3
2009-03-11,304.35217,297.07706,300.44317875,294.2235225,0.0,24,31.202170000000024,23.92706000000004,27.29317875000004,21.073522500000024,68.83048893966236,0.0,0,0,2009,3
2009-03-12,305.20038,296.47437,300.8698529166667,293.36119291666665,0.0,24,32.05038000000002,23.324370000000044,27.719852916666696,20.211192916666676,63.65465448925559,0.0,0,0,2009,3
2009-03-13,305.88736,296.28632,300.54947458333334,293.80219,0.0,24,32.737360000000024,23.136320000000012,27.399474583333358,20.65219000000002,66.65118605896761,0.0,0,0,2009,3
2009-03-14,305.1418,296.9875,300.87612083333335,293.71419125,7.6293946e-06,24,31.991800000000012,23.837500000000034,27.72612083333337,20.56419125000002,65.03441309628339,0.0076293946000000005,0,0,2009,3
2009-03-15,305.34894,297.05768,300.55023,294.30389375,0.0,24,32.19894000000005,23.907680000000028,27.400230000000022,21.15389375000001,68.73830664614958,0.0,0,0,2009,3
2009-03-16,305.5644,295.6437,300.5003004166667,293.6036875,0.0,24,32.4144,22.493700000000047,27.3503004166667,20.4536875,66.02984973784531,0.0,0,0,2009,3
2009-03-17,307.09875,297.1933,301.76474125,292.34381375,0.0,24,33.94875000000002,24.043300000000045,28.61474125000001,19.193813750000004,56.7191827368713,0.0,0,0,2009,3
2009-03-18,306.8631,297.6949,301.8524229166666,290.3618608333333,0.0,24,33.7131,24.54490000000004,28.70242291666665,17.211860833333333,49.824416428240134,0.0,0,0,2009,3
2009-03-19,305.51685,297.40674,300.68785125,291.4440858333333,0.0,24,32.36685,24.256740000000036,27.537851250000017,18.294085833333327,57.09095035315433,0.0,0,0,2009,3
2009-03-20,304.38754,295.51685,299.66928375000003,294.2279820833333,0.0,24,31.237540000000024,22.36685,26.519283750000056,21.077982083333325,72.05718768284348,0.0,0,0,2009,3
2009-03-21,303.90845,295.4793,299.36252041666665,294.94553708333336,4.7683716e-07,24,30.75845000000004,22.329300000000046,26.212520416666678,21.795537083333386,76.67447547625176,0.00047683716000000004,0,0,2009,3
2009-03-22,305.29376,295.27454,299.87963375,293.96744874999996,0.0,24,32.14376000000004,22.124540000000025,26.729633750000005,20.817448749999983,70.0372281062178,0.0,0,0,2009,3
2009-03-23,307.362,296.88287,301.41097874999997,293.49560916666667,0.0,24,34.212000000000046,23.732870000000048,28.260978749999992,20.34560916666669,62.1901289270788,0.0,0,0,2009,3
2009-03-24,303.8351,297.04004,300.30952333333335,295.16553791666666,0.0,24,30.685100000000034,23.89004,27.159523333333368,22.015537916666688,73.49302898327161,0.0,0,0,2009,3
2009-03-25,305.71823,296.07703,300.9856125,294.33195083333334,0.0,24,32.56823000000003,22.927030000000002,27.835612500000025,21.18195083333336,67.12420180917317,0.0,0,0,2009,3
2009-03-26,306.2613,296.0445,300.92731,293.3781325,0.0,24,33.11130000000003,22.89450000000005,27.77731,20.228132500000015,63.507651297191686,0.0,0,0,2009,3
2009-03-27,304.08618,295.8226,299.88259166666666,294.7153445833333,4.7683716e-07,24,30.936180000000036,22.672600000000045,26.73259166666668,21.565344583333342,73.31628823033638,0.00047683716000000004,0,0,2009,3
2009-03-28,304.28403,295.49942,299.86189833333333,294.5439391666667,0.0,24,31.134029999999996,22.34942000000001,26.71189833333335,21.393939166666712,72.63875604567494,0.0,0,0,2009,3
2009-03-29,305.49554,296.79938,301.11096125,295.7414375,0.0,24,32.34554000000003,23.649380000000008,27.960961250000025,22.59143750000004,72.62651106076997,0.0,0,0,2009,3
2009-03-30,307.83624,298.25684,302.4826254166667,293.74666458333337,0.0,24,34.68624,25.106840000000034,29.3326254166667,20.596664583333393,59.35348633494017,0.0,0,0,2009,3
2009-03-31,307.47998,298.56604,302.06254333333334,294.79697625,0.0,24,34.329980000000035,25.41604000000001,28.91254333333336,21.646976250000023,64.8687630884278,0.0,0,0,2009,3
2009-04-01,308.74908,297.64966,303.09305,295.2187529166667,0.0,24,35.599080000000015,24.499660000000006,29.943050000000028,22.06875291666671,62.715871042505846,0.0,0,0,2009,4
2009-04-02,309.55322,298.7979,302.64599291666667,297.4506791666667,0.0,24,36.40322000000003,25.64790000000005,29.495992916666694,24.300679166666725,73.6564058498912,0.0,0,0,2009,4
2009-04-03,308.8687,298.9139,303.46060916666664,296.44816791666665,0.0,24,35.71870000000001,25.763900000000035,30.310609166666666,23.29816791666667,66.16487010976,0.0,0,0,2009,4
2009-04-04,305.7536,299.27863,302.30922416666664,299.13515624999997,0.0,24,32.60360000000003,26.128630000000044,29.15922416666666,25.98515624999999,83.03860195418196,0.0,0,0,2009,4
2009-04-05,308.34192,299.61545,303.0178829166667,297.1022183333333,9.536743e-07,24,35.19192000000004,26.465450000000033,29.8678829166667,23.95221833333335,70.6004874952966,0.0009536743,0,0,2009,4
2009-04-06,309.89105,298.94464,304.3549179166667,293.4116583333333,0.0,24,36.74105000000003,25.794640000000015,31.204917916666716,20.261658333333344,52.2131125744386,0.0,0,0,2009,4
2009-04-07,308.73715,299.33063,303.52362625,292.01511375,0.0,24,35.58715000000001,26.180630000000008,30.37362625000003,18.865113750000035,50.201481833659905,0.0,0,0,2009,4
2009-04-08,305.43063,298.61087,301.39576958333333,294.1221120833333,0.0,24,32.28063000000003,25.46087,28.245769583333356,20.972112083333343,64.69686683327787,0.0,0,0,2009,4
2009-04-09,305.92505,295.2877,300.68088916666665,292.3078725,0.0,24,32.77505000000002,22.137699999999995,27.530889166666668,19.157872499999996,60.28618096401112,0.0,0,0,2009,4
2009-04-10,309.59372,297.8023,303.18579666666665,292.58994,0.0,24,36.44372000000004,24.652300000000025,30.03579666666667,19.439940000000036,53.05341400465266,0.0,0,0,2009,4
2009-04-11,309.21802,298.02515,303.62105,292.4121195833333,0.0,24,36.06802000000005,24.87515000000002,30.471050000000048,19.262119583333345,51.17421636229785,0.0,0,0,2009,4
2009-04-12,310.35156,298.975,303.75707458333335,293.1198,0.0,24,37.20156000000003,25.825000000000045,30.60707458333337,19.96980000000002,53.06007792157341,0.0,0,0,2009,4
2009-04-13,307.3294,298.73114,302.7039625,295.6647175,0.0,24,34.179400000000044,25.581140000000005,29.55396250000001,22.514717500000017,65.90390215951533,0.0,0,0,2009,4
2009-04-14,306.1095,298.67938,301.9263695833333,295.9726304166667,0.0,24,32.95950000000005,25.529380000000003,28.77636958333335,22.822630416666698,70.23872156854091,0.0,0,0,2009,4
2009-04-15,304.36346,299.10336,301.23358083333335,296.0106558333333,0.0,24,31.213459999999998,25.953360000000032,28.08358083333337,22.86065583333334,73.29680842263299,0.0,0,0,2009,4
2009-04-16,305.81714,298.26285,301.74701,295.90364500000004,3.38554374e-05,24,32.66714000000002,25.112850000000037,28.59701000000001,22.753645000000063,70.67772464328836,0.0338554374,0,0,2009,4
2009-04-17,307.10468,297.72156,302.17691666666667,295.346565,0.0,24,33.954679999999996,24.571560000000034,29.026916666666693,22.19656500000002,66.63991067620866,0.0,0,0,2009,4
2009-04-18,306.4876,298.35785,302.24625791666665,295.7061679166667,0.0,24,33.33760000000001,25.207850000000008,29.096257916666673,22.55616791666671,67.84158022258325,0.0,0,0,2009,4
2009-04-19,306.05502,298.61774,302.15335875,297.6109220833333,0.0,24,32.905020000000036,25.46774000000005,29.003358750000018,24.460922083333344,76.5169026166851,0.0,0,0,2009,4
2009-04-20,304.0916,300.19223,301.7554566666667,297.56511333333333,7.62939452e-06,24,30.94160000000005,27.042230000000018,28.605456666666726,24.415113333333352,78.0894583497818,0.00762939452,0,0,2009,4
2009-04-21,303.65344,298.62372,301.06954375000004,296.83700708333333,1.096725476e-05,24,30.503440000000012,25.473720000000014,27.91954375000006,23.687007083333356,77.79296936332584,0.01096725476,0,0,2009,4
2009-04-22,303.79364,299.25653,301.28098166666666,296.10485375,5.2452086e-06,24,30.643640000000005,26.10653000000002,28.130981666666685,22.95485375000004,73.51305753315454,0.0052452086,0,0,2009,4
2009-04-23,305.917,297.91577,301.68663250000003,296.0820733333333,4.7683716e-07,24,32.766999999999996,24.765770000000032,28.536632500000053,22.932073333333335,71.69796121454159,0.00047683716000000004,0,0,2009,4
2009-04-24,308.23694,297.5536,302.88734375,293.93612916666666,0.0,24,35.08694000000003,24.40360000000004,29.737343750000036,20.786129166666683,58.66430995942196,0.0,0,0,2009,4
2009-04-25,308.18027,298.22647,303.36072041666665,292.8531170833333,0.0,24,35.03027000000003,25.07647000000003,30.210720416666675,19.703117083333325,53.389206745529286,0.0,0,0,2009,4
2009-04-26,308.37585,298.9801,302.7887441666667,294.45207208333335,0.0,24,35.22585000000004,25.830100000000016,29.638744166666697,21.30207208333337,60.90020679828813,0.0,0,0,2009,4
2009-04-27,305.99014,298.81146,302.3323716666667,297.3729045833333,0.0,24,32.84014000000002,25.661460000000034,29.18237166666671,24.22290458333333,74.65449806313391,0.0,0,0,2009,4
2009-04-28,304.92188,299.02246,302.08925791666667,297.70474458333337,0.0,24,31.77188000000001,25.872460000000046,28.93925791666669,24.554744583333388,77.23454268302004,0.0,0,0,2009,4
2009-04-29,304.73196,299.21094,302.02290416666665,297.6351041666667,1.4305114600000002e-06,24,31.581960000000038,26.060940000000016,28.87290416666667,24.4851041666667,77.20953695793446,0.00143051146,0,0,2009,4
2009-04-30,304.57727,299.33282,301.71458125,297.24918791666664,0.0,24,31.42727000000002,26.18282000000005,28.564581250000003,24.099187916666665,76.80507858307357,0.0,0,0,2009,4
2009-05-01,304.671,299.19653,301.5604270833333,297.08866958333334,1.4305114600000002e-06,24,31.521000000000015,26.04653000000002,28.41042708333333,23.938669583333365,76.75251197487812,0.00143051146,0,0,2009,5
2009-05-02,304.8426,299.4005,301.95896458333334,297.64181375,1.71661376e-05,24,31.692600000000027,26.250500000000045,28.808964583333363,24.491813750000006,77.52761173529777,0.0171661376,0,0,2009,5
2009-05-03,305.91373,298.48285,302.2795195833333,297.41263250000003,0.0,24,32.76373000000001,25.332850000000008,29.12951958333332,24.262632500000052,75.06198104280216,0.0,0,0,2009,5
2009-05-04,304.97278,298.042,301.8272679166667,297.2111925,0.0,24,31.822780000000023,24.891999999999996,28.67726791666672,24.061192500000004,76.12980594603563,0.0,0,0,2009,5
2009-05-05,304.62537,299.98248,302.04680041666666,297.15294124999997,2.193450916e-05,24,31.475369999999998,26.832480000000032,28.89680041666668,24.002941249999992,74.90328515895479,0.02193450916,0,0,2009,5
2009-05-06,304.78802,299.34143,301.63346333333334,296.92708,4.291534412e-05,24,31.63802000000004,26.191430000000025,28.48346333333336,23.777080000000012,75.68729311593341,0.04291534412,0,0,2009,5
2009-05-07,306.13574,298.831,302.130075,296.6123508333333,9.5367432e-07,24,32.98574000000002,25.68100000000004,28.980075,23.462350833333346,72.15378969585505,0.0009536743200000001,0,0,2009,5
2009-05-08,307.13763,298.58203,302.57794,296.3832829166667,0.0,24,33.987630000000024,25.432029999999997,29.427940000000035,23.233282916666724,69.34171750516131,0.0,0,0,2009,5
2009-05-09,307.04587,298.82013,302.3416095833333,296.4932258333333,0.0,24,33.89587,25.67013000000003,29.19160958333333,23.34322583333335,70.76436188971687,0.0,0,0,2009,5
2009-05-10,305.01373,298.86676,301.7651558333333,297.12047,9.536743e-07,24,31.863730000000032,25.716760000000022,28.615155833333347,23.970470000000034,75.98939076464094,0.0009536743,0,0,2009,5
2009-05-11,305.25098,298.81293,301.6884254166667,296.7709008333333,2.002716046e-05,24,32.10098000000005,25.662930000000017,28.538425416666712,23.620900833333337,74.73899614725954,0.02002716046,0,0,2009,5
2009-05-12,305.0345,298.84555,301.6176425,296.7296754166667,3.2424926160000004e-05,24,31.884500000000003,25.695550000000026,28.46764250000001,23.579675416666703,74.86092748139654,0.032424926160000006,0,0,2009,5
2009-05-13,304.434,299.5675,302.09227541666667,296.79126916666667,7.05719e-05,24,31.28400000000005,26.417500000000018,28.94227541666669,23.64126916666669,73.09683605333582,0.07057189999999999,0,0,2009,5
2009-05-14,304.59457,300.88025,302.6465541666667,296.23515208333333,1.668930052e-05,24,31.44457,27.730250000000012,29.496554166666726,23.085152083333355,68.45120399580311,0.016689300520000002,0,0,2009,5
2009-05-15,304.677,300.47406,302.58692291666665,296.5623991666667,5.2452087e-06,24,31.527000000000044,27.32406000000003,29.436922916666674,23.412399166666717,70.06005302189779,0.0052452087,0,0,2009,5
2009-05-16,304.73596,300.69336,302.52981416666665,297.19529708333334,0.00017118454076,24,31.58596,27.543360000000007,29.379814166666677,24.045297083333367,73.02377919659769,0.17118454076,0,0,2009,5
2009-05-17,305.11273,300.0435,302.37339833333334,296.40554375,1.71661376e-05,24,31.962730000000022,26.893500000000017,29.223398333333364,23.255543750000015,70.26096350845587,0.0171661376,0,0,2009,5
2009-05-18,304.68585,300.20102,302.43197625,297.24686541666665,5.96046446e-05,24,31.53585000000004,27.05102000000005,29.281976250000014,24.096865416666674,73.66586744714708,0.0596046446,0,0,2009,5
2009-05-19,305.4036,300.67172,302.79271666666665,297.1997645833333,9.53674302e-06,24,32.253600000000006,27.521720000000016,29.642716666666672,24.049764583333342,71.9432237403549,0.00953674302,0,0,2009,5
2009-05-20,304.6518,301.19177,302.62892458333334,297.0494454166667,1.049041754e-05,24,31.501800000000003,28.041770000000042,29.478924583333367,23.89944541666671,71.97282394939054,0.01049041754,0,0,2009,5
2009-05-21,305.97534,300.91226,302.920035,297.2950320833333,2.47955323e-05,24,32.82534000000004,27.762260000000026,29.770035000000007,24.14503208333332,71.82713557201957,0.0247955323,0,0,2009,5
2009-05-22,304.74786,300.98505,302.5877658333333,297.44004083333334,5.149841266e-05,24,31.597860000000026,27.835050000000024,29.437765833333344,24.290040833333364,73.85732418279504,0.051498412660000006,0,0,2009,5
2009-05-23,304.84882,300.73547,302.8225525,297.2891804166667,0.0001397132878,24,31.698820000000012,27.585470000000043,29.672552499999995,24.139180416666704,72.2064601300776,0.1397132878,0,0,2009,5
2009-05-24,305.34753,301.4511,303.16777666666667,296.88115999999997,0.000312328337,24,32.19753000000003,28.30110000000002,30.01777666666669,23.73115999999999,69.06883585984195,0.312328337,0,0,2009,5
2009-05-25,304.7612,301.29535,302.98012666666665,296.2402183333333,3.147125226e-05,24,31.611199999999997,28.145350000000008,29.830126666666672,23.090218333333326,67.16775880327629,0.03147125226,0,0,2009,5
2009-05-26,304.8159,301.16165,302.75413625,296.48374625,2.765655496e-05,24,31.665900000000022,28.01165000000003,29.60413625000001,23.333746250000047,69.0581702446032,0.02765655496,0,0,2009,5
2009-05-27,304.9018,300.65454,302.63674625,296.22244458333336,1.5258788999999999e-05,24,31.751800000000003,27.50454000000002,29.48674625000001,23.07244458333338,68.43730096344821,0.015258788999999998,0,0,2009,5
2009-05-28,305.02103,300.67407,302.91949125,296.7293383333333,8.63075253e-05,24,31.87103000000002,27.524069999999995,29.769491250000044,23.57933833333334,69.42476464836544,0.08630752530000001,0,0,2009,5
2009-05-29,305.4863,301.34406,303.38014875,296.4899720833333,1.001358018e-05,24,32.33630000000005,28.194060000000036,30.230148750000012,23.33997208333335,66.63934296496058,0.01001358018,0,0,2009,5
2009-05-30,305.4726,302.19415,303.6930275,296.53214916666667,3.81469736e-05,24,32.32260000000002,29.044150000000002,30.54302750000005,23.382149166666693,65.62109940793962,0.0381469736,0,0,2009,5
2009-05-31,305.3128,301.75488,303.4325704166667,297.16523625,0.0005717277444,24,32.162800000000004,28.604880000000037,30.282570416666715,24.015236250000044,69.19903506814828,0.5717277444000001,0,0,2009,5
2009-06-01,304.75644,300.26562,302.39195958333335,298.6475966666667,0.0032720565794,24,31.60644000000002,27.115620000000035,29.24195958333337,25.49759666666671,80.28476807695975,3.2720565794,1,0,2009,6
2009-06-02,304.77853,300.12604,302.50076541666664,298.5448841666667,0.00352096558,24,31.628530000000012,26.976040000000012,29.35076541666666,25.394884166666714,79.29532987253377,3.52096558,1,0,2009,6
2009-06-03,305.16675,300.75916,302.7505795833333,298.53654875,0.0024886131009,24,32.01675,27.60916000000003,29.600579583333342,25.38654875000003,78.12097353894063,2.4886131009,1,0,2009,6
2009-06-04,304.05066,300.20624,301.94878166666666,298.82209875,0.005908489284,24,30.900660000000016,27.056240000000003,28.798781666666684,25.672098750000032,83.23140483628418,5.908489284,1,0,2009,6
2009-06-05,304.51837,300.51486,302.2002516666667,298.45571791666663,0.003508090986,24,31.368370000000027,27.36486000000002,29.050251666666725,25.30571791666665,80.2589729114021,3.508090986,1,0,2009,6
2009-06-06,304.99063,299.4472,301.7801366666667,297.8737929166667,0.0033478736939,24,31.840630000000033,26.297200000000032,28.630136666666715,24.723792916666696,79.43213511405713,3.3478736939,1,0,2009,6
2009-06-07,303.58612,300.55972,301.990035,297.83479625,0.002995491039,24,30.436120000000017,27.40972000000005,28.840035,24.684796250000034,78.28723729420624,2.995491039,1,0,2009,6
2009-06-08,304.6658,300.04254,302.51316625,297.87774125,0.00304841992516,24,31.515800000000013,26.892539999999997,29.363166250000006,24.727741250000008,76.14686701414985,3.04841992516,1,0,2009,6
2009-06-09,305.43427,300.83514,303.13670666666667,297.23093083333333,0.00102090835996,24,32.28427000000005,27.685140000000047,29.98670666666669,24.080930833333355,70.66406057552324,1.02090835996,1,0,2009,6
2009-06-10,305.01166,300.73718,302.95649166666664,296.71581041666667,0.0007586479199,24,31.86166000000003,27.587180000000046,29.80649166666666,23.565810416666693,69.2204287974186,0.7586479199,0,0,2009,6
2009-06-11,305.19357,301.24948,303.13907708333335,296.77326791666667,0.0008673667903,24,32.043570000000045,28.099480000000028,29.98907708333337,23.62326791666669,68.7344965993407,0.8673667903,0,0,2009,6
2009-06-12,304.87064,300.97415,302.8422933333333,296.98716,0.0021810531646,24,31.720640000000003,27.82415000000003,29.69229333333334,23.83716000000004,70.8262301544769,2.1810531645999998,1,0,2009,6
2009-06-13,305.13907,300.89294,303.28864333333337,296.94472041666666,0.0002117156958,24,31.989070000000027,27.742940000000033,30.13864333333339,23.794720416666678,68.85369990605746,0.2117156958,0,0,2009,6
2009-06-14,304.88916,301.16333,302.94875583333334,297.4264420833333,0.0009889602680000001,24,31.739160000000027,28.013329999999996,29.79875583333336,24.276442083333336,72.27634441605703,0.9889602680000001,0,0,2009,6
2009-06-15,304.94806,301.18738,302.91475541666665,297.3105929166667,0.0016174316378,24,31.79806000000002,28.03738000000004,29.764755416666674,24.1605929166667,71.91617002051517,1.6174316378,1,0,2009,6
2009-06-16,305.6648,301.8731,303.47079333333335,296.97043916666667,0.00026178359762,24,32.51480000000004,28.723100000000045,30.32079333333337,23.820439166666688,68.24286644664413,0.26178359762000003,0,0,2009,6
2009-06-17,305.5835,301.42587,303.04232958333336,297.8699383333333,0.001854896557,24,32.43350000000004,28.275869999999998,29.892329583333378,24.719938333333346,73.82346333038649,1.854896557,1,0,2009,6
2009-06-18,305.4752,300.47455,302.8375575,297.7614516666667,0.00034570693586,24,32.325199999999995,27.324550000000045,29.687557500000025,24.61145166666671,74.2161931765538,0.34570693586,0,0,2009,6
2009-06-19,305.1278,299.99298,302.41116791666667,297.51460791666665,0.00034284591936,24,31.977800000000002,26.84298000000001,29.261167916666693,24.36460791666667,74.94948608402191,0.34284591936000003,0,0,2009,6
2009-06-20,304.41992,300.47946,301.71234,297.8914858333333,0.00454902650596,24,31.269920000000013,27.32946000000004,28.562340000000006,24.741485833333343,79.83013760928979,4.54902650596,1,0,2009,6
2009-06-21,304.14658,299.82886,301.925095,297.43146458333337,0.00564241405456,24,30.996579999999994,26.678860000000043,28.77509500000002,24.28146458333339,76.70661470801018,5.64241405456,1,0,2009,6
2009-06-22,305.63464,299.8808,302.33077166666664,297.11026999999996,0.00039291382059999995,24,32.48464000000001,26.730800000000045,29.180771666666658,23.96026999999998,73.49240509664966,0.39291382059999996,0,0,2009,6
2009-06-23,302.64282,299.34088,300.71667291666665,297.5288008333333,0.01647520056,24,29.492819999999995,26.19088000000005,27.566672916666676,24.378800833333344,82.78729003128461,16.47520056,1,0,2009,6
2009-06-24,302.5451,298.84076,300.52703583333334,297.86198291666665,0.01662063596,24,29.395100000000014,25.69076000000001,27.377035833333366,24.71198291666667,85.39945049827809,16.62063596,1,0,2009,6
2009-06-25,302.57138,299.01318,300.52618875,297.8126820833333,0.01621675504,24,29.42138,25.86318,27.37618875000004,24.662682083333323,85.15218588643152,16.21675504,1,0,2009,6
2009-06-26,302.12473,299.07343,300.24294791666665,297.81693,0.018566131524,24,28.974730000000022,25.923429999999996,27.092947916666674,24.666930000000036,86.60182265492975,18.566131524,1,0,2009,6
2009-06-27,301.27908,299.00134,300.102525,298.0356120833333,0.02307558045,24,28.129080000000044,25.85134000000005,26.952525000000037,24.885612083333342,88.4688102241376,23.07558045,1,0,2009,6
2009-06-28,301.8826,299.259,300.48638875,298.21069041666664,0.020793914835,24,28.732600000000048,26.109000000000037,27.336388750000026,25.06069041666666,87.40503815350974,20.793914835,1,0,2009,6
2009-06-29,302.37595,299.2506,300.54871166666663,298.1496675,0.01929950705,24,29.22595000000001,26.100600000000043,27.398711666666657,24.999667500000044,86.76964917072758,19.299507050000003,1,0,2009,6
2009-06-30,302.8369,299.43103,300.8896016666667,298.27222958333334,0.005388736719,24,29.686900000000037,26.281030000000044,27.739601666666715,25.122229583333365,85.67893922501224,5.388736719,1,0,2009,6
2009-07-01,302.3181,299.69507,300.82651833333335,298.36735500000003,0.02108049394,24,29.168100000000038,26.54507000000001,27.676518333333377,25.217355000000055,86.48468548305928,21.08049394,1,0,2009,7
2009-07-02,301.4622,299.7317,300.4684429166667,298.3448416666667,0.05072355325,24,28.31220000000002,26.581700000000012,27.318442916666697,25.19484166666672,88.19978409020929,50.723553249999995,1,1,2009,7
2009-07-03,301.01978,299.4649,300.14469708333337,297.95132041666665,0.04465913758,24,27.86978000000005,26.314900000000023,26.994697083333392,24.80132041666667,87.80628822741785,44.65913758,1,0,2009,7
2009-07-04,300.77936,298.93817,299.7570308333333,297.66659625,0.024499893207,24,27.62936000000002,25.788170000000036,26.60703083333334,24.51659625000002,88.31645510705877,24.499893207,1,0,2009,7
2009-07-05,301.7874,298.9348,300.31425916666666,297.1651229166667,0.0041055679432,24,28.637400000000014,25.78480000000002,27.16425916666668,24.015122916666712,82.93343795212535,4.1055679432,1,0,2009,7
2009-07-06,301.43054,299.11646,300.45629875000003,297.4693041666667,0.008790969939999999,24,28.28054000000003,25.96646000000004,27.306298750000053,24.31930416666671,83.76103335971696,8.790969939999998,1,0,2009,7
2009-07-07,300.287,298.85156,299.84460874999996,298.0863166666667,0.03462171591,24,27.137,25.70156000000003,26.694608749999986,24.9363166666667,90.09497173435548,34.621715910000006,1,0,2009,7
2009-07-08,300.16266,299.02502,299.58791625,297.96716583333335,0.07513093909,24,27.01266000000004,25.875020000000006,26.43791625,24.817165833333377,90.82090321449571,75.13093909,1,1,2009,7
2009-07-09,300.51428,298.2068,299.1326158333333,297.4525008333333,0.02828598006,24,27.364280000000008,25.05680000000001,25.98261583333334,24.30250083333334,90.46853890958424,28.28598006,1,0,2009,7
2009-07-10,300.40488,298.50458,299.42055583333337,297.80822458333336,0.02621030817,24,27.254880000000014,25.35458,26.27055583333339,24.65822458333338,90.85577738180376,26.210308169999998,1,0,2009,7
2009-07-11,300.94653,298.77112,299.72549625,297.9785508333333,0.02986049642,24,27.79653000000002,25.62112000000002,26.575496250000015,24.82855083333334,90.14776166936116,29.86049642,1,0,2009,7
2009-07-12,301.66827,299.29083,300.28628791666665,298.23048083333333,0.014417648299999999,24,28.51827000000003,26.14083000000005,27.136287916666674,25.080480833333354,88.5422185033982,14.417648299999998,1,0,2009,7
2009-07-13,301.00836,299.04678,299.914585,298.02268208333334,0.02117681491,24,27.858360000000005,25.896780000000035,26.76458500000001,24.87268208333336,89.38391239872851,21.17681491,1,0,2009,7
2009-07-14,300.03796,298.9986,299.49272125,298.05835833333333,0.0614318841,24,26.88796000000002,25.848600000000033,26.34272125000001,24.908358333333354,91.8319911706664,61.4318841,1,1,2009,7
2009-07-15,300.30804,299.0163,299.63346333333334,297.7917566666667,0.05804586398,24,27.158040000000028,25.866300000000024,26.48346333333336,24.64175666666671,89.63182610137517,58.04586398,1,1,2009,7
2009-07-16,300.05438,299.1687,299.58046375,297.62068416666665,0.03240299215,24,26.904380000000003,26.018700000000024,26.43046375,24.470684166666672,88.9963792990829,32.402992149999996,1,0,2009,7
2009-07-17,301.0701,298.74054,299.8953775,297.9803475,0.01189184193,24,27.920100000000048,25.590540000000033,26.745377500000018,24.830347500000016,89.2590482415358,11.89184193,1,0,2009,7
2009-07-18,301.29553,299.25723,300.1796370833333,298.0433908333334,0.00868082049,24,28.145530000000008,26.107230000000015,27.02963708333334,24.8933908333334,88.10946518703993,8.68082049,1,0,2009,7
2009-07-19,301.62616,299.12122,300.24492125,297.92408666666665,0.009002208671,24,28.47616000000005,25.971220000000017,27.094921250000027,24.774086666666676,87.14850491827865,9.002208671,1,0,2009,7
2009-07-20,300.49442,298.972,299.60024208333334,297.95548333333335,0.037862777789999996,24,27.344420000000014,25.822000000000003,26.450242083333364,24.80548333333337,90.69148413626101,37.862777789999996,1,0,2009,7
2009-07-21,299.80234,299.1881,299.45736041666663,297.8862033333333,0.02977609641,24,26.652340000000038,26.038100000000043,26.307360416666654,24.73620333333332,91.08218360328667,29.77609641,1,0,2009,7
2009-07-22,299.61682,298.8022,299.26903208333334,297.7843541666667,0.0605511665,24,26.46682000000004,25.65220000000005,26.119032083333366,24.634354166666697,91.54295764184971,60.5511665,1,1,2009,7
2009-07-23,299.96838,298.96368,299.3436208333333,297.7126891666667,0.04234886156,24,26.818380000000047,25.813680000000033,26.19362083333334,24.5626891666667,90.74966969951254,42.348861559999996,1,0,2009,7
2009-07-24,301.05106,298.70886,299.5897775,297.64988,0.026113987130000002,24,27.90106000000003,25.55886000000004,26.439777500000048,24.49988000000002,89.1031684068005,26.11398713,1,0,2009,7
2009-07-25,300.63898,298.9544,299.88031166666667,297.7710633333333,0.014436245089999999,24,27.488980000000026,25.804400000000044,26.730311666666694,24.621063333333325,88.22710896733692,14.43624509,1,0,2009,7
2009-07-26,300.83258,299.2556,300.0491475,297.3226629166667,0.006858825684,24,27.68258000000003,26.105600000000038,26.899147500000026,24.172662916666695,85.03732367529904,6.858825683999999,1,0,2009,7
2009-07-27,300.4718,298.79956,299.6589325,297.64858499999997,0.0116677284,24,27.321799999999996,25.649560000000008,26.508932500000014,24.49858499999999,88.73327233634396,11.667728400000001,1,0,2009,7
2009-07-28,300.9025,298.86548,299.74415416666665,297.7302075,0.00639963149,24,27.752499999999998,25.715480000000014,26.59415416666667,24.58020750000003,88.72087061170745,6.39963149,1,0,2009,7
2009-07-29,301.7234,299.3877,300.2920825,297.79535791666666,0.005735874205,24,28.57340000000005,26.237700000000018,27.142082500000015,24.645357916666683,86.24079455900586,5.735874205,1,0,2009,7
2009-07-30,301.53903,299.01987,300.17008333333337,297.63942000000003,0.00501632694,24,28.389030000000048,25.86987000000005,27.02008333333339,24.489420000000052,86.05409727986354,5.016326940000001,1,0,2009,7
2009-07-31,301.7856,299.23343,300.28417541666664,297.4474016666667,0.003616333018,24,28.63560000000001,26.08343000000002,27.134175416666665,24.2974016666667,84.50062156135797,3.616333018,1,0,2009,7
2009-08-01,301.47235,299.01587,300.31132,297.36215208333334,0.004768848425,24,28.32235000000003,25.86587000000003,27.161320000000046,24.212152083333365,83.93546043145108,4.768848425,1,0,2009,8
2009-08-02,301.49976,299.05603,300.027085,297.65598125,0.00461912153,24,28.349760000000003,25.906030000000044,26.877085000000022,24.505981250000048,86.8671743044556,4.61912153,1,0,2009,8
2009-08-03,301.66156,299.21185,300.2955875,297.3303245833333,0.00603437427,24,28.51156000000003,26.06185000000005,27.145587500000033,24.180324583333345,83.8526657422364,6.03437427,1,0,2009,8
2009-08-04,301.77142,298.85675,300.31705791666667,297.4529729166667,0.00759267807,24,28.62142,25.70675,27.167057916666693,24.302972916666704,84.36576500635009,7.59267807,1,0,2009,8
2009-08-05,301.42432,299.34692,300.4060170833333,297.52571,0.0072598457500000005,24,28.274320000000046,26.196920000000034,27.256017083333347,24.375710000000026,84.29321303651716,7.25984575,1,0,2009,8
2009-08-06,301.56305,299.85175,300.5689995833333,297.75746375,0.006476402295,24,28.41305,26.701750000000004,27.418999583333346,24.607463750000022,84.65849886917123,6.476402295,1,0,2009,8
2009-08-07,301.5764,299.38275,300.43389916666666,297.70912208333334,0.006608963014,24,28.4264,26.23275000000001,27.283899166666686,24.559122083333364,85.08537043818077,6.6089630139999995,1,0,2009,8
2009-08-08,301.65338,299.091,300.1507091666667,297.8455833333333,0.00714492797,24,28.50338000000005,25.94100000000003,27.000709166666695,24.69558333333333,87.22204324305272,7.14492797,1,0,2009,8
2009-08-09,301.56396,298.9599,300.28781083333337,297.66008375,0.00759124758,24,28.41396000000003,25.809900000000027,27.13781083333339,24.510083750000035,85.56662342279583,7.59124758,1,0,2009,8
2009-08-10,301.36346,298.8913,299.90082125,297.563835,0.00607490537,24,28.213459999999998,25.741300000000024,26.75082125,24.413835000000006,87.03353006280393,6.07490537,1,0,2009,8
2009-08-11,301.44678,298.59814,299.9821025,297.46441375,0.00484228136,24,28.296780000000012,25.448140000000024,26.83210250000002,24.31441375000003,86.10302620061483,4.842281359999999,1,0,2009,8
2009-08-12,301.68152,298.54572,300.0307970833333,297.668315,0.0046043396209999995,24,28.53152,25.39572000000004,26.880797083333334,24.51831500000003,86.9123842090314,4.604339620999999,1,0,2009,8
2009-08-13,301.8824,298.78168,300.32407458333336,297.629835,0.00308227541,24,28.73240000000004,25.631680000000017,27.17407458333338,24.479835000000037,85.22997526321076,3.08227541,1,0,2009,8
2009-08-14,301.97314,298.9183,300.1119675,297.49604500000004,0.003715038322,24,28.823140000000024,25.76830000000001,26.961967500000014,24.34604500000006,85.60978168191366,3.715038322,1,0,2009,8
2009-08-15,301.0679,299.05676,299.76470416666666,297.4405620833333,0.004185676593,24,27.91790000000003,25.90676000000002,26.614704166666684,24.290562083333327,87.0883839540008,4.185676593,1,0,2009,8
2009-08-16,301.63654,298.57,299.86674791666667,297.4704375,0.005108356495,24,28.486540000000048,25.420000000000016,26.71674791666669,24.320437500000025,86.72138012231395,5.108356495,1,0,2009,8
2009-08-17,301.95364,298.78662,300.2498925,297.6226804166667,0.002879619591,24,28.80364000000003,25.63662000000005,27.09989250000001,24.47268041666672,85.56550728287152,2.879619591,1,0,2009,8
2009-08-18,302.875,298.7674,300.8124441666667,297.6147775,0.0015439987280000001,24,29.725000000000023,25.617400000000032,27.662444166666717,24.464777500000025,82.74982235229673,1.543998728,1,0,2009,8
2009-08-19,302.92233,299.56943,301.27989833333334,298.50836083333337,0.004063606273,24,29.77233000000001,26.419430000000034,28.129898333333358,25.358360833333393,84.93462581572905,4.063606273,1,0,2009,8
2009-08-20,302.4942,299.29855,300.7260929166667,298.17589333333336,0.010447979062999999,24,29.3442,26.14855,27.57609291666671,25.025893333333386,86.00701575897881,10.447979062999998,1,0,2009,8
2009-08-21,301.42285,298.94885,300.15804291666666,297.7538375,0.006956577345,24,28.272850000000005,25.798850000000016,27.008042916666682,24.603837499999997,86.7071127699742,6.956577345,1,0,2009,8
2009-08-22,301.23615,298.95047,299.96264125,297.63356375,0.006570339186999999,24,28.086150000000032,25.80047000000002,26.812641250000013,24.48356375000003,87.08033537243591,6.570339186999999,1,0,2009,8
2009-08-23,301.89975,298.64056,300.06952375,297.39828416666666,0.0041246414,24,28.749750000000006,25.490560000000016,26.919523749999996,24.24828416666668,85.32190273678329,4.1246414,1,0,2009,8
2009-08-24,302.6643,299.06577,300.2695620833333,297.5799558333333,0.004968166363,24,29.51430000000005,25.91577000000001,27.119562083333335,24.429955833333338,85.24813080288524,4.968166363,1,0,2009,8
2009-08-25,301.6756,298.55356,299.735845,297.3672625,0.005338191996,24,28.525599999999997,25.403560000000027,26.585845000000006,24.217262500000004,86.85381628634075,5.338191996,1,0,2009,8
2009-08-26,301.54315,298.98856,299.97268333333335,297.46133208333333,0.00505352019,24,28.39315000000005,25.83856000000003,26.822683333333373,24.311332083333355,86.13486593985002,5.0535201899999995,1,0,2009,8
2009-08-27,301.79156,298.7708,299.88833875,297.57492541666664,0.00917720807,24,28.641560000000027,25.62080000000003,26.738338750000025,24.424925416666667,87.15547757160664,9.177208069999999,1,0,2009,8
2009-08-28,300.44858,298.57355,299.4193745833333,297.4896616666667,0.00874137875,24,27.298580000000015,25.423550000000034,26.26937458333333,24.3396616666667,89.14456955481164,8.74137875,1,0,2009,8
2009-08-29,301.04474,298.88245,299.61751291666667,297.71841291666664,0.02956199664,24,27.894740000000013,25.73245000000003,26.467512916666692,24.56841291666666,89.32324887857864,29.56199664,1,0,2009,8
2009-08-30,300.92258,298.79755,299.6555154166667,297.8653570833333,0.01990413663,24,27.772580000000005,25.647550000000024,26.505515416666697,24.715357083333345,89.91025968598518,19.90413663,1,0,2009,8
2009-08-31,301.97174,298.7658,300.07677458333336,297.95178000000004,0.0051579475349999996,24,28.821740000000034,25.615800000000036,26.926774583333383,24.801780000000065,88.16021709977103,5.157947535,1,0,2009,8
2009-09-01,301.90225,298.4752,300.00710875,297.81446958333333,0.005358219162,24,28.752250000000004,25.325199999999995,26.85710875000001,24.664469583333357,87.79849100158799,5.358219162,1,0,2009,9
2009-09-02,300.71436,298.84732,299.694865,297.61743625,0.01988267901,24,27.564360000000022,25.697320000000047,26.544865000000016,24.46743625000005,88.38023499288408,19.88267901,1,0,2009,9
2009-09-03,300.31116,298.2261,299.26182291666663,297.4550408333333,0.06547689445,24,27.161159999999995,25.076099999999997,26.111822916666654,24.30504083333335,89.79263340312832,65.47689445,1,1,2009,9
2009-09-04,300.0802,297.97278,298.9079425,297.4285454166666,0.04972887069,24,26.930200000000013,24.822780000000023,25.757942500000013,24.278545416666645,91.55019597407691,49.72887069,1,0,2009,9
2009-09-05,301.11044,298.94324,299.94259625,297.9009908333333,0.01003360741,24,27.960440000000006,25.793240000000026,26.79259625000003,24.750990833333333,88.58989833106502,10.033607409999998,1,0,2009,9
2009-09-06,301.6869,298.19363,299.7331295833333,297.59147666666667,0.005813598632,24,28.536900000000003,25.043630000000007,26.583129583333346,24.441476666666688,88.04388291656689,5.813598632,1,0,2009,9
2009-09-07,301.0404,298.0705,299.51816291666665,297.29144875000003,0.003480911243,24,27.8904,24.920500000000004,26.368162916666677,24.141448750000052,87.57748464660301,3.480911243,1,0,2009,9
2009-09-08,301.6222,298.6476,299.9614075,297.60557,0.004677295667,24,28.472200000000043,25.497600000000034,26.81140750000003,24.455570000000023,86.94070890733859,4.677295667,1,0,2009,9
2009-09-09,302.37518,299.28732,300.51268999999996,297.62265874999997,0.003519535069,24,29.225180000000023,26.137320000000045,27.362689999999986,24.472658749999994,84.25551324461195,3.519535069,1,0,2009,9
2009-09-10,301.9163,298.92978,300.1427333333333,297.57576625,0.0029191970760000002,24,28.7663,25.779780000000017,26.99273333333332,24.425766250000038,85.86445239929715,2.919197076,1,0,2009,9
2009-09-11,301.91266,298.53436,299.93790874999996,297.11863208333335,0.005169391643,24,28.76266000000004,25.384360000000015,26.787908749999986,23.968632083333375,84.55288742294354,5.169391643,1,0,2009,9
2009-09-12,302.8919,298.57727,300.4267570833333,297.54428208333337,0.0061197280773,24,29.741900000000044,25.42727000000002,27.276757083333337,24.394282083333394,84.28447595345139,6.1197280773000005,1,0,2009,9
2009-09-13,303.03467,299.39612,300.8971470833333,298.2155425,0.008299827585360001,24,29.88467000000003,26.24612000000002,27.747147083333346,25.06554250000005,85.35208842133018,8.299827585360001,1,0,2009,9
2009-09-14,302.3966,298.75558,300.46260916666665,298.0671458333333,0.006741046883,24,29.2466,25.60558000000003,27.312609166666675,24.917145833333336,86.78033897625274,6.741046883,1,0,2009,9
2009-09-15,303.34543,298.79254,300.8108820833333,297.3529008333333,0.002468585974,24,30.195430000000044,25.642539999999997,27.66088208333332,24.20290083333333,81.46764727960843,2.4685859740000002,1,0,2009,9
2009-09-16,303.3899,298.2624,300.84023375,297.0825825,0.00097894669186,24,30.239900000000034,25.112400000000036,27.690233750000004,23.932582500000024,80.01728694812086,0.9789466918599999,0,0,2009,9
2009-09-17,304.01862,298.38376,301.18257958333334,296.63412,0.00020313263222,24,30.86862000000002,25.233760000000018,28.03257958333336,23.48412000000002,76.34133236614764,0.20313263222,0,0,2009,9
2009-09-18,304.47888,299.28754,301.5820904166667,297.56217583333336,3.8146973e-06,24,31.328880000000026,26.13754,28.43209041666671,24.41217583333338,78.86676870612744,0.0038146973000000002,0,0,2009,9
2009-09-19,304.17914,299.23492,301.63222375000004,298.46850666666666,0.00047922135278,24,31.02914000000004,26.08492000000001,28.48222375000006,25.31850666666668,83.01240010978864,0.47922135278,0,0,2009,9
2009-09-20,303.63528,299.53864,301.45477,298.20026416666667,0.00125932693478,24,30.485280000000046,26.38864000000001,28.30477000000002,25.050264166666693,82.54393855208596,1.25932693478,1,0,2009,9
2009-09-21,304.67584,299.27335,301.37444166666666,297.66793291666664,0.00020647048932,24,31.525840000000017,26.123350000000016,28.224441666666678,24.517932916666666,80.33363529011376,0.20647048932,0,0,2009,9
2009-09-22,304.88818,300.23,301.5832183333333,298.3653279166667,0.003674507128,24,31.73818,27.08000000000004,28.433218333333343,25.215327916666695,82.73933483518144,3.674507128,1,0,2009,9
2009-09-23,302.29285,298.95758,300.5503033333334,298.18822625,0.010234832659400001,24,29.14285000000001,25.80758000000003,27.400303333333397,25.038226250000037,86.96141676494483,10.2348326594,1,0,2009,9
2009-09-24,302.97568,298.69025,300.50551291666665,298.12530583333336,0.010467052446600001,24,29.825680000000034,25.540250000000015,27.35551291666667,24.97530583333338,86.86332904567534,10.4670524466,1,0,2009,9
2009-09-25,303.21918,299.50934,301.0628854166667,298.4689129166667,0.002575874285,24,30.069180000000017,26.35934000000003,27.91288541666671,25.318912916666704,85.81541562557767,2.575874285,1,0,2009,9
2009-09-26,303.65146,299.23398,301.3997166666667,298.3096491666667,0.00240707397,24,30.50146000000001,26.083979999999997,28.2497166666667,25.159649166666725,83.35102980757013,2.40707397,1,0,2009,9
2009-09-27,304.14508,299.14294,301.45182666666665,298.00608083333333,0.00040864944412,24,30.99508000000003,25.992940000000033,28.30182666666667,24.85608083333335,81.60648825642407,0.40864944412000004,0,0,2009,9
2009-09-28,303.09174,299.18747,301.2692916666667,298.33623375,0.0022630691783,24,29.94174000000004,26.03747000000004,28.119291666666697,25.186233750000042,84.12032677338375,2.2630691783000003,1,0,2009,9
2009-09-29,303.39966,299.57074,301.37908666666664,298.641055,0.00922775271,24,30.249660000000006,26.420740000000023,28.22908666666666,25.491055000000017,85.1142370292368,9.22775271,1,0,2009,9
2009-09-30,303.49573,299.93054,301.3290529166667,298.86133083333334,0.00663328170076,24,30.345730000000003,26.78054000000003,28.179052916666706,25.711330833333363,86.48736917690658,6.63328170076,1,0,2009,9
2009-10-01,304.28595,300.10538,301.8183920833333,299.5440475,0.0017876625251599999,24,31.135950000000037,26.955380000000048,28.668392083333345,26.3940475,87.52748316124494,1.7876625251599998,1,0,2009,10
2009-10-02,304.74695,300.47476,302.1650504166667,299.92614333333336,0.00047731399309999996,24,31.59695000000005,27.324760000000026,29.015050416666725,26.77614333333338,87.74023159772365,0.47731399309999994,0,0,2009,10
2009-10-03,303.42325,299.72778,301.4699820833333,299.56411083333336,0.0061874389649,24,30.27325000000002,26.57778000000002,28.319982083333343,26.414110833333382,89.42506354099206,6.1874389649,1,0,2009,10
2009-10-04,301.30615,299.34918,300.34202958333333,298.40624125,0.04850626014,24,28.156150000000025,26.199180000000013,27.19202958333335,25.256241250000016,89.1822784204974,48.50626014,1,0,2009,10
2009-10-05,301.15894,298.56696,299.66296041666664,297.852395,0.037574291259999996,24,28.008939999999996,25.416960000000017,26.512960416666658,24.702395000000024,89.80111447183937,37.574291259999995,1,0,2009,10
2009-10-06,301.7426,299.0135,300.32472916666666,297.71340125,0.010479927024,24,28.592600000000004,25.863500000000045,27.17472916666668,24.563401250000027,85.65435020731752,10.479927024,1,0,2009,10
2009-10-07,301.9688,299.0916,300.42891208333333,297.32489541666666,0.0021739006214999998,24,28.81880000000001,25.94160000000005,27.278912083333353,24.174895416666686,83.17174071158635,2.1739006214999996,1,0,2009,10
2009-10-08,302.45474,298.94012,300.4782775,296.5085070833333,0.0005645751937,24,29.304740000000038,25.79012,27.328277500000013,23.358507083333336,78.95170855471515,0.5645751937000001,0,0,2009,10
2009-10-09,302.8888,298.39648,300.38221,295.17678083333334,0.00015783309932,24,29.738800000000026,25.24648000000002,27.23221000000001,22.026780833333362,73.23025664941488,0.15783309932,0,0,2009,10
2009-10-10,302.57376,296.5839,299.8377175,295.0177095833333,9.536743e-07,24,29.423760000000016,23.43390000000005,26.68771750000002,21.86770958333335,74.88268607242975,0.0009536743,0,0,2009,10
2009-10-11,303.16046,296.98752,300.07974916666666,295.5503870833333,0.00010824203316,24,30.010460000000023,23.83752000000004,26.92974916666668,22.400387083333328,76.26023010137229,0.10824203316,0,0,2009,10
2009-10-12,304.636,297.88406,301.15565499999997,297.14049374999996,0.0009641647296600001,24,31.486000000000047,24.73406,28.00565499999999,23.990493749999985,78.83001547699767,0.9641647296600001,0,0,2009,10
2009-10-13,303.8861,299.16476,301.15886666666665,297.0468108333333,0.0010147094919,24,30.73610000000002,26.014760000000024,28.008866666666677,23.896810833333348,78.37232661641546,1.0147094919000001,1,0,2009,10
2009-10-14,304.73422,299.07056,301.52446000000003,297.24304041666664,0.00016355514076000003,24,31.584220000000016,25.920560000000023,28.374460000000056,24.093040416666668,77.63051904445807,0.16355514076000002,0,0,2009,10
2009-10-15,305.63083,298.47894,301.73636625,296.7797091666667,0.0,24,32.480830000000026,25.328940000000046,28.586366250000026,23.629709166666714,74.57060031437547,0.0,0,0,2009,10
2009-10-16,305.96463,298.44952,302.03864541666667,296.71346666666665,5.722046e-06,24,32.81463000000002,25.29952000000003,28.88864541666669,23.56346666666667,72.9812338765345,0.005722046,0,0,2009,10
2009-10-17,305.8294,297.6828,301.1962175,296.36589291666667,0.0,24,32.679400000000044,24.53280000000001,28.04621750000001,23.21589291666669,75.0542834094632,0.0,0,0,2009,10
2009-10-18,305.50677,296.82632,300.7459866666667,296.03152041666664,4.7683716e-07,24,32.35677000000004,23.676320000000032,27.595986666666704,22.88152041666666,75.51091532647352,0.00047683716000000004,0,0,2009,10
2009-10-19,305.46576,296.17102,300.55813125000003,294.66763875,0.0,24,32.31576000000001,23.02102000000002,27.408131250000054,21.517638750000003,70.25682867603392,0.0,0,0,2009,10
2009-10-20,305.28635,295.6535,300.45592833333336,295.1087108333333,0.0,24,32.13635000000005,22.50350000000003,27.305928333333384,21.958710833333328,72.61178756945678,0.0,0,0,2009,10
2009-10-21,305.74792,296.52155,300.90248625,295.8863954166667,0.0,24,32.597920000000045,23.371550000000013,27.752486250000004,22.73639541666671,74.16673369112654,0.0,0,0,2009,10
2009-10-22,305.9947,296.9975,301.0871808333333,295.5340475,0.0,24,32.844700000000046,23.847500000000025,27.937180833333343,22.38404750000001,71.81591829969145,0.0,0,0,2009,10
2009-10-23,306.40076,297.93,301.25282833333335,294.1941341666667,0.0,24,33.250760000000014,24.78000000000003,28.102828333333377,21.04413416666671,65.52782421548488,0.0,0,0,2009,10
2009-10-24,305.9198,295.40253,299.9396541666667,293.33265208333336,0.0,24,32.76980000000003,22.252530000000036,26.789654166666708,20.18265208333338,67.10794119925617,0.0,0,0,2009,10
2009-10-25,305.89636,293.86218,299.54682125,292.1072225,0.0,24,32.74636000000004,20.712180000000046,26.396821250000016,18.9572225,63.642682209904216,0.0,0,0,2009,10
2009-10-26,306.0689,294.21155,299.71106041666667,292.03068916666666,0.0,24,32.91890000000001,21.06155000000001,26.56106041666669,18.880689166666684,62.727967233484534,0.0,0,0,2009,10
2009-10-27,306.14142,294.4082,299.91601375,291.9165120833333,0.0,24,32.991420000000005,21.258200000000045,26.766013750000013,18.76651208333334,61.533786989445375,0.0,0,0,2009,10
2009-10-28,306.19257,294.3847,300.0412054166667,291.52466375,0.0,24,33.04257000000001,21.234700000000032,26.891205416666708,18.374663750000025,59.60070100583299,0.0,0,0,2009,10
2009-10-29,306.71558,295.33173,300.52786625,291.89259875,0.0,24,33.56558000000001,22.181730000000016,27.37786625000001,18.742598750000013,59.271620144619796,0.0,0,0,2009,10
2009-10-30,306.28336,294.80875,300.16312999999997,292.13893583333333,0.0,24,33.13336000000004,21.658749999999998,27.01312999999999,18.988935833333358,61.49432178044686,0.0,0,0,2009,10
2009-10-31,306.451,293.4756,299.40430250000003,291.35370625,0.0,24,33.301000000000045,20.32560000000001,26.25430250000005,18.20370625000004,61.22189752457541,0.0,0,0,2009,10
2009-11-01,306.38742,293.30566,299.31926416666664,290.94365875,0.0,24,33.23742000000004,20.15566000000001,26.169264166666665,17.79365875000002,59.96338089180249,0.0,0,0,2009,11
2009-11-02,306.59653,293.48337,299.73785875,289.4746733333333,0.0,24,33.446529999999996,20.333370000000002,26.58785875000001,16.32467333333335,53.29844334868394,0.0,0,0,2009,11
2009-11-03,306.25317,293.1195,299.45279750000003,289.22260625,0.0,24,33.103170000000034,19.96950000000004,26.302797500000054,16.072606250000035,53.33845881956844,0.0,0,0,2009,11
2009-11-04,306.0786,293.6116,299.47238125,290.11099333333334,0.0,24,32.92860000000002,20.461600000000033,26.322381250000035,16.960993333333363,56.37566592279991,0.0,0,0,2009,11
2009-11-05,305.98944,294.2824,299.72261208333333,290.6912008333333,0.0,24,32.839440000000025,21.13240000000002,26.572612083333354,17.541200833333335,57.62635018942931,0.0,0,0,2009,11
2009-11-06,305.7599,295.3119,300.2385041666667,292.8307425,0.0,24,32.60990000000004,22.161900000000003,27.088504166666723,19.680742500000008,63.91807251071866,0.0,0,0,2009,11
2009-11-07,305.9015,296.8092,301.0323579166666,294.2441079166667,1.4305115e-06,24,32.75150000000002,23.6592,27.88235791666665,21.0941079166667,66.58081270163045,0.0014305115,0,0,2009,11
2009-11-08,305.08975,297.02557,301.0225033333333,294.91340833333334,0.00036525725770000003,24,31.939750000000004,23.87557000000004,27.872503333333327,21.76340833333336,69.40937533318042,0.3652572577,0,0,2009,11
2009-11-09,303.123,299.5425,300.96306250000004,295.8075558333333,0.0010781287859,24,29.973000000000013,26.39250000000004,27.813062500000058,22.657555833333333,73.55158918259431,1.0781287859000002,1,0,2009,11
2009-11-10,300.39218,297.6381,298.7698741666667,296.044455,0.015450477558,24,27.24218000000002,24.48810000000003,25.619874166666705,22.89445500000005,84.91089093572681,15.450477558,1,0,2009,11
2009-11-11,298.34717,296.9814,297.71266375,295.3695129166667,0.05600500125,24,25.19717000000003,23.83140000000003,24.562663750000013,22.2195129166667,86.80213612733166,56.00500125,1,1,2009,11
2009-11-12,300.0835,295.74646,298.0959216666667,295.1083008333333,0.00063705444382,24,26.933500000000038,22.596460000000036,24.94592166666672,21.95830083333334,83.49461095972018,0.63705444382,0,0,2009,11
2009-11-13,301.83386,296.4278,298.8707170833333,296.2848558333333,0.00042724608876,24,28.68386000000004,23.277800000000013,25.72071708333334,23.134855833333347,85.64201790114726,0.42724608876,0,0,2009,11
2009-11-14,301.37646,296.1975,298.6666841666667,296.58668,0.00126934052582,24,28.22646000000003,23.047500000000014,25.51668416666672,23.436680000000024,88.2826107696439,1.2693405258200001,1,0,2009,11
2009-11-15,301.76904,297.58566,299.41175333333337,296.76744375,0.0018196105937,24,28.61904000000004,24.43566000000004,26.261753333333388,23.617443750000007,85.3940431042429,1.8196105937,1,0,2009,11
2009-11-16,300.8138,297.27435,298.884515,296.48947,0.0059165954146,24,27.663800000000037,24.12435000000005,25.734515000000044,23.339470000000006,86.63733210865642,5.916595414600001,1,0,2009,11
2009-11-17,301.89658,297.14023,299.48556583333334,296.7954608333333,0.00026893616012,24,28.746579999999994,23.990229999999997,26.335565833333362,23.645460833333345,85.16602998225768,0.26893616012,0,0,2009,11
2009-11-18,302.8791,297.44684,299.59334,296.0620775,3.3378601e-06,24,29.729100000000017,24.29684000000003,26.443340000000035,22.91207750000001,80.9555000984984,0.0033378601,0,0,2009,11
2009-11-19,303.68893,295.5417,299.47828375,295.02219083333335,0.0,24,30.53893000000005,22.391700000000014,26.328283750000026,21.872190833333377,76.50908277751091,0.0,0,0,2009,11
2009-11-20,303.8083,295.89227,299.23322708333336,294.07871125,0.0,24,30.658299999999997,22.74227000000002,26.083227083333384,20.92871125000005,73.26291114509901,0.0,0,0,2009,11
2009-11-21,303.46518,294.28583,298.7038525,293.6973170833333,0.0,24,30.315179999999998,21.13583,25.553852500000005,20.547317083333326,73.84397208170462,0.0,0,0,2009,11
2009-11-22,303.4616,294.70074,298.72907625,293.42598,0.0,24,30.3116,21.55074000000002,25.579076250000014,20.275980000000004,72.50773364492262,0.0,0,0,2009,11
2009-11-23,304.13824,295.13208,299.19594958333334,293.6938779166667,0.0,24,30.98824000000002,21.982079999999996,26.045949583333368,20.543877916666702,71.70401548893166,0.0,0,0,2009,11
2009-11-24,303.98233,294.89297,298.95385416666664,294.05056291666665,0.0,24,30.832330000000013,21.742970000000014,25.803854166666667,20.900562916666672,74.35711180226187,0.0,0,0,2009,11
2009-11-25,303.30322,294.50116,298.65158583333334,295.3657316666667,4.29153442e-06,24,30.153220000000033,21.35116000000005,25.501585833333365,22.215731666666727,82.05393979445839,0.0042915344200000006,0,0,2009,11
2009-11-26,303.9932,296.3311,299.49496791666667,295.2833508333334,0.0,24,30.843200000000024,23.181100000000015,26.34496791666669,22.133350833333395,77.66184895596763,0.0,0,0,2009,11
2009-11-27,305.06143,295.54065,299.92058333333335,294.39196875,0.0,24,31.911429999999996,22.39065000000005,26.770583333333377,21.241968750000012,71.71623743763845,0.0,0,0,2009,11
2009-11-28,304.46875,295.60397,299.78597083333335,293.07432958333334,0.0,24,31.318750000000023,22.453970000000027,26.635970833333374,19.92432958333336,66.6434783467885,0.0,0,0,2009,11
2009-11-29,304.07178,294.26727,298.5500779166667,291.80522041666666,0.0,24,30.921780000000012,21.11727000000002,25.400077916666703,18.65522041666668,66.25368275333025,0.0,0,0,2009,11
2009-11-30,303.5786,292.7915,297.7046295833333,290.5206483333333,0.0,24,30.428600000000017,19.641500000000008,24.554629583333337,17.37064833333335,64.27300719607474,0.0,0,0,2009,11
2009-12-01,303.46515,292.65143,297.5914020833333,290.40630625,0.0,24,30.315150000000017,19.501430000000028,24.441402083333344,17.256306250000023,64.24413280242557,0.0,0,0,2009,12
2009-12-02,303.8228,292.92358,297.99278458333333,291.23861833333336,0.0,24,30.672799999999995,19.773580000000038,24.842784583333355,18.088618333333386,66.10021143508807,0.0,0,0,2009,12
2009-12-03,304.20227,293.59927,298.26495125,292.2557908333333,0.0,24,31.05227000000002,20.449270000000013,25.114951250000047,19.105790833333344,69.31322386082489,0.0,0,0,2009,12
2009-12-04,303.774,293.89893,298.10548875,292.8226133333333,0.0,24,30.624000000000024,20.74893000000003,24.95548875000003,19.672613333333345,72.4893163386488,0.0,0,0,2009,12
2009-12-05,302.68375,294.69696,297.9521495833333,293.7014208333333,0.0,24,29.533749999999998,21.546960000000013,24.802149583333346,20.55142083333334,77.24728692319711,0.0,0,0,2009,12
2009-12-06,302.9582,294.7621,298.2832920833333,294.15287333333333,0.0,24,29.8082,21.612099999999998,25.133292083333345,21.002873333333355,77.8711391251585,0.0,0,0,2009,12
2009-12-07,302.74316,295.48834,298.47009083333336,294.19673416666666,0.0,24,29.59316000000001,22.338340000000017,25.32009083333338,21.04673416666668,77.21722664586987,0.0,0,0,2009,12
2009-12-08,303.56723,295.1972,298.68243708333335,293.2748433333333,0.0,24,30.417230000000018,22.047200000000032,25.532437083333377,20.12484333333333,72.03223503292823,0.0,0,0,2009,12
2009-12-09,304.00952,293.76697,298.31548000000004,293.03216291666666,0.0,24,30.859520000000032,20.616970000000038,25.16548000000006,19.882162916666687,72.52414746598716,0.0,0,0,2009,12
2009-12-10,303.98935,293.72217,298.0113054166667,292.81837083333335,0.0,24,30.839350000000024,20.57217000000003,24.86130541666671,19.66837083333337,72.87900217308325,0.0,0,0,2009,12
2009-12-11,303.85458,293.943,298.56762791666665,292.27643958333334,0.0,24,30.70458000000002,20.793000000000006,25.417627916666675,19.126439583333365,68.16254316705975,0.0,0,0,2009,12
2009-12-12,303.82153,293.5355,297.98281791666665,291.98069291666667,0.0,24,30.67153000000002,20.385500000000036,24.83281791666667,18.830692916666692,69.289652419034,0.0,0,0,2009,12
2009-12-13,304.25024,293.71954,298.36181875,292.03299208333334,0.0,24,31.100240000000042,20.569540000000018,25.21181875000002,18.882992083333363,67.96200810068571,0.0,0,0,2009,12
2009-12-14,304.24213,293.83566,298.45623041666664,292.4134808333333,0.0,24,31.092129999999997,20.68566000000004,25.306230416666665,19.263480833333347,69.20479982188445,0.0,0,0,2009,12
2009-12-15,304.43463,295.1328,298.92233208333334,292.96076,0.0,24,31.28463000000005,21.982799999999997,25.772332083333367,19.810760000000016,69.64405433713188,0.0,0,0,2009,12
2009-12-16,303.3225,295.01776,298.8386,293.28533250000004,0.0,24,30.172500000000014,21.867760000000033,25.688600000000008,20.13533250000006,71.41337217881058,0.0,0,0,2009,12
2009-12-17,302.9542,295.9159,298.5315025,294.0926845833333,0.0,24,29.804200000000037,22.765900000000045,25.38150250000001,20.942684583333346,76.44469158459702,0.0,0,0,2009,12
2009-12-18,302.76895,294.61603,298.5005291666667,293.61626666666666,0.0,24,29.61895000000004,21.466030000000046,25.350529166666718,20.466266666666684,74.36944035018034,0.0,0,0,2009,12
2009-12-19,303.5155,295.65778,299.09819458333334,293.6877133333333,0.00040388107176,24,30.365499999999997,22.507780000000025,25.94819458333336,20.53771333333333,72.0930374501555,0.40388107176,0,0,2009,12
2009-12-20,304.6728,296.33746,299.70640208333333,293.2930191666667,3.38554386e-05,24,31.522800000000018,23.187460000000044,26.556402083333353,20.143019166666704,67.87030457951653,0.0338554386,0,0,2009,12
2009-12-21,304.46918,294.9849,299.2962470833333,291.96690375,0.0,24,31.319180000000017,21.834900000000005,26.14624708333332,18.816903749999994,64.02856224015838,0.0,0,0,2009,12
2009-12-22,303.99945,294.93286,298.91759375,291.617595,0.0,24,30.849450000000047,21.782860000000028,25.767593750000003,18.467595000000017,64.0649173113989,0.0,0,0,2009,12
2009-12-23,303.64142,294.06116,298.2489366666667,290.11755999999997,0.0,24,30.491420000000005,20.911159999999995,25.098936666666702,16.96755999999999,60.64806184563306,0.0,0,0,2009,12
2009-12-24,303.53516,292.53265,297.41501625,288.81829208333335,0.0,24,30.38516000000004,19.382650000000012,24.26501625000003,15.66829208333337,58.68377703927304,0.0,0,0,2009,12
2009-12-25,302.9932,291.72104,296.91281833333335,288.23704416666664,0.0,24,29.843200000000024,18.57104000000004,23.76281833333337,15.087044166666658,58.26723924837417,0.0,0,0,2009,12
2009-12-26,302.32483,291.05875,296.26044958333335,288.19430166666666,0.0,24,29.174830000000043,17.908749999999998,23.110449583333377,15.044301666666684,60.44184611372871,0.0,0,0,2009,12
2009-12-27,300.74194,292.5957,296.41926541666663,289.7522779166666,0.0,24,27.591940000000022,19.445700000000045,23.269265416666656,16.60227791666665,66.1388393892899,0.0,0,0,2009,12
2009-12-28,300.7201,292.7572,296.23985125,289.69545583333337,0.0,24,27.570100000000025,19.607200000000034,23.089851250000038,16.545455833333392,66.61942111715778,0.0,0,0,2009,12
2009-12-29,300.5562,294.07928,296.84428583333334,289.276035,8.583069e-06,24,27.406200000000013,20.929280000000006,23.694285833333367,16.126035,62.536890585035366,0.008583068999999999,0,0,2009,12
2009-12-30,301.6654,292.11804,296.2105775,287.505405,0.0,24,28.5154,18.96804000000003,23.060577500000022,14.355405000000019,57.988235995021334,0.0,0,0,2009,12
2009-12-31,302.71686,289.69843,295.91085208333334,287.80676416666665,0.0,24,29.56686000000002,16.548429999999996,22.76085208333336,14.656764166666676,60.21303818757456,0.0,0,0,2009,12
2010-01-01,303.25433,293.24963,297.89893208333336,290.32218,0.0,24,30.104330000000004,20.099630000000047,24.748932083333386,17.172180000000026,62.737261072519665,0.0,0,0,2010,1
2010-01-02,304.2989,295.36673,299.10598666666664,292.40566333333334,0.0,24,31.148900000000026,22.21673000000004,25.95598666666666,19.25566333333336,66.55213181219071,0.0,0,0,2010,1
2010-01-03,302.86926,296.8199,299.2836229166667,293.5558820833333,0.0,24,29.71926000000002,23.66990000000004,26.133622916666695,20.405882083333324,70.72758632235798,0.0,0,0,2010,1
2010-01-04,302.39392,294.9281,297.98782,291.6553383333333,0.0,24,29.243920000000003,21.778099999999995,24.837820000000022,18.505338333333327,67.87239433132378,0.0,0,0,2010,1
2010-01-05,302.11853,292.29572,296.77323874999996,291.14427666666666,0.0,24,28.968530000000044,19.14572000000004,23.623238749999985,17.99427666666668,70.69970047560668,0.0,0,0,2010,1
2010-01-06,303.4018,293.20612,298.0120583333333,291.43965333333335,0.0,24,30.251800000000003,20.05612000000002,24.862058333333323,18.289653333333376,66.86337245687726,0.0,0,0,2010,1
2010-01-07,303.3519,293.46182,298.05517041666667,290.0776695833333,0.0,24,30.201900000000023,20.31182000000001,24.905170416666692,16.92766958333334,61.19844043303825,0.0,0,0,2010,1
2010-01-08,303.8802,294.1516,298.13044916666666,289.33936416666666,0.0,24,30.730200000000025,21.001599999999996,24.980449166666688,16.189364166666678,58.128490675437305,0.0,0,0,2010,1
2010-01-09,303.86676,292.80414,297.7752454166667,289.74410125,0.0,24,30.716760000000022,19.65414000000004,24.6252454166667,16.59410125000005,60.92654553806039,0.0,0,0,2010,1
2010-01-10,302.98935,292.37567,297.7702491666667,290.6367,0.0,24,29.839350000000024,19.225670000000036,24.620249166666724,17.48670000000004,64.49227090023558,0.0,0,0,2010,1
2010-01-11,302.89502,294.87964,298.53041583333334,293.12197833333335,9.536743e-07,24,29.74502000000001,21.729640000000018,25.38041583333336,19.971978333333368,72.00147172138718,0.0009536743,0,0,2010,1
2010-01-12,301.38055,296.22296,298.41036708333337,293.9873166666667,4.816055206e-05,24,28.23055000000005,23.072960000000023,25.260367083333392,20.83731666666671,76.50026842320646,0.04816055206,0,0,2010,1
2010-01-13,301.1636,293.4975,296.7376591666667,289.1012025,0.0,24,28.013599999999997,20.347500000000025,23.587659166666697,15.951202500000022,62.24124278411726,0.0,0,0,2010,1
2010-01-14,302.93292,290.88535,296.40619291666667,286.48679791666666,0.0,24,29.782920000000047,17.73535000000004,23.25619291666669,13.336797916666683,53.63631080379573,0.0,0,0,2010,1
2010-01-15,303.5276,292.82947,298.07431249999996,290.4104125,0.0,24,30.37760000000003,19.679470000000038,24.924312499999985,17.26041250000003,62.43092306682311,0.0,0,0,2010,1
2010-01-16,304.38492,294.70648,298.7706,290.89626375,0.0,24,31.234920000000045,21.556480000000022,25.620600000000024,17.746263750000026,61.76118935407668,0.0,0,0,2010,1
2010-01-17,303.55786,293.94272,298.1054175,288.8809425,0.0,24,30.407860000000028,20.79272000000003,24.95541750000001,15.730942500000026,56.534482608103524,0.0,0,0,2010,1
2010-01-18,301.71436,292.56683,296.55244625,289.2222233333333,0.0,24,28.564360000000022,19.416830000000004,23.402446250000025,16.07222333333334,63.42947139868871,0.0,0,0,2010,1
2010-01-19,303.44592,292.18073,297.80970458333337,289.7871608333333,0.0,24,30.295920000000024,19.030730000000005,24.659704583333394,16.637160833333326,60.96775489123611,0.0,0,0,2010,1
2010-01-20,304.8102,293.18463,298.08775291666666,289.4745575,0.0,24,31.66020000000003,20.03463000000005,24.937752916666682,16.324557500000026,58.78142406171544,0.0,0,0,2010,1
2010-01-21,304.89752,292.97302,298.24979958333336,288.7162075,0.0,24,31.74752000000001,19.823020000000042,25.09979958333338,15.566207500000019,55.46106759261686,0.0,0,0,2010,1
2010-01-22,303.21494,291.9146,297.3338391666667,288.5259791666667,0.0,24,30.064940000000036,18.76460000000003,24.1838391666667,15.375979166666696,57.87527266959929,0.0,0,0,2010,1
2010-01-23,303.34207,291.7899,296.8784954166667,288.41665916666665,0.0,24,30.19207,18.63990000000001,23.728495416666703,15.26665916666667,59.066105521202516,0.0,0,0,2010,1
2010-01-24,302.03583,292.8751,296.80455083333334,289.922755,0.0,24,28.88583,19.725099999999998,23.65455083333336,16.772755000000018,65.32211307948462,0.0,0,0,2010,1
2010-01-25,303.60287,292.62805,297.8073620833333,288.14215416666667,0.0,24,30.45287000000002,19.478049999999996,24.65736208333334,14.992154166666694,54.884319595644726,0.0,0,0,2010,1
2010-01-26,304.2492,291.9982,297.81499583333334,287.74445041666667,0.0,24,31.099199999999996,18.84820000000002,24.664995833333364,14.594450416666689,53.47006752618896,0.0,0,0,2010,1
2010-01-27,303.42932,292.4431,297.7558470833333,288.09911,0.0,24,30.27932000000004,19.293100000000038,24.605847083333344,14.949110000000019,54.901379170212174,0.0,0,0,2010,1
2010-01-28,303.5398,292.9796,297.91181083333333,288.25883,0.0,24,30.389800000000037,19.829600000000028,24.761810833333357,15.108830000000012,54.95365400057548,0.0,0,0,2010,1
2010-01-29,303.6036,293.22635,298.10840333333334,287.9091866666667,0.0,24,30.453599999999994,20.076350000000048,24.958403333333365,14.759186666666722,53.102285673861836,0.0,0,0,2010,1
2010-01-30,304.16974,292.97504,298.21174583333334,288.70517708333335,0.0,24,31.019740000000013,19.82504,25.06174583333336,15.555177083333376,55.547799125577086,0.0,0,0,2010,1
2010-01-31,303.67648,293.54602,298.194395,289.98128791666664,0.0,24,30.52648000000005,20.39602000000002,25.04439500000001,16.831287916666668,60.32183744676891,0.0,0,0,2010,1
2010-02-01,303.07507,294.67825,298.03949375,290.57811291666667,0.0,24,29.925070000000005,21.528250000000014,24.889493750000042,17.42811291666669,63.22786712249165,0.0,0,0,2010,2
2010-02-02,302.5249,294.54385,297.89934750000003,290.41806041666666,0.0,24,29.374900000000025,21.393850000000043,24.749347500000056,17.268060416666685,63.117602718097494,0.0,0,0,2010,2
2010-02-03,301.55096,294.91583,297.5725616666667,291.04477875,0.0,24,28.400959999999998,21.76583000000005,24.422561666666695,17.89477875,66.96187421641753,0.0,0,0,2010,2
2010-02-04,301.88373,293.55646,297.24612125,291.837745,0.0,24,28.733730000000037,20.40646000000004,24.09612125000001,18.687745000000007,71.77219299276935,0.0,0,0,2010,2
2010-02-05,303.41058,293.76123,297.8433975,292.7783370833333,0.0,24,30.260580000000004,20.611230000000035,24.693397500000003,19.62833708333335,73.43134444071237,0.0,0,0,2010,2
2010-02-06,303.96207,294.68518,298.5379316666667,292.56407375,0.0,24,30.812070000000006,21.535180000000025,25.387931666666702,19.41407375,69.5180040995892,0.0,0,0,2010,2
2010-02-07,304.5034,293.98688,298.65983,291.79575041666664,0.0,24,31.353400000000022,20.836880000000008,25.509830000000022,18.645750416666658,65.78356348742176,0.0,0,0,2010,2
2010-02-08,302.17474,295.59448,298.2403770833333,292.7998025,0.0,24,29.02474000000001,22.44448,25.09037708333335,19.64980250000002,71.80634820347603,0.0,0,0,2010,2
2010-02-09,301.52304,294.5174,297.58097291666667,293.17677291666666,0.00023031234346,24,28.373040000000003,21.367400000000032,24.43097291666669,20.026772916666687,76.46149344163716,0.23031234346,0,0,2010,2
2010-02-10,301.23407,293.58862,296.9767008333333,292.1285883333333,0.0,24,28.084069999999997,20.438620000000014,23.826700833333348,18.978588333333335,74.28327900528852,0.0,0,0,2010,2
2010-02-11,301.313,294.25485,297.30838708333334,291.26883875,0.0,24,28.16300000000001,21.10485,24.158387083333366,18.11883875000001,68.99754407432286,0.0,0,0,2010,2
2010-02-12,301.8976,292.8335,296.96543875000003,291.6021425,4.7683716e-07,24,28.747600000000034,19.683500000000038,23.815438750000055,18.452142500000036,71.92473280906171,0.00047683716000000004,0,0,2010,2
2010-02-13,302.97668,294.24017,297.70783124999997,289.8968208333333,0.0,24,29.82668000000001,21.09017,24.557831249999992,16.746820833333345,61.76966191746622,0.0,0,0,2010,2
2010-02-14,302.78946,293.5611,297.65374333333335,287.2566308333333,0.0,24,29.639460000000042,20.411100000000033,24.503743333333375,14.106630833333327,52.311014835605235,0.0,0,0,2010,2
2010-02-15,302.89645,293.9915,297.91103375,287.66627958333333,0.00013875961050000002,24,29.74645000000004,20.841499999999996,24.761033750000024,14.516279583333358,52.89597364285443,0.13875961050000002,0,0,2010,2
2010-02-16,304.0855,294.2732,298.71927708333334,286.8477033333333,0.0,24,30.935500000000047,21.123199999999997,25.56927708333336,13.697703333333322,47.80234007330783,0.0,0,0,2010,2
2010-02-17,304.3092,294.4491,298.5985258333333,286.34663,0.0,24,31.1592,21.29910000000001,25.44852583333335,13.196630000000027,46.59993277658939,0.0,0,0,2010,2
2010-02-18,303.5683,293.693,297.91593416666666,288.75161375,0.0,24,30.418300000000045,20.543000000000006,24.765934166666682,15.601613750000013,56.7063789362418,0.0,0,0,2010,2
2010-02-19,303.09534,294.15503,298.04586208333336,290.8717741666667,0.0,24,29.945340000000044,21.005030000000033,24.895862083333384,17.721774166666705,64.38639089526227,0.0,0,0,2010,2
2010-02-20,303.3443,293.90485,298.19485833333334,291.11224541666667,0.0,24,30.1943,20.754850000000033,25.044858333333366,17.96224541666669,64.7903537509752,0.0,0,0,2010,2
2010-02-21,303.6693,294.0227,298.1461991666667,293.0641825,7.05719009e-05,24,30.519300000000044,20.87270000000001,24.996199166666713,19.914182500000038,73.40575596749835,0.0705719009,0,0,2010,2
2010-02-22,302.9662,294.69482,298.85786125,293.16968249999996,7.629394516e-05,24,29.816200000000038,21.544820000000016,25.707861250000008,20.019682499999988,70.8226621263448,0.07629394516,0,0,2010,2
2010-02-23,302.9693,294.7038,298.3223458333333,291.5888816666667,0.0,24,29.8193,21.553800000000024,25.17234583333334,18.438881666666703,66.25416779060879,0.0,0,0,2010,2
2010-02-24,301.19446,292.5818,296.4354720833333,291.22205625,0.0,24,28.044460000000015,19.43180000000001,23.28547208333333,18.072056250000003,72.51017523176557,0.0,0,0,2010,2
2010-02-25,301.5194,291.43573,296.4058625,290.66376541666665,9.5367432e-07,24,28.36940000000004,18.28573,23.255862500000035,17.513765416666672,70.1287879804417,0.0009536743200000001,0,0,2010,2
2010-02-26,304.24603,293.46243,298.316915,291.8982008333333,0.0,24,31.09603000000004,20.312430000000006,25.166915000000017,18.74820083333333,67.57219357215118,0.0,0,0,2010,2
2010-02-27,306.08063,294.57666,299.94172541666666,291.18277458333336,0.0,24,32.93063000000001,21.426660000000027,26.79172541666668,18.032774583333378,58.67686783781885,0.0,0,0,2010,2
2010-02-28,306.6111,295.16968,301.00807416666663,291.17646541666664,0.0,24,33.461100000000044,22.01968000000005,27.858074166666654,18.026465416666667,55.09693479313685,0.0,0,0,2010,2
2010-03-01,305.5229,296.37738,301.06612,291.56853041666665,0.0,24,32.372900000000016,23.22738000000004,27.916120000000035,18.41853041666667,56.279485676345104,0.0,0,0,2010,3
2010-03-02,304.16083,295.39047,299.3578204166667,294.06670916666667,0.0,24,31.01083,22.240470000000016,26.20782041666672,20.916709166666692,72.6710376969313,0.0,0,0,2010,3
2010-03-03,303.75275,295.81174,299.10049,293.97613916666666,0.0,24,30.602750000000015,22.66174000000001,25.950490000000002,20.826139166666678,73.37642822317453,0.0,0,0,2010,3
2010-03-04,302.72998,294.43268,298.2627341666667,293.73888,3.8146973e-06,24,29.579980000000035,21.282680000000028,25.112734166666712,20.588880000000017,76.00360263898794,0.0038146973000000002,0,0,2010,3
2010-03-05,302.67657,294.02188,298.23178375000003,294.3083720833333,3.3855438000000005e-05,24,29.52657000000005,20.871880000000033,25.081783750000056,21.158372083333347,78.86082803246015,0.03385543800000001,0,0,2010,3
2010-03-06,302.05112,295.35156,298.41910125,293.98144125,1.04904175e-05,24,28.90112000000005,22.20156000000003,25.269101250000006,20.83144125000001,76.43282118778092,0.0104904175,0,0,2010,3
2010-03-07,302.61777,294.52527,298.2387195833333,292.54778749999997,1.1920928860000001e-05,24,29.46777000000003,21.37527,25.08871958333333,19.397787499999993,70.69663884661774,0.01192092886,0,0,2010,3
2010-03-08,304.63306,294.3547,299.1547341666667,291.30594625,0.0,24,31.483060000000023,21.204700000000003,26.004734166666708,18.15594625,61.946697943011564,0.0,0,0,2010,3
2010-03-09,306.7154,294.93427,300.43010166666664,290.0563008333333,0.0,24,33.56540000000001,21.78427000000005,27.280101666666667,16.90630083333332,53.09952779066583,0.0,0,0,2010,3
2010-03-10,307.51538,297.48413,301.5165808333333,292.0235975,0.0,24,34.365380000000016,24.334130000000016,28.36658083333333,18.873597500000017,56.4048850578521,0.0,0,0,2010,3
2010-03-11,305.35626,297.3188,301.01987,295.53993291666666,1.38282776e-05,24,32.20626000000004,24.168800000000033,27.86987000000005,22.38993291666668,72.12466873113588,0.0138282776,0,0,2010,3
2010-03-12,307.92365,298.09674,302.65590375,294.44878666666665,0.0,24,34.77365000000003,24.946740000000034,29.505903750000016,21.298786666666672,61.35642791802203,0.0,0,0,2010,3
2010-03-13,307.65103,297.02094,302.329835,293.9029758333333,0.0,24,34.501030000000014,23.87094000000002,29.179835000000026,20.752975833333323,60.46014735803667,0.0,0,0,2010,3
2010-03-14,306.39618,295.79935,300.62046333333336,293.23417333333333,0.0,24,33.24618000000004,22.649350000000027,27.470463333333385,20.084173333333354,64.0850162568499,0.0,0,0,2010,3
2010-03-15,304.48364,294.0625,299.16946875,293.55290833333333,1.9073486200000001e-06,24,31.333640000000003,20.912500000000023,26.019468750000044,20.402908333333357,71.1941511421849,0.00190734862,0,0,2010,3
2010-03-16,305.2138,295.40744,299.4961325,294.17359791666667,1.4305114600000002e-06,24,32.063800000000015,22.25744000000003,26.34613250000001,21.023597916666688,72.55474321245049,0.00143051146,0,0,2010,3
2010-03-17,304.8704,296.08264,299.94762333333335,295.20096416666667,5.7220459e-06,24,31.72040000000004,22.93264000000005,26.797623333333377,22.050964166666688,75.23651273070837,0.005722045899999999,0,0,2010,3
2010-03-18,307.07202,297.01685,301.42007083333334,295.76529416666665,0.0,24,33.92202000000003,23.86685,28.270070833333364,22.615294166666672,71.43242979971257,0.0,0,0,2010,3
2010-03-19,307.0221,297.6564,301.7994054166667,296.2562295833333,0.0,24,33.872100000000046,24.506400000000042,28.649405416666696,23.106229583333345,71.98497979679011,0.0,0,0,2010,3
2010-03-20,305.0218,296.66272,300.91499625,296.630945,0.0,24,31.871800000000007,23.51272,27.764996250000024,23.48094500000002,77.52911662160814,0.0,0,0,2010,3
2010-03-21,306.83026,297.12512,301.6882954166667,296.6381825,0.0,24,33.68026000000003,23.975120000000004,28.5382954166667,23.48818250000005,74.14351536431879,0.0,0,0,2010,3
2010-03-22,306.9352,297.17694,301.94293375,293.45596333333333,0.0,24,33.78520000000003,24.026940000000025,28.79293375000003,20.305963333333352,60.148411950215944,0.0,0,0,2010,3
2010-03-23,305.85272,298.56396,301.41669875,291.8503358333333,0.0,24,32.70272,25.41396000000003,28.266698750000046,18.700335833333327,56.12245522874245,0.0,0,0,2010,3
2010-03-24,305.39905,296.01117,300.36879,293.676965,0.0,24,32.24905000000001,22.861170000000016,27.218790000000013,20.52696500000002,66.84309299797603,0.0,0,0,2010,3
2010-03-25,304.53607,296.1361,300.01533333333333,295.11100625,1.4305114800000002e-06,24,31.386070000000018,22.98610000000002,26.865333333333353,21.961006250000025,74.52684844528208,0.0014305114800000002,0,0,2010,3
2010-03-26,304.7313,296.9063,300.03898375,295.39150125,1.4305114600000002e-06,24,31.5813,23.75630000000001,26.888983750000023,22.24150125,75.70736959645791,0.00143051146,0,0,2010,3
2010-03-27,305.04477,296.1047,300.28261375,294.64512541666664,0.0,24,31.89477000000005,22.954700000000003,27.13261375000002,21.495125416666667,71.30362538043039,0.0,0,0,2010,3
2010-03-28,305.0197,296.70828,300.61975708333335,294.9214408333333,0.0,24,31.869700000000023,23.558280000000025,27.469757083333377,21.771440833333315,71.0993934022845,0.0,0,0,2010,3
2010-03-29,305.06293,297.81604,301.35032125000004,294.95009166666665,0.0,24,31.912930000000017,24.66604000000001,28.20032125000006,21.800091666666674,68.24709480562966,0.0,0,0,2010,3
2010-03-30,304.12262,297.2483,300.67903958333335,294.10189916666667,0.0,24,30.972620000000006,24.098299999999995,27.529039583333372,20.951899166666692,67.37945938156531,0.0,0,0,2010,3
2010-03-31,303.30212,295.8369,299.86394333333334,294.93435208333335,0.0,24,30.152120000000025,22.686900000000037,26.71394333333336,21.784352083333374,74.38708971159015,0.0,0,0,2010,3
2010-04-01,303.36612,298.0641,300.56139708333336,295.34368083333334,5.9604645099999997e-05,24,30.216120000000046,24.91410000000002,27.411397083333384,22.19368083333336,73.2058885216305,0.0596046451,0,0,2010,4
2010-04-02,304.0503,297.35242,300.5324570833333,295.4667841666667,9.5367429e-06,24,30.900300000000016,24.202420000000018,27.38245708333335,22.316784166666707,73.88222753453704,0.0095367429,0,0,2010,4
2010-04-03,307.26752,295.6339,301.2664316666667,293.17239916666665,0.0,24,34.11752000000001,22.483900000000006,28.1164316666667,20.022399166666673,61.47440138260542,0.0,0,0,2010,4
2010-04-04,307.52136,295.3329,301.5458425,291.43498875,0.0,24,34.37136000000004,22.182900000000018,28.395842500000015,18.284988750000025,54.27048210933328,0.0,0,0,2010,4
2010-04-05,308.1674,297.059,302.441525,291.72584083333334,0.0,24,35.01740000000001,23.90900000000005,29.291525000000036,18.57584083333336,52.471097381824045,0.0,0,0,2010,4
2010-04-06,307.39075,296.46643,301.90333375,293.7355879166667,0.0,24,34.24075000000005,23.316430000000025,28.753333750000024,20.585587916666725,61.33698394876725,0.0,0,0,2010,4
2010-04-07,307.20276,297.44864,302.16605875,295.93820375,0.0,24,34.052760000000035,24.298640000000034,29.016058750000013,22.788203750000037,69.12470063152918,0.0,0,0,2010,4
2010-04-08,308.22638,298.2055,302.7267033333333,297.1966816666667,0.0,24,35.07638000000003,25.055499999999995,29.57670333333334,24.0466816666667,72.20432201472224,0.0,0,0,2010,4
2010-04-09,304.0463,300.08142,301.8195758333333,298.5075275,1.4305114800000002e-06,24,30.896299999999997,26.931420000000003,28.66957583333334,25.357527500000003,82.30429989200333,0.0014305114800000002,0,0,2010,4
2010-04-10,305.33984,298.88098,301.59419625,297.5555620833333,4.7683716e-06,24,32.189840000000004,25.730980000000045,28.444196250000005,24.405562083333336,78.77999826298596,0.004768371600000001,0,0,2010,4
2010-04-11,307.3748,298.16965,302.12436333333335,295.718765,0.0,24,34.224800000000016,25.019650000000013,28.974363333333372,22.56876500000004,68.374645877623,0.0,0,0,2010,4
2010-04-12,307.04047,297.28857,302.02998166666663,295.93053,0.0,24,33.89047000000005,24.138570000000016,28.87998166666665,22.78053,69.63966043496828,0.0,0,0,2010,4
2010-04-13,305.29126,297.17413,301.52364458333335,296.26246791666665,0.0,24,32.141260000000045,24.024130000000014,28.373644583333373,23.112467916666674,73.17625707658813,0.0,0,0,2010,4
2010-04-14,304.91302,297.5611,301.375905,297.33519916666665,0.0,24,31.76302000000004,24.411100000000033,28.22590500000001,24.185199166666678,78.73977887202916,0.0,0,0,2010,4
2010-04-15,304.80536,299.11426,301.92088375,297.67855041666667,3.8146972e-06,24,31.65536000000003,25.964260000000024,28.770883749999996,24.52855041666669,77.87030155868943,0.0038146972,0,0,2010,4
2010-04-16,305.60815,299.22012,302.21413958333335,298.10195791666666,0.0,24,32.458150000000046,26.07012000000003,29.06413958333337,24.951957916666686,78.52061138613348,0.0,0,0,2010,4
2010-04-17,305.65472,300.0119,302.29731875,297.73754791666664,8.10623162e-06,24,32.50472000000002,26.86190000000005,29.14731875000001,24.587547916666665,76.45933042962449,0.00810623162,0,0,2010,4
2010-04-18,304.60852,299.22473,301.754135,297.29321208333334,9.536743e-07,24,31.45852000000002,26.074730000000045,28.604135000000042,24.143212083333367,76.8316483322555,0.0009536743,0,0,2010,4
2010-04-19,304.48682,299.6265,301.8769966666667,297.20828708333335,5.7220459579999997e-05,24,31.336820000000046,26.476500000000044,28.726996666666707,24.05828708333337,75.89702445430851,0.057220459579999994,0,0,2010,4
2010-04-20,304.95868,298.88757,301.86269708333333,296.9348875,8.583068600000001e-06,24,31.808680000000038,25.737570000000005,28.712697083333353,23.784887500000025,74.72081567338016,0.008583068600000002,0,0,2010,4
2010-04-21,305.63922,298.46097,302.1005416666667,297.00298583333336,3.81469722e-06,24,32.489220000000046,25.310969999999998,28.95054166666671,23.852985833333378,73.99965671834822,0.00381469722,0,0,2010,4
2010-04-22,305.98282,299.00696,302.26197458333337,297.30188333333336,0.0,24,32.83282000000003,25.856960000000015,29.111974583333392,24.151883333333387,74.6403248578819,0.0,0,0,2010,4
2010-04-23,308.22705,299.307,303.5933245833333,297.57787791666664,0.0001268386843,24,35.07705000000004,26.15700000000004,30.44332458333332,24.42787791666666,70.28340493537226,0.12683868429999998,0,0,2010,4
2010-04-24,308.00842,300.5268,303.60359875,297.75669708333334,0.0,24,34.858420000000024,27.376800000000003,30.453598750000026,24.60669708333336,70.99841286244703,0.0,0,0,2010,4
2010-04-25,306.25903,298.77917,302.40729541666667,297.86924208333335,0.0,24,33.10903000000002,25.629170000000045,29.257295416666693,24.71924208333337,76.57542401035353,0.0,0,0,2010,4
2010-04-26,307.9204,299.1142,303.19585208333336,298.01939166666665,4.7683716e-06,24,34.770399999999995,25.964200000000005,30.045852083333386,24.869391666666672,73.8309017731022,0.004768371600000001,0,0,2010,4
2010-04-27,306.2757,299.03265,302.7660375,298.32993458333334,3.33786014e-06,24,33.125699999999995,25.882650000000012,29.616037500000004,25.179934583333363,77.09678634365694,0.00333786014,0,0,2010,4
2010-04-28,306.73148,299.1494,302.8164316666667,297.49994625,0.0,24,33.58148,25.999400000000037,29.66643166666671,24.349946250000016,73.15149441201677,0.0,0,0,2010,4
2010-04-29,306.4079,299.0387,302.68413,298.07848458333336,0.0,24,33.25790000000001,25.88870000000003,29.534130000000005,24.928484583333386,76.30866563474841,0.0,0,0,2010,4
2010-04-30,305.66736,300.1483,302.82728000000003,297.56921083333333,3.862380936e-05,24,32.51736,26.99830000000003,29.677280000000053,24.419210833333352,73.4099845906054,0.03862380936,0,0,2010,4
2010-05-01,306.7765,300.88785,303.3044541666667,298.25291458333334,0.00026893615679999996,24,33.62650000000002,27.737850000000037,30.15445416666671,25.10291458333336,74.4013278148699,0.26893615679999994,0,0,2010,5
2010-05-02,306.04272,300.33887,302.6983529166667,297.607455,9.536743e-07,24,32.89272,27.18887000000001,29.548352916666715,24.45745500000004,74.1276794454267,0.0009536743,0,0,2010,5
2010-05-03,305.45163,299.91306,302.29863458333335,297.69694541666667,1.4305114600000002e-06,24,32.301630000000046,26.763059999999996,29.148634583333376,24.546945416666688,76.2678679377914,0.00143051146,0,0,2010,5
2010-05-04,305.8338,299.69525,302.20397499999996,297.18904249999997,2.0027160500000002e-05,24,32.68380000000002,26.54525000000001,29.05397499999998,24.039042499999994,74.38537250600642,0.020027160500000002,0,0,2010,5
2010-05-05,305.82782,299.82272,302.5083825,297.8849041666667,1.525878906e-05,24,32.67782,26.672720000000027,29.358382500000005,24.734904166666695,76.20055507022538,0.01525878906,0,0,2010,5
2010-05-06,305.9624,300.02985,302.84852374999997,297.72620416666666,7.486343436e-05,24,32.812400000000025,26.879850000000033,29.698523749999993,24.576204166666685,74.01295354093624,0.07486343436,0,0,2010,5
2010-05-07,306.84363,300.07095,303.0397975,298.86814125,1.5735626299999998e-05,24,33.69363000000004,26.920950000000005,29.889797500000043,25.71814125000003,78.35899224875702,0.0157356263,0,0,2010,5
2010-05-08,307.16284,300.30237,303.61658625,298.94184125,4.2915344e-06,24,34.01284000000004,27.15237000000002,30.466586250000034,25.791841250000004,76.13749204670853,0.0042915344,0,0,2010,5
2010-05-09,308.1474,300.5681,304.400895,298.60993375,0.0,24,34.99740000000003,27.418100000000038,31.250895000000014,25.459933750000005,71.37816431427207,0.0,0,0,2010,5
2010-05-10,306.39966,300.15042,303.57449,298.88761458333335,2.6702880899999998e-05,24,33.249660000000006,27.00042000000002,30.42449000000005,25.737614583333368,76.07626345608391,0.026702880899999996,0,0,2010,5
2010-05-11,306.84283,299.7527,303.1180279166667,297.5883983333333,0.0,24,33.692830000000015,26.602700000000027,29.9680279166667,24.43839833333334,72.27399562123347,0.0,0,0,2010,5
2010-05-12,305.5809,299.13144,302.65996624999997,298.08786791666665,1.90734859e-05,24,32.43090000000001,25.98144000000002,29.50996624999999,24.937867916666676,76.4580007609952,0.0190734859,0,0,2010,5
2010-05-13,305.4847,300.7138,302.8603091666667,297.80495,4.291534432e-05,24,32.3347,27.563800000000015,29.71030916666672,24.654950000000042,74.31211487787743,0.04291534432,0,0,2010,5
2010-05-14,305.41898,300.9447,302.95897874999997,297.62636625,4.24385066e-05,24,32.26898,27.794700000000034,29.808978749999994,24.476366250000012,73.10491578428396,0.0424385066,0,0,2010,5
2010-05-15,305.46808,300.49335,302.77217875,297.06866583333334,6.103515666e-05,24,32.31808000000001,27.343350000000044,29.622178750000046,23.918665833333364,71.46286450382422,0.06103515666,0,0,2010,5
2010-05-16,305.51917,299.71094,302.73104625,297.07930791666666,1.9073486200000001e-06,24,32.36917,26.560940000000016,29.581046250000043,23.929307916666687,71.67851594709533,0.00190734862,0,0,2010,5
2010-05-17,306.29126,301.00348,303.40603541666667,297.29449625,0.0001301765433,24,33.141260000000045,27.853480000000047,30.25603541666669,24.14449625000003,69.8449596942999,0.1301765433,0,0,2010,5
2010-05-18,307.804,300.48267,303.701915,298.44273208333334,2.62260438e-05,24,34.653999999999996,27.332670000000007,30.551915000000008,25.292732083333362,73.5512737192033,0.0262260438,0,0,2010,5
2010-05-19,306.26074,300.4925,303.3057108333333,298.96457458333333,2.8610229560000002e-05,24,33.11074000000002,27.34250000000003,30.15571083333333,25.814574583333354,77.61265831994336,0.028610229560000002,0,0,2010,5
2010-05-20,306.87805,301.13623,303.5223458333333,299.12332833333335,0.0001773834223,24,33.728049999999996,27.986230000000035,30.372345833333327,25.97332833333337,77.37824732791094,0.17738342229999998,0,0,2010,5
2010-05-21,305.91022,302.1286,303.65143374999997,299.2178108333333,0.00039863586126,24,32.760220000000004,28.97860000000003,30.50143374999999,26.06781083333334,77.23869173773909,0.39863586126,0,0,2010,5
2010-05-22,305.79276,302.17804,303.76646791666667,299.22024416666665,0.00036668776838,24,32.64276000000001,29.028040000000033,30.616467916666693,26.07024416666667,76.74243115236442,0.36668776838,0,0,2010,5
2010-05-23,305.84088,302.3316,303.74717625,298.86458458333334,0.00017690658536,24,32.69088000000005,29.181600000000003,30.597176250000018,25.714584583333362,75.22422061338386,0.17690658536,0,0,2010,5
2010-05-24,305.5113,302.20453,303.61261833333333,298.40608791666665,0.0001306533807,24,32.36130000000003,29.05453,30.462618333333353,25.256087916666672,73.76745023188565,0.13065338070000002,0,0,2010,5
2010-05-25,305.55817,302.2343,303.8693691666667,298.16206125,0.0001258850093,24,32.40817000000004,29.08430000000004,30.719369166666695,25.012061250000045,71.64069171654324,0.12588500930000002,0,0,2010,5
2010-05-26,305.7483,302.35474,303.84930625,298.4154208333333,0.0007514953623,24,32.598299999999995,29.204740000000015,30.699306250000006,25.265420833333337,72.81462393760388,0.7514953623,0,0,2010,5
2010-05-27,305.6253,302.60364,304.07435749999996,298.521295,0.0005970001223,24,32.475300000000004,29.453640000000007,30.924357499999985,25.371295000000032,72.33818883688281,0.5970001223,0,0,2010,5
2010-05-28,305.81525,302.50897,303.95622499999996,298.19370458333333,0.00052261352516,24,32.665250000000015,29.35897,30.806224999999984,25.04370458333335,71.42037369663402,0.52261352516,0,0,2010,5
2010-05-29,306.06586,301.99445,303.64807333333334,297.34240125,0.0002994537331,24,32.91586000000001,28.844449999999995,30.498073333333366,24.192401250000046,69.08039879582246,0.2994537331,0,0,2010,5
2010-05-30,305.65393,301.36652,303.4753308333333,296.57388541666666,2.71797179e-05,24,32.503930000000025,28.216520000000003,30.32533083333334,23.42388541666668,66.61304378490802,0.0271797179,0,0,2010,5
2010-05-31,306.45044,301.01715,303.5675116666667,297.86964708333335,0.00045967101576,24,33.30044000000004,27.867150000000038,30.417511666666712,24.71964708333337,71.62790612268587,0.45967101576,0,0,2010,5
2010-06-01,305.98157,301.48297,303.30047625000003,298.32813333333337,0.0010523796142,24,32.83157,28.332970000000046,30.150476250000054,25.178133333333392,74.75281658361281,1.0523796142000001,1,0,2010,6
2010-06-02,305.44366,301.16147,302.86568958333334,298.6855141666667,0.0034914016859999997,24,32.293660000000045,28.01147000000003,29.715689583333358,25.5355141666667,78.2947852762703,3.4914016859999997,1,0,2010,6
2010-06-03,305.6593,300.99017,303.16855333333336,298.74324041666665,0.0018992424166,24,32.509299999999996,27.84017,30.018553333333386,25.593240416666674,77.20575974724571,1.8992424166,1,0,2010,6
2010-06-04,306.07507,301.5202,303.69214041666663,298.4802375,0.0014281272781999999,24,32.925070000000005,28.37020000000001,30.542140416666655,25.33023750000001,73.75700627494649,1.4281272781999999,1,0,2010,6
2010-06-05,305.41208,301.7434,303.41792291666667,298.73508166666664,0.0031418800378200003,24,32.262080000000026,28.59340000000003,30.26792291666669,25.585081666666667,76.07049404845094,3.1418800378200005,1,0,2010,6
2010-06-06,304.87674,300.698,302.7199004166667,299.11179,0.00753450388,24,31.726740000000007,27.548000000000002,29.569900416666712,25.961790000000008,80.97890728122529,7.53450388,1,0,2010,6
2010-06-07,303.3833,300.1651,301.41556583333335,298.6193083333333,0.01010274883,24,30.233300000000042,27.015100000000018,28.26556583333337,25.469308333333345,84.82375293001425,10.10274883,1,0,2010,6
2010-06-08,303.85846,299.6106,301.87347374999996,298.50451208333334,0.0033116340727,24,30.708460000000002,26.4606,28.723473749999982,25.35451208333336,82.03236593984451,3.3116340727,1,0,2010,6
2010-06-09,305.87695,300.8363,302.62071375,298.97048416666667,0.00406885149,24,32.726950000000045,27.686300000000017,29.470713750000016,25.820484166666688,80.76439756567629,4.06885149,1,0,2010,6
2010-06-10,305.74597,300.32605,302.9361425,298.8833104166667,0.005181789416,24,32.59597000000002,27.176050000000032,29.78614250000004,25.73331041666671,78.89915559162635,5.181789416,1,0,2010,6
2010-06-11,304.9596,300.17075,302.03104291666665,298.3905325,0.004205226889,24,31.809600000000046,27.02075000000002,28.881042916666672,25.24053250000003,80.7358740931407,4.2052268889999995,1,0,2010,6
2010-06-12,305.47305,300.61603,302.8919583333333,298.72311333333334,0.01370525357756,24,32.32305000000002,27.466030000000046,29.741958333333343,25.573113333333367,78.35123963450773,13.70525357756,1,0,2010,6
2010-06-13,304.5388,301.16223,302.94602041666667,299.56239791666667,0.0020003318747,24,31.388800000000003,28.012230000000045,29.796020416666693,26.41239791666669,82.08942590142601,2.0003318747,1,0,2010,6
2010-06-14,302.88217,299.4127,300.48372958333334,298.82336125,0.17582654756,24,29.732169999999996,26.262699999999995,27.333729583333366,25.673361250000028,90.66531891309015,175.82654756,1,1,2010,6
2010-06-15,302.2795,299.51477,300.38627916666667,298.1733433333333,0.04544830298,24,29.129500000000007,26.36477000000002,27.23627916666669,25.023343333333344,87.72430312704584,45.44830298,1,0,2010,6
2010-06-16,300.50256,299.17365,299.9040166666667,298.52665125,0.1317882529,24,27.35256000000004,26.023650000000032,26.7540166666667,25.37665125000001,92.16804842705895,131.7882529,1,1,2010,6
2010-06-17,303.83353,299.19006,301.06049375000003,298.35373208333334,0.013500690512,24,30.68353000000002,26.04006000000004,27.910493750000057,25.203732083333364,85.24056506658111,13.500690512,1,0,2010,6
2010-06-18,301.72855,299.78235,300.65697625,298.62196375,0.041762828633,24,28.578550000000007,26.63235000000003,27.506976250000037,25.471963750000043,88.68140645549943,41.762828633,1,0,2010,6
2010-06-19,303.90057,300.0755,301.61987875,298.33782333333335,0.00639009470992,24,30.75057000000004,26.9255,28.46987875000002,25.18782333333337,82.42783993789081,6.3900947099200005,1,0,2010,6
2010-06-20,303.1468,300.71872,301.59263708333333,298.6040708333333,0.0026254654085,24,29.996800000000007,27.56872000000004,28.442637083333352,25.454070833333333,83.87775389335006,2.6254654084999998,1,0,2010,6
2010-06-21,303.1178,300.58154,301.72605500000003,298.80199166666665,0.0079760551015,24,29.96780000000001,27.43154000000004,28.576055000000053,25.651991666666675,84.21438510436718,7.9760551015,1,0,2010,6
2010-06-22,302.78528,300.46402,301.4189116666667,298.85423291666666,0.005210399593,24,29.635280000000023,27.314020000000028,28.268911666666725,25.704232916666683,85.9994154641241,5.210399593,1,0,2010,6
2010-06-23,301.7759,299.5135,300.449185,298.2101704166667,0.02493619905,24,28.6259,26.363500000000045,27.299185000000023,25.060170416666722,87.59329669408831,24.93619905,1,0,2010,6
2010-06-24,302.2178,299.01788,300.02726666666666,298.1055108333333,0.02204704302,24,29.067800000000034,25.867880000000014,26.877266666666685,24.955510833333335,89.23313874648471,22.04704302,1,0,2010,6
2010-06-25,301.81793,298.9292,300.0406675,298.03123375,0.025655746440000002,24,28.667930000000013,25.779200000000003,26.890667500000006,24.881233750000035,88.76816245427635,25.65574644,1,0,2010,6
2010-06-26,303.64722,298.766,301.02342833333336,298.3741079166667,0.005720615397,24,30.497220000000027,25.616000000000042,27.87342833333338,25.224107916666696,85.5291149166804,5.7206153969999995,1,0,2010,6
2010-06-27,302.61835,300.112,301.2010258333333,298.38449791666665,0.0059499741358,24,29.468350000000044,26.962000000000046,28.051025833333313,25.23449791666667,84.6992280257942,5.9499741358,1,0,2010,6
2010-06-28,302.5546,300.3792,301.34073916666665,298.12735125,0.00205469131666,24,29.404600000000016,27.22920000000005,28.190739166666674,24.977351250000027,82.73340962069288,2.05469131666,1,0,2010,6
2010-06-29,302.27814,300.20798,301.25056416666666,298.28793375000004,0.00254869461016,24,29.12814000000003,27.057980000000043,28.100564166666686,25.13793375000006,83.97014368237804,2.54869461016,1,0,2010,6
2010-06-30,302.4054,300.2299,301.04131416666667,298.66260375,0.0035815238995,24,29.25540000000001,27.07990000000001,27.89131416666669,25.51260375000004,86.919546302823,3.5815238995,1,0,2010,6
2010-07-01,303.00107,299.94077,301.0972995833333,298.90998458333337,0.010033130704,24,29.85107000000005,26.79077000000001,27.947299583333347,25.75998458333339,87.91827195536167,10.033130704,1,0,2010,7
2010-07-02,300.89343,298.87415,299.93914416666667,297.9142583333333,0.02056264865,24,27.743430000000046,25.72415000000001,26.789144166666688,24.764258333333316,88.67822897164142,20.56264865,1,0,2010,7
2010-07-03,300.51166,298.53632,299.72238208333334,297.96138375000004,0.04231739052,24,27.36166000000003,25.386320000000012,26.572382083333366,24.81138375000006,90.0718668233857,42.31739052,1,0,2010,7
2010-07-04,302.32913,299.45392,300.70041833333335,297.92594375,0.018881320896,24,29.179130000000043,26.303920000000005,27.55041833333337,24.77594375000001,84.86007459158964,18.881320896,1,0,2010,7
2010-07-05,301.96545,299.20657,300.18355541666665,298.10889833333334,0.01344108593,24,28.81545,26.056570000000022,27.033555416666672,24.958898333333366,88.43443321394992,13.441085930000002,1,0,2010,7
2010-07-06,301.20728,298.9256,299.77926083333335,297.76108166666666,0.01269102095,24,28.05728000000005,25.775599999999997,26.629260833333376,24.611081666666678,88.70116663409026,12.69102095,1,0,2010,7
2010-07-07,301.6488,299.00415,300.00667541666667,298.0104745833333,0.017812729,24,28.498800000000017,25.854150000000004,26.85667541666669,24.860474583333314,88.83570166459201,17.812729,1,0,2010,7
2010-07-08,300.23138,298.88483,299.4815520833333,297.7747033333333,0.02374887468,24,27.081380000000024,25.734830000000045,26.33155208333335,24.624703333333343,90.34737990531801,23.74887468,1,0,2010,7
2010-07-09,301.02905,298.44827,299.65452,297.83420375,0.02040290824,24,27.879050000000007,25.298270000000002,26.504520000000014,24.684203749999995,89.7481427316229,20.40290824,1,0,2010,7
2010-07-10,301.97278,298.97427,300.35426875,298.23466708333336,0.01225423809,24,28.822780000000023,25.824270000000013,27.20426875000004,25.084667083333386,88.21144469363261,12.25423809,1,0,2010,7
2010-07-11,302.0475,298.99207,300.86562791666665,298.39168916666665,0.009004116105,24,28.897500000000036,25.842070000000035,27.715627916666676,25.241689166666674,86.41223005246313,9.004116105,1,0,2010,7
2010-07-12,302.76978,299.9479,301.26605333333333,298.1741366666667,0.003928661359,24,29.61978000000005,26.797900000000027,28.116053333333355,25.02413666666672,83.32680722763628,3.928661359,1,0,2010,7
2010-07-13,302.26892,299.88605,300.9375595833333,298.25588875,0.006540775297,24,29.118920000000003,26.736050000000034,27.787559583333348,25.10588875000002,85.35579867597833,6.540775297,1,0,2010,7
2010-07-14,302.70746,298.82025,300.53340125,298.0832033333333,0.00568819046,24,29.55746000000005,25.67025000000001,27.38340125000002,24.933203333333324,86.50367180809941,5.68819046,1,0,2010,7
2010-07-15,302.47906,298.5526,300.62181125,298.0242091666667,0.006294727294,24,29.329060000000027,25.402600000000007,27.47181125000003,24.87420916666673,85.75385338060639,6.294727293999999,1,0,2010,7
2010-07-16,301.17337,299.09625,300.06534,297.8436858333333,0.0140371322,24,28.02337,25.94625000000002,26.915340000000015,24.693685833333348,87.65118419023672,14.0371322,1,0,2010,7
2010-07-17,301.2995,299.0141,299.9915270833333,298.0231483333333,0.01648092253,24,28.149500000000046,25.864100000000008,26.841527083333347,24.873148333333347,88.98230520869048,16.48092253,1,0,2010,7
2010-07-18,301.68063,298.908,300.15350125000003,298.10728375,0.03672122951,24,28.53063000000003,25.758000000000038,27.003501250000056,24.957283750000045,88.58229939136066,36.72122951,1,0,2010,7
2010-07-19,301.49847,299.26053,300.3751820833333,298.35204416666664,0.03112125421,24,28.34847000000002,26.11053000000004,27.225182083333323,25.202044166666667,88.72190142647884,31.12125421,1,0,2010,7
2010-07-20,300.8728,299.37585,299.99406749999997,298.3714066666667,0.06771278384,24,27.722800000000007,26.225850000000037,26.844067499999994,25.221406666666724,90.83689986746484,67.71278384,1,1,2010,7
2010-07-21,300.698,299.32785,299.70038125,298.17626916666666,0.07990264781,24,27.548000000000002,26.177850000000035,26.550381250000044,25.02626916666668,91.35366971233992,79.90264781,1,1,2010,7
2010-07-22,300.60968,298.874,299.62405666666666,298.2647170833333,0.0561847688,24,27.45968000000005,25.724000000000046,26.474056666666684,25.114717083333346,92.25152700816173,56.1847688,1,1,2010,7
2010-07-23,300.18335,299.07452,299.64124791666666,298.2192729166667,0.0399508474,24,27.03335000000004,25.92452000000003,26.49124791666668,25.069272916666705,91.90851625451383,39.9508474,1,0,2010,7
2010-07-24,300.34094,299.08746,299.5044304166667,298.03330958333333,0.04226017004,24,27.190940000000012,25.937460000000044,26.35443041666673,24.883309583333357,91.63128268330827,42.260170040000006,1,0,2010,7
2010-07-25,300.06848,298.4063,299.10165666666666,297.66758375,0.02295827873,24,26.918480000000045,25.25630000000001,25.95165666666668,24.51758375000003,91.81079815913496,22.95827873,1,0,2010,7
2010-07-26,300.0105,298.3203,299.1249120833333,297.53664041666667,0.03538656229,24,26.860500000000002,25.170299999999997,25.974912083333322,24.386640416666694,90.9677334010752,35.38656229,1,0,2010,7
2010-07-27,301.10962,299.02283,299.6498179166667,297.88678541666667,0.03215169912,24,27.95962000000003,25.87283000000002,26.4998179166667,24.73678541666669,90.05583210310506,32.15169912,1,0,2010,7
2010-07-28,300.73505,298.78796,299.58774625,297.84708125000003,0.01626539226,24,27.585050000000024,25.63796000000002,26.437746250000032,24.697081250000053,90.1720559467942,16.265392260000002,1,0,2010,7
2010-07-29,300.469,298.6607,299.3581716666667,297.59423291666667,0.01530981063,24,27.319000000000017,25.510700000000043,26.208171666666715,24.444232916666692,90.03046694226191,15.30981063,1,0,2010,7
2010-07-30,300.99005,298.51257,299.42792375,297.76271041666666,0.01948261272,24,27.84005000000002,25.362570000000005,26.277923750000014,24.612710416666687,90.56918232146622,19.48261272,1,0,2010,7
2010-07-31,299.75653,298.81085,299.31775166666665,297.70108458333334,0.03905773206,24,26.60653000000002,25.66085000000004,26.167751666666675,24.551084583333363,90.82552861662012,39.05773206,1,0,2010,7
2010-08-01,300.14075,298.9988,299.53180416666663,297.8454625,0.02641010267,24,26.990750000000048,25.84880000000004,26.381804166666655,24.69546250000002,90.46171516960354,26.41010267,1,0,2010,8
2010-08-02,300.90118,299.03113,299.77447083333334,298.16590916666667,0.043255329110000004,24,27.751180000000033,25.88113000000004,26.624470833333362,25.015909166666688,90.8991104690365,43.255329110000005,1,0,2010,8
2010-08-03,300.50415,298.9676,299.62646708333335,298.06318625,0.04349946959,24,27.354150000000004,25.817600000000027,26.476467083333375,24.913186250000024,91.13572967586259,43.49946959,1,0,2010,8
2010-08-04,301.38495,299.3504,300.369745,297.81631458333334,0.009238719925,24,28.234950000000026,26.200400000000002,27.219745000000046,24.66631458333336,85.95608943371634,9.238719925,1,0,2010,8
2010-08-05,302.0042,298.87354,300.41342541666666,298.05022375,0.004815578434,24,28.85420000000005,25.723540000000014,27.263425416666678,24.90022375000001,86.9432372282291,4.815578434,1,0,2010,8
2010-08-06,301.4685,299.16077,300.08086291666666,297.8287658333333,0.00694990158,24,28.31850000000003,26.010770000000036,26.930862916666683,24.67876583333333,87.49304090386475,6.94990158,1,0,2010,8
2010-08-07,299.6592,298.20526,298.95178625,297.27858499999996,0.02278566363,24,26.50920000000002,25.055260000000033,25.80178625000002,24.128584999999987,90.4939047344569,22.785663630000002,1,0,2010,8
2010-08-08,301.0336,298.6513,299.76485833333334,297.68932916666665,0.006773471865,24,27.8836,25.501300000000015,26.61485833333336,24.539329166666676,88.39596961668674,6.773471865,1,0,2010,8
2010-08-09,301.4437,298.25897,299.69223666666664,297.57650041666665,0.008933544180000001,24,28.2937,25.10897,26.542236666666668,24.42650041666667,88.17735534273399,8.93354418,1,0,2010,8
2010-08-10,301.25378,298.61853,299.8070579166667,297.59554083333336,0.008567333199999999,24,28.10378000000003,25.468530000000044,26.6570579166667,24.445540833333382,87.68224859028966,8.567333199999998,1,0,2010,8
2010-08-11,301.2347,298.7492,299.97741083333335,297.87464416666666,0.006127834291,24,28.084699999999998,25.599199999999996,26.827410833333374,24.72464416666668,88.26928852917432,6.127834291,1,0,2010,8
2010-08-12,302.16425,299.4099,300.44130875,298.03610083333336,0.003033637998,24,29.014250000000004,26.259900000000016,27.29130875000004,24.886100833333387,86.72789954670642,3.033637998,1,0,2010,8
2010-08-13,300.8658,299.25812,299.9360804166667,297.7434366666667,0.00461816788,24,27.7158,26.108120000000042,26.78608041666672,24.59343666666672,87.79243710709348,4.618167880000001,1,0,2010,8
2010-08-14,301.61835,298.81165,300.0699,297.87109541666666,0.00459098817,24,28.468350000000044,25.66165000000001,26.91990000000004,24.721095416666685,87.77144845089403,4.59098817,1,0,2010,8
2010-08-15,302.26617,298.98663,300.41374041666666,298.09801791666666,0.003937721236,24,29.11617000000001,25.836630000000014,27.26374041666668,24.948017916666686,87.19012341693237,3.937721236,1,0,2010,8
2010-08-16,301.56744,298.8286,300.266495,297.9702508333333,0.005202293381,24,28.41744,25.678600000000017,27.116495000000043,24.82025083333332,87.27860529512343,5.202293381,1,0,2010,8
2010-08-17,302.3853,299.02756,300.30459666666667,297.99489125,0.012872695898,24,29.235299999999995,25.877560000000017,27.15459666666669,24.844891250000046,87.21179125847257,12.872695898,1,0,2010,8
2010-08-18,299.9914,298.87585,299.39522208333335,297.7901954166667,0.047369003344,24,26.84140000000002,25.725850000000037,26.245222083333374,24.6401954166667,90.89386034998344,47.369003344,1,0,2010,8
2010-08-19,301.16113,298.68524,299.73226916666664,297.64674541666665,0.005748748799,24,28.011130000000037,25.535240000000044,26.582269166666663,24.49674541666667,88.34042092813726,5.748748799,1,0,2010,8
2010-08-20,301.0141,298.58334,299.79229125,297.6809170833333,0.005428790999,24,27.864100000000008,25.433340000000044,26.642291250000028,24.53091708333335,88.20864696912135,5.428790999,1,0,2010,8
2010-08-21,301.1843,298.8435,299.89009125,297.83832083333334,0.014128685026,24,28.03430000000003,25.69350000000003,26.740091250000035,24.688320833333364,88.53186247432268,14.128685026,1,0,2010,8
2010-08-22,301.6698,298.72705,300.14752500000003,297.77742125000003,0.005146980297,24,28.519800000000032,25.577050000000042,26.997525000000053,24.627421250000054,86.88331132639847,5.146980297,1,0,2010,8
2010-08-23,301.6693,298.51123,300.0094516666667,297.8096995833333,0.0054025650599999996,24,28.519300000000044,25.361230000000035,26.8594516666667,24.65969958333335,87.76133210821735,5.40256506,1,0,2010,8
2010-08-24,301.681,299.12592,300.13092750000004,297.85731458333333,0.005827426888,24,28.531000000000006,25.97592000000003,26.980927500000064,24.707314583333357,87.3848653738971,5.827426888,1,0,2010,8
2010-08-25,301.1275,299.00183,299.92108083333335,297.54323,0.012808799738,24,27.97750000000002,25.851830000000007,26.77108083333337,24.393230000000017,86.82241024547373,12.808799738000001,1,0,2010,8
2010-08-26,301.24783,298.81232,299.8684454166667,297.73007791666663,0.011440753986,24,28.097830000000044,25.662320000000022,26.718445416666725,24.580077916666653,88.07247591814357,11.440753986,1,0,2010,8
2010-08-27,302.01465,298.5797,300.03754166666664,297.9490691666667,0.012730598486,24,28.86465000000004,25.429700000000025,26.887541666666664,24.799069166666698,88.34966292213424,12.730598486,1,0,2010,8
2010-08-28,300.87866,299.09314,299.98660208333337,298.18989375,0.028031826306,24,27.728660000000048,25.943140000000028,26.83660208333339,25.039893750000033,89.89861085441625,28.031826306,1,0,2010,8
2010-08-29,301.04987,299.2309,299.78526625,298.11924500000003,0.037722110614,24,27.89987000000002,26.080900000000042,26.63526625000003,24.969245000000058,90.58860946082788,37.722110614,1,0,2010,8
2010-08-30,300.40936,299.2539,299.8238029166667,298.07472666666666,0.04419612906,24,27.259360000000015,26.10390000000001,26.673802916666716,24.924726666666686,90.14311630696005,44.19612906,1,0,2010,8
2010-08-31,300.13605,298.94452,299.31616583333334,297.6814529166667,0.04720544825,24,26.986050000000034,25.794520000000034,26.166165833333366,24.531452916666694,90.72732201366244,47.205448249999996,1,0,2010,8
2010-09-01,301.01422,298.59277,299.57389625,297.6775733333333,0.03470373158,24,27.864220000000046,25.442769999999996,26.42389625000004,24.52757333333335,89.33483557644905,34.70373158,1,0,2010,9
2010-09-02,301.44922,298.41895,299.66350625,297.75541375,0.00964975363,24,28.299220000000048,25.268950000000018,26.513506250000034,24.605413750000025,89.2786287942037,9.649753630000001,1,0,2010,9
2010-09-03,301.23676,298.50842,299.8406291666667,297.5364020833333,0.007025718705,24,28.086760000000027,25.358420000000024,26.690629166666724,24.386402083333337,87.19924297037221,7.025718704999999,1,0,2010,9
2010-09-04,300.51968,298.73242,299.44038666666665,297.47539333333333,0.01318359386,24,27.369680000000017,25.582420000000013,26.290386666666677,24.325393333333352,88.95774010473421,13.18359386,1,0,2010,9
2010-09-05,300.33768,298.40646,299.2308041666667,297.50563625,0.02161693581,24,27.18768,25.256460000000004,26.080804166666724,24.355636250000032,90.23108299995096,21.61693581,1,0,2010,9
2010-09-06,300.52295,298.28284,299.27347249999997,297.69416416666667,0.02728128423,24,27.372950000000003,25.132840000000044,26.12347249999999,24.54416416666669,91.02609817493365,27.28128423,1,0,2010,9
2010-09-07,300.76782,298.65076,299.3360779166667,297.72282791666663,0.01927328108,24,27.617819999999995,25.500760000000014,26.186077916666704,24.572827916666654,90.84530444149713,19.27328108,1,0,2010,9
2010-09-08,299.9209,298.85794,299.2369195833333,297.74747625000003,0.04056262967,24,26.77090000000004,25.707940000000008,26.086919583333326,24.597476250000057,91.51491574246083,40.56262967,1,0,2010,9
2010-09-09,300.6939,298.68076,299.4140208333333,296.95151791666666,0.024534702279,24,27.543900000000008,25.530760000000043,26.264020833333348,23.801517916666683,86.33496376218258,24.534702278999998,1,0,2010,9
2010-09-10,301.82642,298.5452,299.8346475,297.74277208333336,0.004713058479,24,28.676420000000007,25.395200000000045,26.68464750000004,24.592772083333386,88.31516553157837,4.713058479,1,0,2010,9
2010-09-11,301.11707,297.89233,299.47132,297.20875333333333,0.0045361518699999995,24,27.967070000000035,24.742330000000038,26.321320000000014,24.058753333333357,87.38495504245662,4.536151869999999,1,0,2010,9
2010-09-12,301.64197,298.12756,299.72024916666663,297.38971208333334,0.0042929649100000005,24,28.491970000000038,24.97756000000004,26.570249166666656,24.23971208333336,87.05098363862146,4.29296491,1,0,2010,9
2010-09-13,301.66748,297.91635,299.53475208333333,297.2819308333333,0.005430221571,24,28.517480000000035,24.766350000000045,26.384752083333353,24.131930833333342,87.44169318861998,5.430221571,1,0,2010,9
2010-09-14,302.03436,298.3747,299.98838916666665,297.50943291666664,0.006014823878,24,28.884360000000015,25.22470000000004,26.838389166666673,24.359432916666663,86.30388439747712,6.014823878,1,0,2010,9
2010-09-15,302.19214,298.62833,300.3685845833333,297.4310625,0.004313468956,24,29.042140000000018,25.478330000000028,27.218584583333325,24.28106250000002,84.00039336303547,4.3134689559999995,1,0,2010,9
2010-09-16,301.9505,298.72165,300.1786075,297.7367658333333,0.009705543422,24,28.8005,25.571650000000034,27.02860750000002,24.586765833333345,86.51387985395668,9.705543422,1,0,2010,9
2010-09-17,302.386,298.97678,300.4279241666666,297.55381625,0.003307819338,24,29.236000000000047,25.826780000000042,27.27792416666665,24.403816250000034,84.32688936660054,3.307819338,1,0,2010,9
2010-09-18,301.82028,297.9691,299.74100916666663,297.34788083333336,0.007730484036,24,28.670280000000048,24.81910000000005,26.59100916666665,24.197880833333386,86.72639107413693,7.730484036,1,0,2010,9
2010-09-19,303.359,298.04724,300.4335779166667,297.17691541666665,0.002027988452,24,30.209000000000003,24.89724000000001,27.28357791666673,24.026915416666668,82.4129493432406,2.027988452,1,0,2010,9
2010-09-20,302.42487,298.57428,300.3120325,297.3809395833334,0.0041761398106,24,29.27487000000002,25.42428000000001,27.16203250000001,24.230939583333395,84.02666114558457,4.1761398106,1,0,2010,9
2010-09-21,302.393,299.05338,300.48480291666664,297.62495958333335,0.00263118745346,24,29.242999999999995,25.903380000000027,27.33480291666666,24.474959583333373,84.405072037507,2.63118745346,1,0,2010,9
2010-09-22,303.19775,298.7343,301.0237495833333,297.92094291666666,0.00104045868406,24,30.047750000000008,25.58430000000004,27.873749583333336,24.770942916666684,83.2452891749969,1.04045868406,1,0,2010,9
2010-09-23,303.8401,299.57074,301.38887458333335,298.05028166666665,0.00105810165366,24,30.69010000000003,26.420740000000023,28.23887458333337,24.90028166666667,82.12286184257233,1.0581016536599999,1,0,2010,9
2010-09-24,303.2252,298.9881,301.02708083333334,297.85174958333334,0.0011839866679,24,30.075199999999995,25.838099999999997,27.877080833333366,24.701749583333367,82.88541913800624,1.1839866679,1,0,2010,9
2010-09-25,303.3863,298.62354,300.8452945833333,298.07144708333334,0.002198219289,24,30.23630000000003,25.473540000000014,27.69529458333335,24.921447083333362,84.87821172233353,2.1982192890000003,1,0,2010,9
2010-09-26,305.10977,298.70068,301.25731333333334,298.12871,0.00133562087236,24,31.95977000000005,25.55068,28.107313333333366,24.978710000000035,83.14357283080295,1.33562087236,1,0,2010,9
2010-09-27,305.3207,299.25275,301.76757333333336,298.27059249999996,0.0074129104681599995,24,32.17070000000001,26.102750000000015,28.617573333333382,25.120592499999987,81.39621033674105,7.41291046816,1,0,2010,9
2010-09-28,304.91553,299.69083,301.6284895833333,298.1184508333333,0.008695125609959999,24,31.765530000000012,26.540830000000028,28.478489583333328,24.96845083333335,81.31555206222913,8.695125609959998,1,0,2010,9
2010-09-29,304.72034,299.38696,301.54222250000004,298.17420458333333,0.0027561187723,24,31.570340000000044,26.23696000000001,28.39222250000006,25.024204583333358,81.99713233446006,2.7561187723000002,1,0,2010,9
2010-09-30,304.9472,299.0882,301.3108941666667,297.99919916666664,0.0094470979063,24,31.797200000000032,25.938199999999995,28.160894166666708,24.849199166666665,82.24560473429524,9.4470979063,1,0,2010,9
2010-10-01,306.86316,298.75348,302.2975166666667,297.56718458333336,0.0,24,33.713160000000016,25.603480000000047,29.147516666666718,24.41718458333338,75.68212568791057,0.0,0,0,2010,10
2010-10-02,307.04065,298.5381,302.79630375,296.6013041666667,0.0,24,33.89065000000005,25.38810000000001,29.646303750000015,23.451304166666716,69.38134097839216,0.0,0,0,2010,10
2010-10-03,305.83142,299.11548,302.44707208333335,297.14801041666664,0.0009927749588,24,32.68142,25.965480000000014,29.297072083333376,23.99801041666666,73.16555275374166,0.9927749588,0,0,2010,10
2010-10-04,303.76688,299.62244,301.51420916666666,298.30755958333333,0.00522136688572,24,30.616880000000037,26.472440000000006,28.364209166666683,25.157559583333352,82.78678639849706,5.22136688572,1,0,2010,10
2010-10-05,303.69797,299.22665,301.19456375,298.1493483333333,0.00147342682432,24,30.54797000000002,26.07665000000003,28.04456375000001,24.99934833333333,83.55135321749772,1.47342682432,1,0,2010,10
2010-10-06,304.51007,299.39102,301.66186,298.69309375,0.0001907348666,24,31.360070000000007,26.24102000000005,28.511860000000013,25.543093750000025,83.98409446728024,0.1907348666,0,0,2010,10
2010-10-07,304.87457,299.86713,301.9773383333333,299.58768416666663,0.0,24,31.72457000000003,26.717129999999997,28.82733833333333,26.437684166666656,86.9473713697176,0.0,0,0,2010,10
2010-10-08,305.0487,298.69757,301.62213708333337,298.83993583333336,7.62939462e-06,24,31.89870000000002,25.547570000000007,28.472137083333394,25.68993583333338,84.91591247018177,0.0076293946199999995,0,0,2010,10
2010-10-09,304.6071,298.93866,301.35370875,298.18056458333336,0.00061225891104,24,31.457100000000025,25.78866000000005,28.203708750000033,25.030564583333387,82.93385564940958,0.6122589110400001,0,0,2010,10
2010-10-10,303.74402,298.6214,301.0369595833333,296.69841333333335,0.00156497953866,24,30.59402,25.471400000000017,27.88695958333335,23.54841333333337,77.29250023327673,1.56497953866,1,0,2010,10
2010-10-11,301.603,297.7959,299.5058245833333,296.47630625,0.001663684858,24,28.45300000000003,24.64590000000004,26.355824583333344,23.326306250000016,83.44109840331755,1.6636848579999999,1,0,2010,10
2010-10-12,301.5478,297.12262,299.47474875,296.1558529166667,0.0027704238811,24,28.397800000000018,23.972620000000006,26.324748750000026,23.005852916666697,81.98922653842367,2.7704238811,1,0,2010,10
2010-10-13,303.44543,297.529,299.79614541666666,296.67529833333333,0.00141000745208,24,30.29543000000001,24.37900000000002,26.646145416666684,23.525298333333353,83.01512765652376,1.41000745208,1,0,2010,10
2010-10-14,303.48944,297.79413,299.999535,296.85704291666667,0.00155544282476,24,30.339440000000025,24.64413000000002,26.849535000000003,23.707042916666694,82.93027646769214,1.55544282476,1,0,2010,10
2010-10-15,303.0913,298.02264,300.18064458333333,297.1518725,0.0034203529255,24,29.941300000000012,24.872640000000047,27.030644583333356,24.001872500000047,83.52057013328856,3.4203529255,1,0,2010,10
2010-10-16,302.56555,298.9841,300.87241416666666,297.93989916666663,0.0026626587033,24,29.415549999999996,25.834100000000035,27.72241416666668,24.789899166666657,84.08023132256318,2.6626587033,1,0,2010,10
2010-10-17,303.55045,299.63626,301.10719291666663,298.1608166666667,0.003082752251,24,30.400450000000035,26.486260000000016,27.957192916666656,25.0108166666667,84.03604039345763,3.082752251,1,0,2010,10
2010-10-18,302.1989,298.4203,300.1535158333333,298.0524975,0.01595640200866,24,29.048900000000003,25.27030000000002,27.003515833333324,24.902497500000038,88.2929012546431,15.956402008660001,1,0,2010,10
2010-10-19,302.37735,298.6383,300.25136249999997,297.91582458333335,0.0117006301241,24,29.22735,25.488300000000038,27.101362499999993,24.76582458333337,87.07250630502811,11.7006301241,1,0,2010,10
2010-10-20,301.85086,299.14795,300.1140879166667,297.8485316666667,0.008152484853,24,28.700860000000034,25.997950000000003,26.9640879166667,24.698531666666725,87.42551529996818,8.152484853,1,0,2010,10
2010-10-21,301.9757,299.2528,300.31932083333334,297.72216791666665,0.010755539052,24,28.82570000000004,26.102800000000002,27.16932083333336,24.57216791666667,85.72654682776117,10.755539052,1,0,2010,10
2010-10-22,301.48682,298.66403,299.8296725,297.54096666666663,0.007209777867,24,28.336820000000046,25.514030000000048,26.679672500000038,24.390966666666657,87.27945605729954,7.209777867,1,0,2010,10
2010-10-23,302.95312,298.5403,300.21515958333333,297.4885629166667,0.0022759437434,24,29.803120000000035,25.390300000000025,27.065159583333354,24.338562916666717,85.05374806612464,2.2759437434,1,0,2010,10
2010-10-24,302.9928,297.87375,300.03446375,296.60932375,0.0008111000094,24,29.84280000000001,24.723749999999995,26.88446375000001,23.45932375000001,81.5325637536727,0.8111000094,0,0,2010,10
2010-10-25,301.92346,297.98477,299.7119329166667,296.74827625,0.00279045105232,24,28.77346,24.83477000000005,26.561932916666706,23.598276250000026,83.79655425800142,2.79045105232,1,0,2010,10
2010-10-26,305.72437,297.6008,301.26090458333334,296.80301791666665,0.0004873275777,24,32.574370000000044,24.450800000000015,28.110904583333365,23.65301791666667,76.77151056603542,0.4873275777,0,0,2010,10
2010-10-27,305.59543,297.84586,301.51466999999997,296.31142708333334,0.0,24,32.445430000000044,24.69586000000004,28.36466999999999,23.161427083333365,73.43175156720908,0.0,0,0,2010,10
2010-10-28,305.7236,296.89746,301.21608875,295.712595,0.0,24,32.5736,23.747460000000046,28.066088750000006,22.562595000000044,72.05583951037494,0.0,0,0,2010,10
2010-10-29,305.77554,296.96454,300.828845,294.73647958333333,0.0,24,32.62554,23.814540000000022,27.678845000000024,21.586479583333357,69.44385794241276,0.0,0,0,2010,10
2010-10-30,305.55505,296.65692,300.80002125,294.14192583333335,0.0,24,32.40505000000002,23.506920000000036,27.65002125000001,20.99192583333337,67.06881802882297,0.0,0,0,2010,10
2010-10-31,305.44397,295.90656,300.3849216666667,293.3425720833333,0.0,24,32.29397,22.756560000000036,27.234921666666708,20.192572083333346,65.41394418432608,0.0,0,0,2010,10
2010-11-01,305.03497,295.1031,299.61534125,292.33041833333334,0.0,24,31.88497000000001,21.953100000000006,26.465341249999994,19.180418333333364,64.2748003226088,0.0,0,0,2010,11
2010-11-02,304.66537,293.60126,299.31308041666665,291.6472783333333,0.0,24,31.51537000000002,20.451260000000048,26.163080416666674,18.497278333333327,62.69758257107362,0.0,0,0,2010,11
2010-11-03,305.23035,295.7067,300.4698375,294.61933875,3.48091128e-05,24,32.08035000000001,22.556700000000035,27.319837500000006,21.46933875000002,70.41287016913104,0.0348091128,0,0,2010,11
2010-11-04,304.3228,298.898,301.56555583333335,296.64224625,0.00096511840636,24,31.172799999999995,25.748000000000047,28.41555583333337,23.49224625000005,74.69306160362913,0.9651184063599999,0,0,2010,11
2010-11-05,303.53375,298.75165,300.58718500000003,297.17899958333334,0.00213003153752,24,30.38375000000002,25.601650000000006,27.437185000000056,24.02899958333336,81.68409451638547,2.13003153752,1,0,2010,11
2010-11-06,303.43378,298.13544,300.39889166666666,296.88821708333336,0.0016427039958800001,24,30.283780000000036,24.98544000000004,27.24889166666668,23.73821708333338,81.15847081217044,1.64270399588,1,0,2010,11
2010-11-07,304.86072,296.76318,300.3205204166667,294.64553041666665,0.0,24,31.710720000000038,23.61318,27.170520416666704,21.495530416666668,71.1468072790001,0.0,0,0,2010,11
2010-11-08,304.7643,296.1112,299.9329754166667,293.70573083333335,0.0014896392930999999,24,31.614300000000014,22.96120000000002,26.782975416666716,20.55573083333337,68.70008296052318,1.4896392930999998,1,0,2010,11
2010-11-09,303.72827,299.47253,300.85616125,296.74441958333335,0.00466871267648,24,30.578270000000032,26.32253000000003,27.706161250000036,23.594419583333377,78.33083512169962,4.66871267648,1,0,2010,11
2010-11-10,303.55328,297.88873,300.86726833333336,296.8722166666667,0.0008645057620200001,24,30.403279999999995,24.738730000000032,27.71726833333338,23.722216666666725,78.88536116150058,0.8645057620200001,0,0,2010,11
2010-11-11,302.89075,298.77338,300.4414758333333,297.43722541666665,0.0065402984298,24,29.740750000000048,25.623379999999997,27.291475833333322,24.287225416666672,83.67272857565229,6.5402984298,1,0,2010,11
2010-11-12,302.4763,297.98145,300.09308375,297.16300333333334,0.00216579437626,24,29.326300000000003,24.831450000000018,26.943083750000028,24.01300333333336,84.00796055003678,2.16579437626,1,0,2010,11
2010-11-13,303.30225,298.41156,300.32992,297.49532166666665,0.00307893756392,24,30.152250000000038,25.26156000000003,27.17992000000004,24.345321666666678,84.51648297192784,3.07893756392,1,0,2010,11
2010-11-14,304.11975,298.46378,300.8504520833333,297.50412958333334,0.00064420700296,24,30.969750000000033,25.31378000000001,27.700452083333346,24.35412958333336,82.02017143705382,0.64420700296,0,0,2010,11
2010-11-15,304.42035,298.51077,300.71121791666667,297.33682541666667,0.005841732188859999,24,31.270350000000008,25.360770000000002,27.561217916666692,24.186825416666693,81.86527914093728,5.841732188859999,1,0,2010,11
2010-11-16,303.70654,297.83875,300.60693875,296.84513083333337,0.00027465820475999997,24,30.55654000000004,24.688750000000027,27.456938750000006,23.695130833333394,79.96631177095941,0.27465820475999997,0,0,2010,11
2010-11-17,305.33017,298.0056,301.39291083333336,296.714415,2.3841858e-06,24,32.18017000000003,24.855600000000038,28.242910833333383,23.564414999999997,75.77701834583742,0.0023841858000000003,0,0,2010,11
2010-11-18,305.0069,298.9298,301.60620124999997,296.6587954166667,0.0004377365048,24,31.856899999999996,25.779800000000023,28.456201249999992,23.508795416666715,74.59109407787768,0.43773650480000004,0,0,2010,11
2010-11-19,304.9436,299.3406,301.637705,297.29706458333334,0.00124406816886,24,31.793600000000026,26.190600000000018,28.487705000000005,24.14706458333336,77.37137716409777,1.2440681688600002,1,0,2010,11
2010-11-20,304.07916,298.70886,301.21817166666665,297.03992583333337,6.38961786e-05,24,30.929160000000024,25.55886000000004,28.06817166666667,23.889925833333393,78.06921977178702,0.06389617859999999,0,0,2010,11
2010-11-21,303.45407,298.3366,300.50120999999996,296.77821625,0.00204658508232,24,30.304070000000024,25.1866,27.35120999999998,23.628216250000037,80.1396196074825,2.04658508232,1,0,2010,11
2010-11-22,302.9411,297.765,299.84181625,296.41816666666665,0.0020799636466,24,29.79110000000003,24.61500000000001,26.691816250000045,23.268166666666673,81.51601371434609,2.0799636466,1,0,2010,11
2010-11-23,302.11005,297.90186,299.88532333333336,296.57838541666666,0.0029683112752,24,28.960050000000024,24.751860000000022,26.735323333333383,23.428385416666686,82.09825017186506,2.9683112752,1,0,2010,11
2010-11-24,302.07782,298.37317,299.84621708333333,296.423835,0.00336313246756,24,28.927819999999997,25.22317000000004,26.69621708333335,23.27383500000002,81.52280673526289,3.36313246756,1,0,2010,11
2010-11-25,303.55087,297.42108,300.01059583333335,296.49177000000003,5.3882599300000004e-05,24,30.400869999999998,24.27108000000004,26.860595833333377,23.341770000000054,81.06952243766499,0.0538825993,0,0,2010,11
2010-11-26,304.4884,296.94608,300.23574083333335,296.17482083333334,4.7683716e-07,24,31.338400000000036,23.796080000000018,27.085740833333375,23.024820833333365,78.48364725840656,0.00047683716000000004,0,0,2010,11
2010-11-27,303.92725,297.39896,300.0987125,295.927535,0.0,24,30.777250000000038,24.24896000000001,26.9487125,22.777535,77.94121305665215,0.0,0,0,2010,11
2010-11-28,305.24097,296.83362,300.28815000000003,294.2667891666667,0.0,24,32.09097000000003,23.68362000000002,27.138150000000053,21.116789166666706,69.64476323716354,0.0,0,0,2010,11
2010-11-29,305.0948,295.5134,299.92829708333335,294.20650374999997,0.0,24,31.944800000000043,22.363400000000013,26.77829708333337,21.05650374999999,70.8715695102749,0.0,0,0,2010,11
2010-11-30,305.10516,296.16034,300.07490708333336,294.6041304166667,0.0,24,31.955160000000035,23.010340000000042,26.92490708333338,21.454130416666715,71.99856398453636,0.0,0,0,2010,11
2010-12-01,304.7393,296.22253,299.9624841666667,295.11084208333335,0.0,24,31.589300000000037,23.07253000000003,26.812484166666707,21.960842083333375,74.75834342863804,0.0,0,0,2010,12
2010-12-02,304.688,295.9434,299.7517154166667,294.8288333333333,0.0,24,31.53800000000001,22.79340000000002,26.601715416666707,21.67883333333333,74.39916380221807,0.0,0,0,2010,12
2010-12-03,304.98224,295.48846,299.85648625,294.22521458333335,0.0,24,31.832240000000013,22.338459999999998,26.70648625000001,21.075214583333377,71.25395224574714,0.0,0,0,2010,12
2010-12-04,303.9247,296.02277,299.70161916666666,293.76321333333334,0.00011777877659999999,24,30.774699999999996,22.872770000000003,26.551619166666683,20.613213333333363,69.89085470134489,0.11777877659999998,0,0,2010,12
2010-12-05,304.02148,296.59668,299.6643825,293.29367041666666,5.2928924160000004e-05,24,30.87148000000002,23.446680000000015,26.51438250000001,20.14367041666668,68.04153365267561,0.05292892416,0,0,2010,12
2010-12-06,303.81354,295.01346,298.71373,290.3452379166667,0.0,24,30.663540000000012,21.863460000000032,25.56373000000002,17.195237916666713,59.850079491216015,0.0,0,0,2010,12
2010-12-07,302.46204,292.34137,297.25335624999997,287.56625291666666,0.0,24,29.312040000000025,19.191370000000006,24.10335624999999,14.416252916666679,54.66798850242287,0.0,0,0,2010,12
2010-12-08,302.5337,294.36942,298.05974625,291.2781033333333,0.0,24,29.383700000000033,21.219420000000014,24.909746250000012,18.128103333333343,65.99996281200237,0.0,0,0,2010,12
2010-12-09,301.73358,295.5066,297.9367516666667,292.43449333333336,0.0,24,28.58358000000004,22.356600000000014,24.786751666666703,19.284493333333387,71.4767791935792,0.0,0,0,2010,12
2010-12-10,300.8573,293.75427,296.86172958333333,291.3011979166667,0.0,24,27.707300000000032,20.604270000000042,23.71172958333335,18.151197916666717,71.02097404015981,0.0,0,0,2010,12
2010-12-11,298.61606,291.9226,295.45155166666666,288.41717124999997,0.0,24,25.466060000000027,18.77260000000001,22.301551666666683,15.26717124999999,64.40090157870935,0.0,0,0,2010,12
2010-12-12,297.72348,292.29523,294.7599833333333,287.1592925,0.000360965731,24,24.573480000000018,19.145230000000026,21.609983333333332,14.009292500000015,61.93792013060137,0.360965731,0,0,2010,12
2010-12-13,298.59805,289.96216,294.0332354166666,286.1537320833333,0.0,24,25.448050000000023,16.812160000000006,20.88323541666665,13.003732083333318,60.6574823190285,0.0,0,0,2010,12
2010-12-14,301.42017,289.80627,295.39576708333334,288.2726329166667,0.0,24,28.270170000000007,16.656270000000006,22.245767083333362,15.122632916666703,64.02239423017352,0.0,0,0,2010,12
2010-12-15,302.9131,291.53174,296.66458208333336,288.99015125,0.0,24,29.76310000000001,18.381740000000036,23.51458208333338,15.84015125000002,62.073892792213755,0.0,0,0,2010,12
2010-12-16,303.28345,292.0334,296.84601208333333,288.63197291666665,0.0,24,30.13345000000004,18.883399999999995,23.696012083333358,15.481972916666678,60.00563829879647,0.0,0,0,2010,12
2010-12-17,303.01157,291.04352,296.6617333333333,288.5647608333333,0.0,24,29.86157000000003,17.893520000000024,23.511733333333325,15.414760833333332,60.41511046815131,0.0,0,0,2010,12
2010-12-18,303.23453,290.63373,296.2401704166667,286.6140120833333,0.0,24,30.08453000000003,17.483730000000037,23.090170416666695,13.46401208333333,54.628990650924365,0.0,0,0,2010,12
2010-12-19,302.71283,288.88007,295.06708291666666,285.8347625,0.0,24,29.56283000000002,15.730070000000012,21.917082916666686,12.684762500000033,55.754972650348144,0.0,0,0,2010,12
2010-12-20,302.55328,288.45697,294.85443583333335,285.07543000000004,0.0,24,29.403279999999995,15.306970000000035,21.704435833333378,11.925430000000063,53.7334753843675,0.0,0,0,2010,12
2010-12-21,303.7913,289.10297,295.69794083333335,286.30889333333334,0.0,24,30.6413,15.95297000000005,22.54794083333337,13.158893333333367,55.343152073303195,0.0,0,0,2010,12
2010-12-22,301.84158,289.74957,295.39949874999996,287.3047175,0.0,24,28.691580000000044,16.59957000000003,22.249498749999987,14.154717500000004,60.12990267999938,0.0,0,0,2010,12
2010-12-23,300.47906,289.8644,294.54731208333334,288.2501875,0.0,24,27.329060000000027,16.714400000000012,21.39731208333336,15.100187500000004,67.33279987788053,0.0,0,0,2010,12
2010-12-24,300.7862,289.46686,294.75422083333336,290.07032499999997,1.4305114800000002e-06,24,27.63620000000003,16.31686000000002,21.604220833333386,16.92032499999999,74.68346180499681,0.0014305114800000002,0,0,2010,12
2010-12-25,301.95856,291.23883,295.8939179166667,290.2821533333333,2.3841858e-07,24,28.80856,18.08883000000003,22.743917916666703,17.13215333333335,70.61282810743019,0.00023841858000000002,0,0,2010,12
2010-12-26,301.25684,291.93005,295.98940375,291.4041858333333,0.0,24,28.106840000000034,18.780050000000017,22.83940375000003,18.254185833333338,75.35296072098943,0.0,0,0,2010,12
2010-12-27,300.12836,291.655,295.6079525,292.01929958333335,1.4305114800000002e-06,24,26.97836000000001,18.504999999999995,22.457952500000033,18.869299583333373,80.14927160696655,0.0014305114800000002,0,0,2010,12
2010-12-28,301.24463,293.214,296.71798375,292.36677833333334,0.0,24,28.094629999999995,20.06400000000002,23.567983749999996,19.216778333333366,76.58028668594434,0.0,0,0,2010,12
2010-12-29,301.26764,293.78058,296.8119454166667,292.33543541666666,0.0,24,28.117639999999994,20.63058000000001,23.661945416666697,19.185435416666678,75.99894035758876,0.0,0,0,2010,12
2010-12-30,300.13232,293.68002,296.48180916666666,291.35577875,0.0,24,26.982320000000016,20.530020000000036,23.331809166666687,18.205778750000036,72.91768250819486,0.0,0,0,2010,12
2010-12-31,300.08203,292.42865,295.4579741666667,285.7884720833333,0.0,24,26.932029999999997,19.278650000000027,22.307974166666725,12.63847208333334,54.276533195788154,0.0,0,0,2010,12
2011-01-01,299.928,288.96393,294.34615,285.7680625,0.0,24,26.77800000000002,15.813930000000028,21.196150000000046,12.618062500000008,58.01752192593063,0.0,0,0,2011,1
2011-01-02,301.5938,290.27014,295.63150791666664,288.87520333333333,0.0,24,28.44380000000001,17.12014000000005,22.481507916666658,15.725203333333354,65.59865368304978,0.0,0,0,2011,1
2011-01-03,302.65704,292.16406,297.16155083333337,290.67944666666665,0.0,24,29.507040000000018,19.01406000000003,24.011550833333388,17.529446666666672,67.07153154005695,0.0,0,0,2011,1
2011-01-04,303.27988,294.4005,298.00448416666666,291.25681833333334,0.0,24,30.129880000000014,21.250500000000045,24.85448416666668,18.106818333333365,66.12964906887336,0.0,0,0,2011,1
2011-01-05,303.349,293.81726,298.12982875,289.83140625,0.0,24,30.199000000000012,20.66726,24.979828750000024,16.68140625000001,59.98090954346408,0.0,0,0,2011,1
2011-01-06,302.6814,293.1717,297.27661708333335,287.9043116666667,0.0,24,29.53140000000002,20.02170000000001,24.12661708333337,14.754311666666695,55.79689825220845,0.0,0,0,2011,1
2011-01-07,302.351,289.47986,295.2899208333333,284.1925225,0.0,24,29.201000000000022,16.329859999999996,22.13992083333335,11.042522500000018,49.35358283085834,0.0,0,0,2011,1
2011-01-08,302.5274,288.68414,295.3448383333333,285.4251025,0.0,24,29.377400000000023,15.534140000000036,22.194838333333337,12.275102500000003,53.36313550198688,0.0,0,0,2011,1
2011-01-09,302.82123,288.79205,295.87196625,286.33942291666665,0.0,24,29.671230000000037,15.64205000000004,22.721966250000037,13.189422916666672,54.870457535230166,0.0,0,0,2011,1
2011-01-10,302.87524,289.39935,295.97394916666667,286.7123375,0.0,24,29.725240000000042,16.24935000000005,22.823949166666694,13.562337500000012,55.87419297982621,0.0,0,0,2011,1
2011-01-11,303.07202,289.1771,295.78892708333336,287.16858375,0.0,24,29.922020000000032,16.02710000000002,22.638927083333385,14.018583750000005,58.20600262757666,0.0,0,0,2011,1
2011-01-12,303.23358,290.3284,296.15566583333333,287.7721795833333,0.0,24,30.08358000000004,17.17840000000001,23.005665833333353,14.62217958333332,59.19349053221273,0.0,0,0,2011,1
2011-01-13,302.69553,291.01294,296.32167583333336,288.74509416666666,0.0,24,29.545530000000042,17.862940000000037,23.17167583333338,15.595094166666684,62.386824032030965,0.0,0,0,2011,1
2011-01-14,302.38116,290.5876,295.92340375,289.1407483333333,0.0,24,29.231160000000045,17.43760000000003,22.77340375,15.990748333333329,65.54962202986565,0.0,0,0,2011,1
2011-01-15,302.39545,290.6574,295.8416045833333,288.416195,0.0,24,29.245450000000005,17.50740000000002,22.691604583333344,15.266195000000039,62.88736769466954,0.0,0,0,2011,1
2011-01-16,302.13174,289.98248,295.2991583333333,287.97576541666666,0.0,24,28.981740000000002,16.832480000000032,22.149158333333332,14.825765416666684,63.18090468560142,0.0,0,0,2011,1
2011-01-17,302.86096,289.987,296.10621041666667,288.7732070833333,0.0,24,29.71096,16.837000000000046,22.956210416666693,15.623207083333341,63.3200967647782,0.0,0,0,2011,1
2011-01-18,303.12683,290.95602,296.3648595833333,288.60834166666666,0.0,24,29.976830000000007,17.806020000000046,23.21485958333335,15.458341666666684,61.68076357275319,0.0,0,0,2011,1
2011-01-19,303.37115,290.0481,296.3426779166667,287.90964291666666,0.0,24,30.221150000000023,16.8981,23.192677916666696,14.759642916666678,59.04872154421654,0.0,0,0,2011,1
2011-01-20,304.3947,290.33643,296.7899154166667,288.12045333333333,0.0,24,31.244700000000023,17.18643000000003,23.639915416666724,14.970453333333353,58.26147573578607,0.0,0,0,2011,1
2011-01-21,304.0924,290.16547,296.8148116666667,287.2081416666667,0.0,24,30.94240000000002,17.01547000000005,23.664811666666708,14.0581416666667,54.84304727062224,0.0,0,0,2011,1
2011-01-22,303.74957,290.2935,297.06805916666667,287.7429354166666,0.0,24,30.59957000000003,17.143500000000017,23.918059166666694,14.592935416666649,55.915379728696514,0.0,0,0,2011,1
2011-01-23,303.83563,291.15546,296.8235683333333,289.0081016666667,0.0,24,30.685630000000003,18.005460000000028,23.67356833333332,15.858101666666698,61.552157409748744,0.0,0,0,2011,1
2011-01-24,303.82138,291.8578,297.1110283333333,289.4476375,0.0,24,30.67138,18.70780000000002,23.96102833333333,16.297637500000008,62.21793766293497,0.0,0,0,2011,1
2011-01-25,303.65533,292.3195,297.48653458333337,289.02345875,0.0,24,30.505330000000015,19.169500000000028,24.33653458333339,15.873458749999998,59.20492490241358,0.0,0,0,2011,1
2011-01-26,303.5086,291.83423,297.3408925,287.94919791666666,0.0,24,30.358600000000024,18.684230000000014,24.190892500000018,14.799197916666685,55.74307625972751,0.0,0,0,2011,1
2011-01-27,303.8406,291.54736,297.01985041666666,289.36036625,0.0,24,30.690600000000018,18.39736000000005,23.86985041666668,16.21036625000005,62.213006236201565,0.0,0,0,2011,1
2011-01-28,302.2514,292.23563,296.54487208333336,290.97345333333334,0.0,24,29.101400000000012,19.085630000000037,23.394872083333382,17.82345333333336,70.91398618132592,0.0,0,0,2011,1
2011-01-29,302.21628,291.90894,296.26577625,289.03897333333333,0.0,24,29.066280000000006,18.758939999999996,23.11577625000001,15.888973333333354,63.78713213634172,0.0,0,0,2011,1
2011-01-30,303.21045,290.8282,296.40924875,287.8948675,0.0,24,30.060450000000003,17.678200000000004,23.25924875000004,14.744867499999998,58.75542827638576,0.0,0,0,2011,1
2011-01-31,303.65802,290.8864,296.8806279166667,289.5032391666667,0.0,24,30.508020000000045,17.736400000000003,23.73062791666672,16.353239166666697,63.310863167971576,0.0,0,0,2011,1
2011-02-01,303.86407,292.3377,297.77873125,290.88803666666666,0.0,24,30.71407000000005,19.187700000000007,24.628731250000044,17.738036666666687,65.49009792124697,0.0,0,0,2011,2
2011-02-02,305.4483,292.76196,298.590515,290.44055375,0.0,24,32.29830000000004,19.61196000000001,25.440515000000005,17.290553750000015,60.65495371935892,0.0,0,0,2011,2
2011-02-03,305.09863,293.145,298.7978904166667,290.06511916666665,0.0,24,31.948630000000037,19.995000000000005,25.647890416666712,16.91511916666667,58.50365170882763,0.0,0,0,2011,2
2011-02-04,304.50616,292.66934,298.4818208333333,290.18674208333334,0.0,24,31.356160000000045,19.51934,25.331820833333325,17.036742083333365,60.07520676612448,0.0,0,0,2011,2
2011-02-05,304.47095,294.29395,298.56744875,289.40721875,0.0,24,31.32095000000004,21.143950000000018,25.417448750000005,16.25721875000005,56.87986091307128,0.0,0,0,2011,2
2011-02-06,304.57498,294.0692,298.4497475,289.81406625,0.0,24,31.424980000000005,20.919200000000046,25.299747500000024,16.66406625000002,58.782867711070864,0.0,0,0,2011,2
2011-02-07,303.58948,292.83496,297.49054,290.206595,0.0,24,30.439480000000003,19.684960000000046,24.340540000000033,17.056595000000016,63.82149887232204,0.0,0,0,2011,2
2011-02-08,303.3429,292.35284,297.04876874999997,290.4722445833333,0.0,24,30.19290000000001,19.202840000000037,23.898768749999988,17.322244583333315,66.64958343013163,0.0,0,0,2011,2
2011-02-09,302.54495,292.0661,296.90849499999996,289.85112625,0.0,24,29.394949999999994,18.91610000000003,23.758494999999982,16.701126250000016,64.61948516181533,0.0,0,0,2011,2
2011-02-10,303.4673,291.85645,297.56391708333337,290.18451416666664,0.0,24,30.317300000000046,18.706450000000018,24.413917083333388,17.034514166666668,63.452453308687375,0.0,0,0,2011,2
2011-02-11,304.9538,293.76877,298.32283583333333,291.4715795833333,0.0,24,31.803800000000024,20.61877000000004,25.17283583333335,18.321579583333346,65.76645313192293,0.0,0,0,2011,2
2011-02-12,304.1032,293.21436,298.39973000000003,291.7379858333333,0.0,24,30.953200000000038,20.064360000000022,25.249730000000056,18.587985833333335,66.56854183576169,0.0,0,0,2011,2
2011-02-13,303.22092,294.28027,298.1737229166667,291.3387275,0.0,24,30.07092,21.130269999999996,25.023722916666713,18.188727500000027,65.80264047394124,0.0,0,0,2011,2
2011-02-14,302.02335,294.1402,297.49179625,291.86866541666666,0.0,24,28.873350000000016,20.990200000000016,24.341796250000016,18.71866541666668,70.85843738856778,0.0,0,0,2011,2
2011-02-15,300.6575,292.8214,296.75316541666666,292.48411416666664,6.19888314e-06,24,27.50750000000005,19.671400000000006,23.603165416666684,19.334114166666666,76.97871815564767,0.00619888314,0,0,2011,2
2011-02-16,299.93372,294.112,296.71647333333334,291.07403708333334,0.0009479522766,24,26.783720000000017,20.962000000000046,23.566473333333363,17.92403708333336,70.62923044028085,0.9479522766,0,0,2011,2
2011-02-17,300.6325,292.38293,296.5182241666667,288.88797458333335,0.0,24,27.482500000000016,19.23293000000001,23.36822416666672,15.737974583333369,62.216714603530136,0.0,0,0,2011,2
2011-02-18,301.3982,293.09003,296.6745408333333,289.29557,0.0,24,28.248199999999997,19.940030000000036,23.524540833333333,16.14557000000002,63.25916769637026,0.0,0,0,2011,2
2011-02-19,301.89584,292.05066,296.6333975,288.2414929166667,0.0,24,28.745840000000044,18.900660000000016,23.483397500000024,15.09149291666671,59.274260373146525,0.0,0,0,2011,2
2011-02-20,302.2423,291.9742,296.8672154166666,287.37486625,0.0,24,29.092300000000023,18.82420000000002,23.717215416666647,14.224866250000048,55.2641310869473,0.0,0,0,2011,2
2011-02-21,303.81067,291.20367,297.6856970833333,287.17990749999996,0.0,24,30.66067000000004,18.05367000000001,24.535697083333332,14.029907499999979,51.95183614549433,0.0,0,0,2011,2
2011-02-22,304.61807,291.72827,298.24079208333336,289.13010375,0.0,24,31.46807000000001,18.578270000000032,25.090792083333383,15.980103750000012,56.98057051882704,0.0,0,0,2011,2
2011-02-23,303.77374,295.45294,298.8848366666667,291.35897875,0.0,24,30.623739999999998,22.302940000000035,25.734836666666695,18.20897875000003,63.156185017580924,0.0,0,0,2011,2
2011-02-24,302.696,294.07196,298.07213458333337,292.63595791666665,0.0,24,29.54600000000005,20.921960000000013,24.92213458333339,19.485957916666678,71.79586525161437,0.0,0,0,2011,2
2011-02-25,302.52686,293.24426,297.62400375,291.67463875,0.0,24,29.376860000000022,20.09426000000002,24.47400375000001,18.52463875000001,69.45008133952727,0.0,0,0,2011,2
2011-02-26,304.13898,293.4021,298.3255408333333,289.36578625,0.0,24,30.988980000000026,20.25210000000004,25.175540833333343,16.215786250000008,57.55291025267643,0.0,0,0,2011,2
2011-02-27,305.62625,292.69238,299.307425,288.41914125,0.0,24,32.47625000000005,19.542380000000037,26.157425000000046,15.269141250000018,51.10015815774641,0.0,0,0,2011,2
2011-02-28,304.8077,295.91833,300.1870420833333,291.94910666666664,0.0,24,31.657700000000034,22.76833000000005,27.037042083333347,18.79910666666666,60.68375907179651,0.0,0,0,2011,2
2011-03-01,305.1399,295.67395,300.5032966666667,293.0472779166667,0.0,24,31.989900000000034,22.523950000000013,27.353296666666722,19.897277916666724,63.78365009401364,0.0,0,0,2011,3
2011-03-02,305.9824,296.39255,300.65861708333335,291.47305416666666,0.0,24,32.83240000000001,23.24255000000005,27.508617083333377,18.32305416666668,57.29288561595466,0.0,0,0,2011,3
2011-03-03,305.76028,296.1051,300.17151625,291.26042375000003,0.0,24,32.610280000000046,22.955100000000016,27.021516250000047,18.110423750000052,58.17215775976471,0.0,0,0,2011,3
2011-03-04,304.76825,295.5188,299.5875204166667,291.58322,1.71661379e-05,24,31.618250000000046,22.36880000000002,26.4375204166667,18.433220000000006,61.44145962159096,0.0171661379,0,0,2011,3
2011-03-05,305.52496,295.27747,299.72314083333333,292.24654375,0.0,24,32.374960000000044,22.127470000000017,26.573140833333355,19.096543750000023,63.533944136631355,0.0,0,0,2011,3
2011-03-06,307.7881,295.75464,301.1436679166667,291.16742708333334,0.0,24,34.63810000000001,22.604640000000018,27.99366791666671,18.01742708333336,54.63127058637236,0.0,0,0,2011,3
2011-03-07,308.40686,296.84702,302.67089500000003,289.53458875,0.0,24,35.25686000000002,23.69702000000001,29.520895000000053,16.384588750000034,45.0865844561407,0.0,0,0,2011,3
2011-03-08,307.86627,296.801,301.9823075,289.41852,0.0,24,34.71627000000001,23.65100000000001,28.832307500000013,16.268520000000024,46.5736357485656,0.0,0,0,2011,3
2011-03-09,304.51947,296.00812,299.58094750000004,291.039305,0.0,24,31.369470000000035,22.858120000000042,26.43094750000006,17.889305000000036,59.39985046797344,0.0,0,0,2011,3
2011-03-10,304.84833,293.91083,298.81586458333334,288.94525833333336,0.0,24,31.69833,20.76083,25.66586458333336,15.79525833333338,54.41633023299098,0.0,0,0,2011,3
2011-03-11,306.1996,293.61804,299.222825,287.49227083333335,0.0,24,33.0496,20.46804000000003,26.072825000000023,14.342270833333373,48.37699579521127,0.0,0,0,2011,3
2011-03-12,307.36578,292.79092,299.9909616666667,288.56348916666667,0.0,24,34.215779999999995,19.64092000000005,26.840961666666715,15.413489166666693,49.53671532536842,0.0,0,0,2011,3
2011-03-13,306.78497,293.06287,300.41029041666667,289.76117791666667,0.0,24,33.63497000000001,19.912869999999998,27.26029041666669,16.61117791666669,52.17397680756165,0.0,0,0,2011,3
2011-03-14,305.93088,294.65427,300.27217916666666,291.4124670833333,0.0,24,32.780880000000025,21.50427000000002,27.122179166666683,18.26246708333332,58.38410673430223,0.0,0,0,2011,3
2011-03-15,308.58112,294.06964,301.91169083333335,289.46030958333336,0.0,24,35.43112000000002,20.919640000000015,28.761690833333375,16.310309583333378,46.889634857626184,0.0,0,0,2011,3
2011-03-16,309.49115,294.78546,302.1660395833333,287.85325916666665,0.0,24,36.34115000000003,21.635460000000023,29.016039583333338,14.703259166666669,41.67799776940094,0.0,0,0,2011,3
2011-03-17,307.68433,294.50586,300.68344041666666,288.34924958333335,0.0,24,34.53433000000001,21.355860000000007,27.53344041666668,15.19924958333337,46.91269237083748,0.0,0,0,2011,3
2011-03-18,306.00403,295.70703,300.11021458333335,292.73668000000004,0.0,24,32.85403000000002,22.557029999999997,26.960214583333368,19.586680000000058,64.02665177740988,0.0,0,0,2011,3
2011-03-19,304.80676,294.80893,299.63420625,294.74472958333337,4.291534400000001e-06,24,31.65676000000002,21.658929999999998,26.48420625,21.59472958333339,74.53213352500264,0.004291534400000001,0,0,2011,3
2011-03-20,304.6162,296.37985,299.65523,293.19349875,0.0,24,31.466200000000015,23.22985,26.50523000000004,20.043498750000026,67.65730504714904,0.0,0,0,2011,3
2011-03-21,303.12238,294.56464,299.03453541666664,294.1463595833333,0.0,24,29.972380000000044,21.41464000000002,25.884535416666665,20.996359583333344,74.43960423318211,0.0,0,0,2011,3
2011-03-22,303.50046,295.1737,299.01794416666667,293.70285458333336,1.287460332e-05,24,30.350459999999998,22.02370000000002,25.86794416666669,20.552854583333385,72.50454139590383,0.01287460332,0,0,2011,3
2011-03-23,304.7563,294.6911,299.31913249999997,292.2156975,0.0,24,31.606300000000033,21.54110000000003,26.16913249999999,19.0656975,64.94347324378995,0.0,0,0,2011,3
2011-03-24,304.46124,295.0661,299.4656608333333,293.55992791666665,0.0,24,31.311239999999998,21.91610000000003,26.31566083333331,20.409927916666675,69.98770490584198,0.0,0,0,2011,3
2011-03-25,304.56598,295.18973,299.72338958333336,293.608995,0.0,24,31.415980000000047,22.03973000000002,26.57338958333338,20.458995000000016,69.13993555314589,0.0,0,0,2011,3
2011-03-26,306.80988,295.74408,300.94605583333333,294.53964125,0.0,24,33.659880000000044,22.59408000000002,27.796055833333355,21.38964125000001,68.14259008071667,0.0,0,0,2011,3
2011-03-27,308.30017,295.81525,301.9014125,293.3521541666667,0.0,24,35.15017,22.665250000000015,28.751412500000015,20.20215416666673,59.907660340641044,0.0,0,0,2011,3
2011-03-28,306.73114,296.076,301.7252075,293.55201375,0.0,24,33.581140000000005,22.926000000000045,28.575207500000033,20.402013750000037,61.276492596236764,0.0,0,0,2011,3
2011-03-29,306.3167,297.0274,301.5002625,292.7257695833333,0.0,24,33.16670000000005,23.877400000000023,28.350262500000042,19.57576958333334,58.984572691064024,0.0,0,0,2011,3
2011-03-30,306.95822,296.25397,301.7103025,292.159075,0.0,24,33.808220000000006,23.103970000000004,28.560302500000034,19.009074999999996,56.24683933047417,0.0,0,0,2011,3
2011-03-31,306.70233,297.19995,301.5043445833333,291.05958416666664,0.0,24,33.55233000000004,24.049950000000024,28.35434458333333,17.90958416666666,53.13272196717235,0.0,0,0,2011,3
2011-04-01,304.69202,296.17126,299.95279583333337,293.53731375,0.0,24,31.542020000000036,23.02126000000004,26.80279583333339,20.387313750000033,67.91002950620334,0.0,0,0,2011,4
2011-04-02,303.74704,294.1823,299.1911975,293.99903666666665,0.0,24,30.59704000000005,21.03230000000002,26.04119750000001,20.849036666666677,73.08615749305683,0.0,0,0,2011,4
2011-04-03,302.87476,296.17377,299.51278041666666,294.2542095833333,2.765655602e-05,24,29.724760000000003,23.023770000000013,26.36278041666668,21.10420958333333,72.84348088385732,0.02765655602,0,0,2011,4
2011-04-04,304.1844,294.39984,299.36271875,293.0108241666667,0.0,24,31.034400000000005,21.249840000000006,26.212718750000022,19.860824166666703,68.06162061831154,0.0,0,0,2011,4
2011-04-05,304.8954,294.53278,299.73924458333335,292.9649875,0.0,24,31.745400000000018,21.382780000000025,26.589244583333368,19.81498750000003,66.37564571328078,0.0,0,0,2011,4
2011-04-06,304.9165,296.25208,300.6515541666667,293.9178591666667,0.0,24,31.766500000000008,23.10208,27.501554166666722,20.76785916666671,66.72766308257792,0.0,0,0,2011,4
2011-04-07,303.984,296.29382,300.46209125,294.669915,0.0,24,30.834000000000003,23.143820000000005,27.312091250000037,21.519915000000026,70.66351645757996,0.0,0,0,2011,4
2011-04-08,304.38556,297.34412,300.58434916666664,295.8543866666667,0.0,24,31.23556000000002,24.194119999999998,27.434349166666664,22.70438666666672,75.41439508467205,0.0,0,0,2011,4
2011-04-09,304.62943,296.69504,300.51186,295.9944545833333,0.0,24,31.479430000000036,23.54504000000003,27.361860000000036,22.844454583333345,76.38208494473223,0.0,0,0,2011,4
2011-04-10,305.35046,297.3437,300.606815,296.1125670833333,0.0,24,32.20046000000002,24.193700000000035,27.456815000000006,22.96256708333334,76.50392261703527,0.0,0,0,2011,4
2011-04-11,304.71243,297.80402,300.86351833333333,295.87721958333333,0.0,24,31.562430000000006,24.654020000000003,27.713518333333354,22.72721958333335,74.29456345709153,0.0,0,0,2011,4
2011-04-12,307.27057,297.55634,301.7697975,295.69147333333336,0.0,24,34.12057000000004,24.40634,28.619797500000004,22.541473333333386,69.68035966414402,0.0,0,0,2011,4
2011-04-13,306.2094,298.6312,301.7906125,296.84169333333335,0.0,24,33.05940000000004,25.4812,28.64061250000003,23.691693333333376,74.61419329085895,0.0,0,0,2011,4
2011-04-14,304.88092,297.6961,301.4592075,296.87823625,0.0,24,31.730920000000026,24.546100000000024,28.309207500000014,23.72823625000001,76.2341650881912,0.0,0,0,2011,4
2011-04-15,303.96304,298.49338,301.1680108333333,297.18562541666665,1.621246316e-05,24,30.81304,25.343380000000025,28.018010833333335,24.035625416666676,78.98722700050857,0.01621246316,0,0,2011,4
2011-04-16,304.74954,298.67236,301.56492041666667,297.5628345833333,1.9073486200000001e-06,24,31.599540000000047,25.52236000000005,28.41492041666669,24.412834583333336,78.94872198066254,0.00190734862,0,0,2011,4
2011-04-17,305.38477,298.87268,301.8645691666667,297.47291916666666,0.0,24,32.234770000000026,25.722680000000025,28.714569166666706,24.32291916666668,77.16828889223791,0.0,0,0,2011,4
2011-04-18,305.604,298.66302,301.7775270833333,297.24938791666665,0.0,24,32.45400000000001,25.51302000000004,28.627527083333348,24.09938791666667,76.52554921376043,0.0,0,0,2011,4
2011-04-19,305.42374,298.00214,301.72667875,296.62549375,0.0,24,32.27374000000003,24.85214000000002,28.576678750000042,23.47549375,73.92162308096167,0.0,0,0,2011,4
2011-04-20,304.6004,297.77475,301.3534579166667,296.98181958333333,0.0,24,31.450400000000002,24.624750000000006,28.203457916666707,23.831819583333356,77.18533285992353,0.0,0,0,2011,4
2011-04-21,304.8637,297.59253,301.39850333333334,297.13773125,0.0,24,31.713700000000017,24.442530000000033,28.24850333333336,23.987731250000024,77.70858261369088,0.0,0,0,2011,4
2011-04-22,304.1539,298.48096,301.1541808333333,297.1495429166667,2.5272369759999998e-05,24,31.003900000000044,25.330960000000005,28.00418083333335,23.999542916666712,78.87970884610813,0.025272369759999996,0,0,2011,4
2011-04-23,304.3315,297.25946,300.93128083333335,296.37326375,0.0,24,31.181500000000028,24.109460000000013,27.78128083333337,23.22326375,76.25872530898889,0.0,0,0,2011,4
2011-04-24,304.27258,298.05637,301.0237045833333,296.6262429166667,0.0,24,31.122580000000028,24.906370000000038,27.873704583333335,23.476242916666706,77.01620670536228,0.0,0,0,2011,4
2011-04-25,304.84808,298.235,301.4053158333333,296.15977749999996,0.0,24,31.698080000000004,25.085000000000036,28.255315833333327,23.009777499999984,73.22549726217116,0.0,0,0,2011,4
2011-04-26,306.28943,298.0033,302.09631333333334,295.80650083333336,0.0,24,33.139430000000004,24.853300000000047,28.946313333333364,22.656500833333382,68.85194872038785,0.0,0,0,2011,4
2011-04-27,306.03094,298.76675,302.17402458333333,297.322665,0.0,24,32.88094000000001,25.616750000000025,29.024024583333357,24.172664999999995,75.11517098717808,0.0,0,0,2011,4
2011-04-28,305.93936,298.60333,302.130695,297.88325249999997,3.3378600600000002e-06,24,32.789360000000045,25.45333000000005,28.980695000000026,24.733252499999992,77.8767309538514,0.0033378600600000004,0,0,2011,4
2011-04-29,305.3075,299.41644,302.08577541666665,297.73570125,6.96182246e-05,24,32.15750000000003,26.266440000000046,28.935775416666672,24.58570125,77.39345224264783,0.0696182246,0,0,2011,4
2011-04-30,307.2343,300.59033,303.08384125,297.5904895833333,4.76837156e-06,24,34.08430000000004,27.440330000000017,29.93384125,24.440489583333317,72.42538480013515,0.00476837156,0,0,2011,4
2011-05-01,306.21576,300.03116,302.5711983333333,298.2173154166667,1.3351440400000001e-05,24,33.06576000000001,26.881160000000023,29.421198333333336,25.067315416666702,77.4469470271209,0.013351440400000001,0,0,2011,5
2011-05-02,304.96088,299.57574,301.7595866666667,297.95511375,0.0001001358039,24,31.810879999999997,26.42574000000002,28.6095866666667,24.805113750000032,79.9146371507575,0.1001358039,0,0,2011,5
2011-05-03,304.63348,299.64886,301.6543433333333,296.62829875,0.00010299682746,24,31.483480000000043,26.498860000000036,28.50434333333334,23.47829875000002,74.24572690154285,0.10299682746,0,0,2011,5
2011-05-04,304.59872,299.6048,302.02008416666666,296.11545333333333,0.00013923645046,24,31.448720000000037,26.454800000000034,28.870084166666686,22.965453333333357,70.46540679986663,0.13923645046,0,0,2011,5
2011-05-05,304.38885,298.82507,301.6254241666667,296.0569425,2.574920642e-05,24,31.238850000000014,25.675070000000005,28.4754241666667,22.906942500000014,71.84409506914253,0.02574920642,0,0,2011,5
2011-05-06,304.17444,299.2724,301.42346625,296.0109925,0.0001592636102,24,31.024440000000027,26.122400000000027,28.273466250000013,22.86099250000001,72.49142473901458,0.1592636102,0,0,2011,5
2011-05-07,303.8894,298.71774,301.41326208333334,295.7957745833333,4.482269336e-05,24,30.739400000000046,25.567740000000015,28.26326208333336,22.64577458333332,71.59321468184095,0.04482269336,0,0,2011,5
2011-05-08,304.5781,299.91907,301.8630583333333,296.86618375,0.00027704238766,24,31.42810000000003,26.76907,28.713058333333322,23.716183750000027,74.41063629599336,0.27704238766,0,0,2011,5
2011-05-09,304.41754,299.6161,301.73576499999996,296.62016750000004,1.668930036e-05,24,31.267539999999997,26.46610000000004,28.58576499999998,23.47016750000006,73.85884302867133,0.01668930036,0,0,2011,5
2011-05-10,304.01108,299.04913,301.3070775,296.4397716666667,4.863738976e-05,24,30.861080000000015,25.899130000000014,28.157077500000014,23.289771666666695,74.90440491036115,0.04863738976,0,0,2011,5
2011-05-11,304.25107,298.5006,301.4789108333333,296.15923333333336,2.0980834899999998e-05,24,31.10107000000005,25.350600000000043,28.32891083333334,23.009233333333384,72.90987922492894,0.0209808349,0,0,2011,5
2011-05-12,303.80353,298.4726,301.29392624999997,296.26104875,4.100799622e-05,24,30.653530000000046,25.322600000000023,28.143926249999993,23.11104875000001,74.15581104467171,0.04100799622,0,0,2011,5
2011-05-13,304.51077,298.7654,301.6597795833333,296.57649083333337,3.099441586e-05,24,31.360770000000002,25.615400000000022,28.50977958333334,23.42649083333339,73.99045579576844,0.030994415860000003,0,0,2011,5
2011-05-14,305.19183,299.11053,301.8982320833333,297.40749166666666,4.19616699e-05,24,32.041830000000004,25.960530000000006,28.748232083333335,24.25749166666668,76.71587137913765,0.0419616699,0,0,2011,5
2011-05-15,304.84692,299.30963,301.96861125000004,297.84563083333336,9.05990592e-06,24,31.696920000000034,26.15963000000005,28.81861125000006,24.695630833333382,78.43542219355281,0.00905990592,0,0,2011,5
2011-05-16,306.0484,300.11743,302.37461875,297.03827583333333,4.7206879619999995e-05,24,32.89840000000004,26.967430000000036,29.224618750000047,23.888275833333353,72.98936714214855,0.047206879619999996,0,0,2011,5
2011-05-17,306.8841,299.71844,302.6772154166667,297.93411291666666,0.0,24,33.73410000000001,26.56844000000001,29.527215416666706,24.784112916666686,75.68348028512307,0.0,0,0,2011,5
2011-05-18,305.13257,300.25882,302.2853866666667,298.20951916666667,9.10758973e-05,24,31.98257000000001,27.108820000000037,29.135386666666705,25.05951916666669,78.70094332098043,0.0910758973,0,0,2011,5
2011-05-19,304.41876,299.85623,302.12155041666665,297.61080499999997,6.484985356e-05,24,31.268760000000043,26.706230000000005,28.971550416666673,24.460804999999993,76.65753436206694,0.06484985356,0,0,2011,5
2011-05-20,304.6668,300.1245,302.5567266666667,297.1464095833333,3.814697322e-05,24,31.516800000000046,26.974500000000035,29.406726666666714,23.99640958333333,72.69634442762971,0.038146973220000005,0,0,2011,5
2011-05-21,304.8196,301.75153,303.05995624999997,297.9436904166667,0.00133609771176,24,31.669600000000003,28.601530000000025,29.909956249999993,24.79369041666672,74.07452499099551,1.33609771176,1,0,2011,5
2011-05-22,304.5053,300.71246,302.4908454166667,298.81167791666667,0.00390577313,24,31.3553,27.562460000000044,29.340845416666696,25.66167791666669,80.60921892288171,3.90577313,1,0,2011,5
2011-05-23,304.90515,299.659,302.45707625,298.4929466666667,0.002985477466,24,31.755150000000015,26.509000000000015,29.307076250000023,25.342946666666705,79.25047181578103,2.9854774660000003,1,0,2011,5
2011-05-24,305.35623,300.5037,302.6143475,298.59406041666665,0.0013937950132,24,32.206230000000005,27.353700000000003,29.46434750000003,25.444060416666673,79.00754697442866,1.3937950132,1,0,2011,5
2011-05-25,305.47815,299.87503,302.51822375,297.76134875,0.00038433075068000004,24,32.32815000000005,26.725030000000004,29.368223750000027,24.611348750000047,75.59634596763426,0.38433075068000006,0,0,2011,5
2011-05-26,305.19922,300.27292,302.45546458333337,297.22465875,0.00030374527332,24,32.04922000000005,27.122920000000022,29.30546458333339,24.074658750000026,73.4677902686115,0.30374527332,0,0,2011,5
2011-05-27,305.74292,300.38544,302.58231083333334,297.3640675,0.0001349449163,24,32.59292000000005,27.23544000000004,29.43231083333336,24.2140675,73.54449582030932,0.1349449163,0,0,2011,5
2011-05-28,305.81613,301.31067,303.1325225,297.1567479166667,8.82148736e-05,24,32.66613000000001,28.16067000000004,29.982522500000016,24.00674791666671,70.36659758467471,0.08821487360000001,0,0,2011,5
2011-05-29,305.8937,301.43387,303.46508458333335,298.0134116666667,0.0004935264643,24,32.74370000000005,28.283870000000036,30.315084583333373,24.863411666666707,72.67185712219376,0.4935264643,0,0,2011,5
2011-05-30,305.6928,301.49048,303.23277666666667,298.1917354166667,0.0013532638486000001,24,32.5428,28.340480000000014,30.08277666666669,25.04173541666671,74.43630287374204,1.3532638486000002,1,0,2011,5
2011-05-31,305.43466,300.94177,303.2689433333333,298.26527458333334,0.0009217262273199999,24,32.28466000000003,27.791770000000042,30.118943333333334,25.11527458333336,74.60827435051397,0.92172622732,0,0,2011,5
2011-06-01,305.62402,300.54495,303.06196625,298.63243916666664,0.0035791396921,24,32.474019999999996,27.394949999999994,29.911966250000035,25.482439166666666,77.17071580431586,3.5791396921,1,0,2011,6
2011-06-02,305.77744,300.09772,302.11357208333334,298.361345,0.004708766992,24,32.627440000000036,26.947720000000004,28.96357208333336,25.211344999999994,80.21088476508963,4.708766992,1,0,2011,6
2011-06-03,304.42038,299.8602,301.4810795833333,298.39094625,0.014101505217999999,24,31.270380000000046,26.710200000000043,28.33107958333335,25.240946250000036,83.35984080744925,14.101505217999998,1,0,2011,6
2011-06-04,303.67053,299.02734,301.07376916666664,298.3560875,0.020509719777,24,30.520530000000008,25.877340000000004,27.92376916666666,25.206087500000024,85.18645385135174,20.509719777,1,0,2011,6
2011-06-05,302.87695,299.7129,300.84147666666667,298.42613,0.029078483542,24,29.726950000000045,26.562900000000013,27.691476666666688,25.276130000000023,86.71211299241268,29.078483542,1,0,2011,6
2011-06-06,305.27985,299.87964,301.6449195833333,298.25810083333334,0.016522884303,24,32.12985000000003,26.729640000000018,28.494919583333342,25.108100833333367,81.91760881385805,16.522884303,1,0,2011,6
2011-06-07,304.57062,299.96774,302.17353166666663,297.291115,6.24656675e-05,24,31.420620000000042,26.817740000000015,29.023531666666656,24.141115000000013,74.97511369873982,0.062465667499999995,0,0,2011,6
2011-06-08,304.15814,300.68842,302.24996875,297.6765183333334,0.0009894371056,24,31.008140000000026,27.53842000000003,29.099968750000016,24.5265183333334,76.38953023976549,0.9894371056,0,0,2011,6
2011-06-09,304.47998,299.65918,301.2259575,297.20446291666667,0.0444326406594,24,31.329980000000035,26.509180000000015,28.075957500000015,24.054462916666694,78.80979099318321,44.4326406594,1,0,2011,6
2011-06-10,299.62952,298.72876,299.32333291666663,297.7863766666667,0.23467922335,24,26.479520000000036,25.578760000000045,26.173332916666652,24.636376666666706,91.26031842551909,234.67922335,1,1,2011,6
2011-06-11,300.5011,299.08514,299.65379041666665,297.77350041666665,0.02413082138,24,27.35110000000003,25.935140000000047,26.503790416666675,24.623500416666673,89.42659376790348,24.13082138,1,0,2011,6
2011-06-12,301.2054,299.01093,299.81309416666664,297.7468275,0.01282262815,24,28.05540000000002,25.860929999999996,26.663094166666667,24.596827500000018,88.4489084045,12.82262815,1,0,2011,6
2011-06-13,301.62842,298.89728,299.98621833333334,297.86165166666666,0.00766754147,24,28.47842000000003,25.747280000000046,26.836218333333363,24.711651666666683,88.15500008620974,7.66754147,1,0,2011,6
2011-06-14,301.69263,299.13733,300.2602733333333,297.97522125,0.009234428424,24,28.54263000000003,25.987330000000043,27.11027333333334,24.825221250000027,87.33645406902471,9.234428423999999,1,0,2011,6
2011-06-15,301.00012,299.39117,300.055505,297.96126791666666,0.006218910246,24,27.850120000000004,26.24117000000001,26.905505000000005,24.81126791666668,88.32068893006387,6.218910246,1,0,2011,6
2011-06-16,300.48746,298.80377,299.6381920833333,297.7795904166666,0.01185655588,24,27.33746000000002,25.65377000000001,26.48819208333333,24.629590416666645,89.5415932640636,11.85655588,1,0,2011,6
2011-06-17,302.8624,298.7507,300.7697229166667,298.49347083333333,0.0074796676999999995,24,29.712400000000002,25.600700000000018,27.619722916666717,25.343470833333356,87.42684335068233,7.479667699999999,1,0,2011,6
2011-06-18,303.39484,300.90417,301.80140958333334,298.69755458333333,0.00380754471,24,30.24484000000001,27.754170000000045,28.65140958333336,25.54755458333335,83.32776013818166,3.80754471,1,0,2011,6
2011-06-19,302.88553,300.39996,301.2900333333333,298.77682375,0.0067458152599999995,24,29.73553000000004,27.249960000000044,28.14003333333335,25.626823750000028,86.2504059459081,6.74581526,1,0,2011,6
2011-06-20,302.578,300.15027,301.03512625,298.6771425,0.00719308856,24,29.427999999999997,27.00027,27.88512625000004,25.527142500000025,87.02616194648597,7.19308856,1,0,2011,6
2011-06-21,302.0423,300.07278,300.71552583333334,298.5615629166667,0.0053496360950000005,24,28.892300000000034,26.922780000000046,27.565525833333368,25.411562916666696,88.06083764900373,5.349636095,1,0,2011,6
2011-06-22,302.66376,299.72833,300.98584666666665,298.6275958333333,0.00532102585,24,29.513760000000048,26.57833000000005,27.83584666666667,25.47759583333334,87.02036746821226,5.32102585,1,0,2011,6
2011-06-23,303.32645,299.83746,301.32392375,298.77719458333337,0.005270957919,24,30.176450000000045,26.687460000000044,28.17392375000003,25.62719458333339,86.08204608377095,5.270957919,1,0,2011,6
2011-06-24,302.76794,300.0469,301.19760833333333,298.51834875000003,0.005012512184,24,29.617940000000033,26.896900000000016,28.047608333333358,25.368348750000052,85.39405994847907,5.012512184,1,0,2011,6
2011-06-25,301.8365,299.7317,300.69330333333335,298.33942916666666,0.00570440296,24,28.686500000000024,26.581700000000012,27.54330333333337,25.189429166666685,87.01682178571144,5.70440296,1,0,2011,6
2011-06-26,301.40564,299.6304,300.56799875,298.41073208333336,0.00598669055,24,28.255640000000028,26.48040000000003,27.417998750000038,25.26073208333338,88.03126707332501,5.98669055,1,0,2011,6
2011-06-27,301.43002,299.86972,300.60341,298.5007508333333,0.00628900527,24,28.280020000000036,26.719719999999995,27.45341000000002,25.350750833333336,88.32090106354718,6.28900527,1,0,2011,6
2011-06-28,301.14508,299.6972,300.3860779166667,298.37890541666667,0.00831508638,24,27.99508000000003,26.547200000000032,27.236077916666716,25.22890541666669,88.80720038574184,8.31508638,1,0,2011,6
2011-06-29,301.9502,299.92856,300.8808241666667,298.5987891666667,0.00430202483,24,28.800200000000018,26.778560000000027,27.730824166666707,25.4487891666667,87.40643520873688,4.30202483,1,0,2011,6
2011-06-30,302.02777,299.3979,300.64809291666666,298.46362791666667,0.004474639886,24,28.877769999999998,26.247900000000016,27.49809291666668,25.31362791666669,87.89548060831422,4.474639885999999,1,0,2011,6
2011-07-01,302.45752,298.8454,300.5111258333333,298.31527625,0.004869937925,24,29.30752000000001,25.695400000000006,27.361125833333347,25.165276250000034,87.82434526141769,4.8699379249999994,1,0,2011,7
2011-07-02,302.06342,298.61652,300.10567,297.81162125,0.005660057075,24,28.91342000000003,25.466520000000003,26.955669999999998,24.661621249999996,87.27588208035563,5.660057075,1,0,2011,7
2011-07-03,301.12848,298.61954,299.8714795833333,297.71389875,0.005191326136,24,27.978480000000047,25.469539999999995,26.72147958333335,24.56389875000002,87.97147180751503,5.191326136,1,0,2011,7
2011-07-04,301.129,298.57135,299.8942575,297.6491545833333,0.004134178166,24,27.979000000000042,25.421350000000018,26.744257500000003,24.499154583333336,87.51348550809969,4.134178166,1,0,2011,7
2011-07-05,302.31366,298.91342,300.41518083333335,297.93327416666665,0.002458095554,24,29.16366000000005,25.763419999999996,27.265180833333375,24.783274166666672,86.32889476432753,2.458095554,1,0,2011,7
2011-07-06,300.52777,298.87506,299.54754583333334,297.70247,0.017804145862999998,24,27.377769999999998,25.725060000000042,26.397545833333368,24.552470000000028,89.60747736181997,17.804145863,1,0,2011,7
2011-07-07,299.9585,298.75787,299.2334154166667,297.43646458333336,0.053770065570000004,24,26.808500000000038,25.607870000000048,26.083415416666696,24.286464583333384,89.8435726115153,53.77006557000001,1,1,2011,7
2011-07-08,300.39566,298.42517,299.0241879166667,297.38425166666667,0.04466962836,24,27.245660000000044,25.275170000000003,25.8741879166667,24.234251666666694,90.6796813847276,44.66962836,1,0,2011,7
2011-07-09,299.68817,298.3706,298.97447416666665,297.35615083333334,0.03619289415,24,26.538170000000036,25.220600000000047,25.824474166666676,24.206150833333368,90.79414109747968,36.19289415,1,0,2011,7
2011-07-10,300.10406,297.9725,298.9748241666667,297.3663045833334,0.01610279069,24,26.954060000000027,24.822500000000048,25.8248241666667,24.216304583333397,90.84761789983378,16.10279069,1,0,2011,7
2011-07-11,300.67432,298.53668,299.32511625,297.6295920833333,0.01697969456,24,27.524320000000046,25.386680000000013,26.17511625000003,24.47959208333333,90.39802100977508,16.979694560000002,1,0,2011,7
2011-07-12,300.8874,298.45132,299.593415,297.7450058333333,0.01173925401,24,27.737400000000036,25.301320000000032,26.443415000000016,24.595005833333346,89.59295100797512,11.73925401,1,0,2011,7
2011-07-13,301.00763,298.74124,299.61962208333335,297.6217879166667,0.023604869889999998,24,27.85763000000003,25.591240000000028,26.469622083333377,24.4717879166667,88.79672729880865,23.604869889999996,1,0,2011,7
2011-07-14,299.56516,298.30606,298.9950875,297.4413420833333,0.06001067176,24,26.415160000000014,25.156060000000025,25.845087500000034,24.291342083333348,91.1480507163223,60.01067176,1,1,2011,7
2011-07-15,300.92273,298.71478,299.7504925,297.8421891666667,0.02508544926,24,27.772730000000024,25.56478000000004,26.60049250000003,24.692189166666708,89.28404660912538,25.08544926,1,0,2011,7
2011-07-16,300.82666,298.7998,299.7099004166667,298.02135833333335,0.03254175184,24,27.676660000000027,25.649800000000027,26.55990041666672,24.871358333333376,90.46181787263959,32.54175184,1,0,2011,7
2011-07-17,300.8917,299.18747,299.69012625,298.16147166666667,0.06267309153,24,27.741700000000037,26.03747000000004,26.540126250000014,25.011471666666694,91.32827984201717,62.67309153,1,1,2011,7
2011-07-18,300.35974,299.15933,299.6841733333333,298.2843066666667,0.0430717466,24,27.20974000000001,26.009330000000034,26.534173333333342,25.134306666666703,92.03223148623215,43.071746600000004,1,0,2011,7
2011-07-19,300.4499,299.06726,299.60107999999997,298.12961666666666,0.05002737015,24,27.299900000000036,25.91726,26.45107999999999,24.979616666666686,91.63515849689416,50.02737015,1,1,2011,7
2011-07-20,300.58603,299.23212,299.7110383333333,298.03358041666667,0.02221107492,24,27.436030000000017,26.08212000000003,26.56103833333333,24.88358041666669,90.52181208552581,22.21107492,1,0,2011,7
2011-07-21,301.1872,298.99188,299.87047958333335,297.7893295833333,0.00892543791,24,28.03720000000004,25.841880000000003,26.720479583333372,24.639329583333335,88.37479387431294,8.92543791,1,0,2011,7
2011-07-22,300.96472,298.4646,299.4428579166667,297.30888375,0.00823116303,24,27.814720000000023,25.31460000000004,26.29285791666672,24.15888375000003,88.06025528943316,8.231163030000001,1,0,2011,7
2011-07-23,300.11508,298.55414,299.26435791666665,297.38065416666666,0.01077270506,24,26.96508,25.40414000000004,26.114357916666677,24.23065416666668,89.379289763094,10.77270506,1,0,2011,7
2011-07-24,300.83777,298.6299,299.5271466666667,297.5468525,0.00894880293,24,27.68777,25.479900000000043,26.377146666666704,24.396852500000023,88.88289050420956,8.94880293,1,0,2011,7
2011-07-25,301.44183,298.6136,299.93740541666665,297.8700783333333,0.010188102684,24,28.291830000000004,25.463600000000042,26.787405416666672,24.720078333333333,88.45332167012991,10.188102684,1,0,2011,7
2011-07-26,302.1337,298.55078,299.75021208333334,297.8611516666667,0.012336730838,24,28.9837,25.400779999999997,26.60021208333336,24.711151666666694,89.3868526335181,12.336730838,1,0,2011,7
2011-07-27,301.06055,298.65723,299.63342958333334,297.6881225,0.038231849963,24,27.91055,25.50723000000005,26.48342958333336,24.538122500000043,89.07764188645612,38.231849962999995,1,0,2011,7
2011-07-28,300.21152,298.3686,299.29566125,297.36995833333333,0.02949428577,24,27.06152000000003,25.218600000000038,26.145661250000046,24.219958333333352,89.1565942425967,29.49428577,1,0,2011,7
2011-07-29,300.28198,298.22037,299.26703375,297.44605125,0.030694007790000002,24,27.13198,25.070370000000025,26.11703375000002,24.296051250000005,89.71654333842392,30.69400779,1,0,2011,7
2011-07-30,300.34195,298.5003,299.27935333333335,297.62126458333336,0.0395374299,24,27.19195000000002,25.350300000000004,26.12935333333337,24.47126458333338,90.59793092292972,39.5374299,1,0,2011,7
2011-07-31,299.6704,298.56293,299.02093874999997,297.5934091666667,0.07816266969999999,24,26.520399999999995,25.412930000000017,25.870938749999993,24.443409166666697,91.84209320402866,78.1626697,1,1,2011,7
2011-08-01,299.5869,298.28647,298.89499416666666,297.3977683333333,0.03694868114,24,26.436900000000037,25.13647000000003,25.744994166666686,24.24776833333334,91.4515127512064,36.948681140000005,1,0,2011,8
2011-08-02,300.40656,298.6872,299.41384999999997,297.89437208333334,0.02574825301,24,27.256560000000036,25.53720000000004,26.26384999999999,24.74437208333336,91.36137638046029,25.74825301,1,0,2011,8
2011-08-03,300.69934,298.76263,299.5846966666667,297.73203625,0.0117406845,24,27.54934000000003,25.612630000000024,26.434696666666696,24.582036250000044,89.56951331640563,11.740684499999999,1,0,2011,8
2011-08-04,300.4856,298.40894,299.3611008333333,297.6401558333333,0.00840091702,24,27.3356,25.258939999999996,26.21110083333332,24.490155833333347,90.2629054186911,8.400917020000001,1,0,2011,8
2011-08-05,300.86194,299.10663,299.92495291666665,297.9719566666667,0.009177684766,24,27.711940000000027,25.95663000000002,26.774952916666678,24.821956666666722,89.05900647617126,9.177684766,1,0,2011,8
2011-08-06,301.69678,299.1716,300.11305583333336,297.9696875,0.00965833663,24,28.546780000000012,26.021600000000035,26.963055833333385,24.819687500000043,88.06646008151101,9.65833663,1,0,2011,8
2011-08-07,301.3385,299.0962,300.2045316666667,297.9914979166667,0.00722408291,24,28.188500000000033,25.946200000000033,27.05453166666672,24.841497916666697,87.70828629035768,7.224082910000001,1,0,2011,8
2011-08-08,301.62256,299.51978,300.4578675,297.75279333333333,0.005713462844,24,28.472560000000044,26.36978000000005,27.307867500000043,24.602793333333352,85.18823502011927,5.713462844,1,0,2011,8
2011-08-09,301.6867,299.586,300.4042,297.92792000000003,0.00703716276,24,28.536699999999996,26.436000000000035,27.254200000000026,24.77792000000005,86.3569041640583,7.03716276,1,0,2011,8
2011-08-10,301.51093,299.24634,300.23628125,297.90299166666665,0.00651502611,24,28.360929999999996,26.096339999999998,27.086281250000013,24.752991666666674,87.08286298298776,6.51502611,1,0,2011,8
2011-08-11,301.7959,299.26324,300.15372375,298.0824191666667,0.00869560244,24,28.64590000000004,26.11324000000002,27.003723750000006,24.932419166666705,88.44973133376436,8.69560244,1,0,2011,8
2011-08-12,300.42242,299.26038,299.73089708333333,297.63863499999997,0.01263475419,24,27.27242000000001,26.11038000000002,26.580897083333355,24.488634999999988,88.30465461715889,12.63475419,1,0,2011,8
2011-08-13,300.34113,298.7575,299.66286916666667,297.8375520833333,0.02222013477,24,27.191130000000044,25.607500000000016,26.51286916666669,24.687552083333344,89.72190055315026,22.22013477,1,0,2011,8
2011-08-14,300.73285,299.03168,299.6374591666667,297.69896375,0.022304058,24,27.582850000000008,25.881680000000017,26.487459166666724,24.54896375000004,89.11429435473657,22.304058,1,0,2011,8
2011-08-15,301.1348,298.57666,299.87175333333334,297.66441249999997,0.00790882121,24,27.984800000000007,25.426660000000027,26.721753333333368,24.51441249999999,87.70972828595507,7.90882121,1,0,2011,8
2011-08-16,300.67786,298.1548,299.38235041666667,297.5176970833333,0.0077848434499999996,24,27.527860000000032,25.004800000000046,26.23235041666669,24.367697083333326,89.49027729266939,7.784843449999999,1,0,2011,8
2011-08-17,300.6125,298.33987,299.44963208333337,297.381775,0.00728130347,24,27.462500000000034,25.18987000000004,26.299632083333393,24.231775000000027,88.41108874091496,7.28130347,1,0,2011,8
2011-08-18,301.21112,298.015,299.0973175,297.14718458333334,0.008646488213,24,28.061120000000017,24.86500000000001,25.947317499999997,23.997184583333365,89.01063001527385,8.646488213,1,0,2011,8
2011-08-19,300.8991,298.43192,299.4807804166667,297.30683125,0.00585746764,24,27.7491,25.281920000000014,26.3307804166667,24.15683125000004,87.8522718249499,5.85746764,1,0,2011,8
2011-08-20,301.47098,298.49362,299.77933291666665,297.46579625,0.005793094603,24,28.32098000000002,25.343620000000044,26.62933291666667,24.315796250000005,87.14511952581913,5.793094603,1,0,2011,8
2011-08-21,301.16977,298.71417,299.84377,297.3994425,0.0031523704499999998,24,28.01977000000005,25.564170000000047,26.69377000000003,24.249442500000043,86.46976015510619,3.15237045,1,0,2011,8
2011-08-22,301.74188,298.33804,300.24415208333335,297.70797875,0.001781940466,24,28.591880000000003,25.18804,27.09415208333337,24.557978750000018,86.03281630084146,1.781940466,1,0,2011,8
2011-08-23,301.2837,298.65994,299.74200583333334,297.73558083333336,0.011065959795999999,24,28.133700000000033,25.50994000000003,26.59200583333336,24.58558083333338,88.76066218660497,11.065959796,1,0,2011,8
2011-08-24,299.8309,298.67422,299.34117166666664,297.54491083333335,0.02569627763,24,26.68090000000001,25.524220000000014,26.191171666666662,24.39491083333337,89.85500339012634,25.69627763,1,0,2011,8
2011-08-25,299.4914,298.38916,298.8744425,297.17923625,0.012839794078999999,24,26.34140000000002,25.239160000000027,25.72444250000001,24.029236249999997,90.36907921190945,12.839794078999999,1,0,2011,8
2011-08-26,299.47443,298.27124,298.8259208333333,297.12547291666664,0.01131153109,24,26.324430000000007,25.12124,25.67592083333335,23.97547291666666,90.3372876460017,11.31153109,1,0,2011,8
2011-08-27,299.13333,297.5066,298.48674083333333,297.1105529166667,0.0566778178,24,25.983330000000024,24.356600000000014,25.33674083333335,23.9605529166667,92.094934430282,56.6778178,1,1,2011,8
2011-08-28,299.85272,298.02573,298.94006625000003,297.56318625,0.0585737228,24,26.70272,24.875730000000033,25.790066250000052,24.413186250000024,92.11669439018047,58.5737228,1,1,2011,8
2011-08-29,299.85568,298.4241,299.09488125,297.6005425,0.07634496723,24,26.70568000000003,25.274100000000033,25.944881250000037,24.45054250000004,91.47949419504978,76.34496723000001,1,1,2011,8
2011-08-30,300.6065,298.8318,299.62757208333335,297.72076250000003,0.01785945899,24,27.456500000000005,25.68180000000001,26.47757208333337,24.570762500000058,89.28278165154504,17.85945899,1,0,2011,8
2011-08-31,301.60632,298.68756,299.9161925,298.01015,0.00952672961,24,28.456320000000005,25.537560000000042,26.766192500000045,24.860150000000033,89.30855947983638,9.52672961,1,0,2011,8
2011-09-01,300.85358,298.86804,299.72365666666667,297.99185083333333,0.011267185237999999,24,27.703580000000045,25.71804000000003,26.573656666666693,24.841850833333353,90.22922594249796,11.267185238,1,0,2011,9
2011-09-02,300.49146,298.977,299.625495,297.86227583333334,0.01818180093,24,27.34146000000004,25.826999999999998,26.475495000000024,24.712275833333365,90.05312143826248,18.181800929999998,1,0,2011,9
2011-09-03,300.59094,299.0983,299.67236833333334,298.0685604166667,0.05459547001,24,27.440940000000012,25.948300000000017,26.52236833333336,24.918560416666708,90.9183377861702,54.59547001,1,1,2011,9
2011-09-04,301.45642,299.0472,299.88008291666665,298.29537875,0.02620840094,24,28.306420000000003,25.897199999999998,26.730082916666674,25.14537875000002,91.03531145790645,26.20840094,1,0,2011,9
2011-09-05,301.1117,299.0423,299.79636458333334,297.96709833333335,0.01596307757,24,27.961700000000008,25.892300000000034,26.646364583333366,24.817098333333377,89.7103731333455,15.963077570000001,1,0,2011,9
2011-09-06,300.0786,298.57965,299.2273575,297.85370625,0.04113960286,24,26.928600000000017,25.429650000000038,26.077357500000005,24.70370625000004,92.15064593017145,41.13960286,1,0,2011,9
2011-09-07,301.3739,299.16077,299.89525291666666,297.84462583333334,0.02225923531,24,28.223900000000015,26.010770000000036,26.745252916666686,24.69462583333336,88.53833116231549,22.25923531,1,0,2011,9
2011-09-08,302.00653,298.56708,300.1692725,297.7156391666667,0.00578737262,24,28.85653000000002,25.41708,27.0192725,24.5656391666667,86.45195366580938,5.78737262,1,0,2011,9
2011-09-09,301.97076,299.0667,300.231625,297.76288833333336,0.005165576925,24,28.820760000000007,25.91670000000005,27.08162500000003,24.612888333333387,86.37966130922575,5.165576925,1,0,2011,9
2011-09-10,301.19348,299.06323,299.91094125,297.8332858333333,0.00623703006,24,28.043480000000045,25.91323,26.76094125000003,24.683285833333343,88.3965549593089,6.23703006,1,0,2011,9
2011-09-11,301.32306,298.52332,299.58781208333335,297.67176875,0.00902891166,24,28.17306000000002,25.373320000000035,26.43781208333337,24.521768750000035,89.23042742830648,9.02891166,1,0,2011,9
2011-09-12,301.03848,298.211,299.49894708333335,297.4827741666667,0.00481271746,24,27.888480000000015,25.061000000000035,26.34894708333337,24.332774166666695,88.68965164730247,4.81271746,1,0,2011,9
2011-09-13,302.19684,298.25897,299.91440625,297.22096416666665,0.003851413732,24,29.04684000000003,25.10897,26.764406250000036,24.07096416666667,85.19253469964329,3.8514137319999997,1,0,2011,9
2011-09-14,301.87354,298.58655,299.9249733333333,297.56811375,0.004806041711,24,28.723540000000014,25.43655000000001,26.77497333333332,24.418113750000032,86.9320879514848,4.806041711,1,0,2011,9
2011-09-15,301.26944,298.86176,299.78010625,297.6587816666667,0.01067590707,24,28.119439999999997,25.711760000000027,26.63010625000004,24.50878166666672,88.15508652013611,10.675907070000001,1,0,2011,9
2011-09-16,301.7517,298.5443,299.9212204166667,297.3293541666667,0.008346557678,24,28.60170000000005,25.394300000000044,26.771220416666722,24.179354166666712,85.71465144312077,8.346557678,1,0,2011,9
2011-09-17,300.68536,298.3291,299.35234625,297.21778416666666,0.00639390944,24,27.535360000000026,25.179100000000005,26.202346250000005,24.067784166666684,88.04959801505045,6.39390944,1,0,2011,9
2011-09-18,301.23795,298.21234,299.5770975,297.06956875,0.00236415863,24,28.087950000000035,25.062340000000006,26.427097500000002,23.919568749999996,86.11679083435556,2.36415863,1,0,2011,9
2011-09-19,301.7741,297.6185,299.57557375,296.87086791666667,0.0024604797235,24,28.6241,24.468500000000006,26.425573750000012,23.72086791666669,85.1002966565788,2.4604797235,1,0,2011,9
2011-09-20,301.57416,297.69476,299.10501041666663,296.7511475,0.002966880782,24,28.42416000000003,24.544759999999997,25.955010416666653,23.601147500000025,86.87328497778063,2.966880782,1,0,2011,9
2011-09-21,300.50787,297.12494,298.8207475,296.1303491666667,0.00382184983,24,27.357870000000048,23.974940000000004,25.670747500000004,22.980349166666713,85.09656881595012,3.82184983,1,0,2011,9
2011-09-22,301.28668,297.39218,299.147965,295.95548916666667,0.002888202677,24,28.136680000000013,24.24218000000002,25.997965000000022,22.80548916666669,82.58074449940067,2.888202677,1,0,2011,9
2011-09-23,301.23972,297.153,299.28332041666664,295.8998629166667,0.001924514785,24,28.08972,24.003000000000043,26.133320416666663,22.7498629166667,81.64547281030553,1.924514785,1,0,2011,9
2011-09-24,301.3064,297.14688,299.31535291666665,295.90059041666666,0.0016670227154,24,28.15640000000002,23.996880000000033,26.165352916666677,22.750590416666682,81.49445740742539,1.6670227154000001,1,0,2011,9
2011-09-25,302.18945,297.55084,299.77812291666663,295.8802983333333,0.0010843276952,24,29.039450000000045,24.400840000000017,26.628122916666655,22.730298333333337,79.19943167183088,1.0843276952,1,0,2011,9
2011-09-26,302.3792,297.24017,299.79157833333335,295.70239375,0.0004014968911,24,29.22920000000005,24.09017,26.64157833333337,22.55239375000002,78.28601184009459,0.4014968911,0,0,2011,9
2011-09-27,302.23676,296.69278,299.68570916666664,295.69864708333336,6.67572027e-05,24,29.086760000000027,23.54278000000005,26.535709166666663,22.54864708333338,78.75845333201677,0.0667572027,0,0,2011,9
2011-09-28,302.92038,297.74933,300.1799275,296.14433,0.00050020218326,24,29.770380000000046,24.59933000000001,27.029927500000042,22.994330000000048,78.59623798250439,0.50020218326,0,0,2011,9
2011-09-29,302.97766,297.77777,300.14700875,296.53215958333334,0.00087165833286,24,29.827660000000037,24.627769999999998,26.99700875000002,23.38215958333336,80.61797031539795,0.8716583328599999,0,0,2011,9
2011-09-30,303.3173,297.88245,300.53319625,296.93286125000003,0.0004668235809,24,30.16730000000001,24.73245000000003,27.383196250000026,23.782861250000053,80.73835986690344,0.4668235809,0,0,2011,9
2011-10-01,303.62793,298.90997,300.80956083333336,296.9796470833333,0.00027608871886,24,30.477930000000015,25.75997000000001,27.659560833333387,23.829647083333327,79.66596308024415,0.27608871886,0,0,2011,10
2011-10-02,302.57697,299.05566,300.5035491666667,297.7525591666667,0.0017242431550000001,24,29.42697000000004,25.90566000000001,27.35354916666671,24.60255916666671,84.95907317882403,1.7242431550000001,1,0,2011,10
2011-10-03,302.39154,298.2863,300.10794708333333,297.13984458333334,0.001304626463,24,29.241540000000043,25.136300000000006,26.95794708333335,23.989844583333365,83.81774346943472,1.304626463,1,0,2011,10
2011-10-04,302.17908,297.54364,299.99776041666667,296.3406908333333,0.000837802882,24,29.02908000000002,24.393640000000005,26.847760416666688,23.19069083333335,80.3930958426402,0.837802882,0,0,2011,10
2011-10-05,303.30115,298.5774,300.8936508333333,296.68422833333335,0.00012159347528,24,30.15115000000003,25.427400000000034,27.743650833333334,23.534228333333374,77.87597543256817,0.12159347527999999,0,0,2011,10
2011-10-06,304.752,298.02344,300.96295208333333,297.24419916666665,0.00075101853576,24,31.602000000000032,24.873440000000016,27.812952083333357,24.09419916666667,80.2208428163668,0.75101853576,0,0,2011,10
2011-10-07,304.55646,298.52118,301.45262083333336,297.0891433333333,1.859664866e-05,24,31.40646000000004,25.371180000000038,28.30262083333338,23.939143333333334,77.23794567520845,0.01859664866,0,0,2011,10
2011-10-08,304.845,299.1454,301.8302458333333,297.56303833333334,2.24113464e-05,24,31.69500000000005,25.995400000000018,28.680245833333345,24.41303833333336,77.7412327211686,0.0224113464,0,0,2011,10
2011-10-09,305.52914,299.8188,302.15244,297.91312166666665,5.76972963e-05,24,32.37914000000001,26.668800000000033,29.002440000000036,24.763121666666677,77.91770191043415,0.0576972963,0,0,2011,10
2011-10-10,306.29865,298.25592,302.0034091666667,297.6935908333333,0.0,24,33.14865000000003,25.105920000000026,28.853409166666722,24.543590833333326,77.56815854716157,0.0,0,0,2011,10
2011-10-11,305.31384,298.4359,301.17192958333334,298.6384125,1.23977659e-05,24,32.16384000000005,25.285900000000026,28.02192958333336,25.488412500000038,86.13518168122417,0.0123977659,0,0,2011,10
2011-10-12,304.44565,299.7422,301.6130870833333,298.89346916666665,0.0004582405073,24,31.295650000000023,26.592200000000048,28.463087083333335,25.74346916666667,85.23106301721724,0.45824050730000004,0,0,2011,10
2011-10-13,304.38104,299.13495,301.23242583333337,298.12462375,0.01125288019822,24,31.231040000000007,25.984950000000026,28.08242583333339,24.974623750000035,83.24405175078454,11.25288019822,1,0,2011,10
2011-10-14,305.09058,298.82068,301.48625,297.99265166666663,0.0024580955475200002,24,31.94058000000001,25.670680000000004,28.336250000000007,24.842651666666654,81.37774080389327,2.45809554752,1,0,2011,10
2011-10-15,304.22766,299.6198,301.27384624999996,298.3894979166667,0.0015707016069,24,31.077660000000037,26.46980000000002,28.123846249999986,25.23949791666672,84.36532890033955,1.5707016069,1,0,2011,10
2011-10-16,304.14856,299.13116,300.9759125,297.9702820833333,0.00183773044406,24,30.998559999999998,25.981160000000045,27.825912500000015,24.820282083333325,83.72487242489068,1.83773044406,1,0,2011,10
2011-10-17,304.6944,298.5526,301.55620458333334,297.55147166666666,2.24113465e-05,24,31.544399999999996,25.402600000000007,28.406204583333363,24.40147166666668,78.93498951815856,0.022411346500000002,0,0,2011,10
2011-10-18,305.40143,299.68436,302.07228291666667,297.78441000000004,0.0001688003578,24,32.25143000000003,26.53436000000005,28.92228291666669,24.63441000000006,77.6801619301257,0.1688003578,0,0,2011,10
2011-10-19,304.8952,299.49667,301.8041075,297.94942,0.00044918060716,24,31.74520000000001,26.346670000000017,28.65410750000001,24.799419999999998,79.681070395372,0.44918060715999997,0,0,2011,10
2011-10-20,304.96082,298.0777,301.19142625,297.7503633333333,2.43186948e-05,24,31.810820000000035,24.927700000000016,28.04142625000003,24.60036333333335,81.59733158994459,0.024318694800000002,0,0,2011,10
2011-10-21,305.25146,296.37292,300.34817875,296.01267125,2.8133392899999997e-05,24,32.10146000000003,23.222920000000045,27.19817875000001,22.862671250000005,77.2045253580112,0.028133392899999998,0,0,2011,10
2011-10-22,307.3015,295.57904,301.09754833333335,293.31565458333336,0.0,24,34.1515,22.429040000000043,27.947548333333373,20.165654583333378,62.636454426521986,0.0,0,0,2011,10
2011-10-23,307.23254,295.84082,301.197945,292.7496741666667,0.0,24,34.082539999999995,22.69082000000003,28.047945000000027,19.599674166666716,60.12240654191636,0.0,0,0,2011,10
2011-10-24,307.1776,296.167,301.0379804166667,291.56459375000003,0.0,24,34.02760000000001,23.016999999999996,27.88798041666672,18.41459375000005,56.35815217352177,0.0,0,0,2011,10
2011-10-25,307.0561,294.81482,300.67831333333334,290.92546208333334,0.0,24,33.90610000000004,21.66482000000002,27.528313333333358,17.775462083333366,55.28938042590573,0.0,0,0,2011,10
2011-10-26,306.6629,295.09344,300.68667999999997,290.74606958333334,0.0,24,33.5129,21.94344000000001,27.53667999999999,17.59606958333336,54.64054318390045,0.0,0,0,2011,10
2011-10-27,306.66022,296.4546,301.55569583333335,292.72044458333335,0.0,24,33.510220000000004,23.30460000000005,28.40569583333337,19.57044458333337,58.7750928616421,0.0,0,0,2011,10
2011-10-28,306.73627,297.72528,302.00513875,295.25776833333333,0.0,24,33.58627000000001,24.57528000000002,28.855138750000037,22.107768333333354,66.9434002558388,0.0,0,0,2011,10
2011-10-29,305.8475,299.0866,301.8769675,296.1738808333333,0.00042152405119999997,24,32.69750000000005,25.9366,28.7269675,23.02388083333335,71.30501035527197,0.42152405119999997,0,0,2011,10
2011-10-30,306.0641,298.3201,301.54972791666665,296.41865583333333,0.0,24,32.91410000000002,25.170100000000048,28.399727916666677,23.268655833333355,73.75888321385317,0.0,0,0,2011,10
2011-10-31,306.84412,296.92078,301.66650875,294.3613091666667,0.0,24,33.69412,23.770780000000002,28.516508750000014,21.211309166666695,64.6284367956413,0.0,0,0,2011,10
2011-11-01,306.48737,296.70227,301.5522370833333,293.7074395833333,0.0,24,33.33737000000002,23.55227000000002,28.40223708333332,20.55743958333335,62.492907434296534,0.0,0,0,2011,11
2011-11-02,305.92206,297.26465,301.40210125,294.2885475,0.0,24,32.77206000000001,24.11465000000004,28.25210125000001,21.138547500000016,65.33811637397886,0.0,0,0,2011,11
2011-11-03,306.21164,297.3661,301.3767275,294.24926791666667,0.0,24,33.06164000000001,24.21610000000004,28.226727500000038,21.09926791666669,65.27704751828219,0.0,0,0,2011,11
2011-11-04,305.97632,296.8081,301.27574458333333,293.61382166666664,0.0,24,32.82632000000001,23.658100000000047,28.125744583333358,20.46382166666666,63.1417275393933,0.0,0,0,2011,11
2011-11-05,306.69135,296.6781,301.6301158333333,293.9953795833333,0.0,24,33.54135000000002,23.528099999999995,28.480115833333343,20.84537958333334,63.32439829128155,0.0,0,0,2011,11
2011-11-06,306.52206,296.83307,301.4510825,294.75874833333336,0.0,24,33.37206000000003,23.683070000000043,28.301082500000007,21.60874833333338,67.05805688834307,0.0,0,0,2011,11
2011-11-07,305.50165,297.0525,300.8393104166667,295.8002970833333,0.0,24,32.35165000000001,23.902500000000032,27.68931041666673,22.650297083333328,74.05313915380033,0.0,0,0,2011,11
2011-11-08,306.69736,296.41895,300.90114083333333,295.16996625,0.0,24,33.547360000000026,23.268950000000018,27.751140833333352,22.01996625000004,71.00771995990479,0.0,0,0,2011,11
2011-11-09,306.8089,295.5154,301.21695833333337,292.81792,0.0,24,33.65890000000002,22.365400000000022,28.06695833333339,19.667920000000038,60.310977917860654,0.0,0,0,2011,11
2011-11-10,307.13644,295.49915,301.01022916666665,292.05802166666666,0.0,24,33.986440000000016,22.34915000000001,27.86022916666667,18.908021666666684,58.22056183682384,0.0,0,0,2011,11
2011-11-11,306.36603,295.151,300.81213958333336,292.05292333333335,0.0,24,33.216030000000046,22.001000000000033,27.662139583333385,18.902923333333376,58.88009168201599,0.0,0,0,2011,11
2011-11-12,306.6488,295.2784,300.84866,291.72002791666665,0.0,24,33.49880000000002,22.1284,27.698660000000018,18.570027916666675,57.54330587042752,0.0,0,0,2011,11
2011-11-13,306.9102,295.442,300.97014291666665,292.31946208333335,0.0,24,33.7602,22.29200000000003,27.82014291666667,19.16946208333337,59.31731573326644,0.0,0,0,2011,11
2011-11-14,307.29575,295.9696,301.3088670833333,293.0603654166667,0.0,24,34.14575000000002,22.819600000000037,28.158867083333348,19.910365416666707,60.898100370041796,0.0,0,0,2011,11
2011-11-15,306.89923,296.94403,301.43393833333334,292.44782875,0.0,24,33.74923000000001,23.79403000000002,28.283938333333367,19.297828750000008,58.19740248877915,0.0,0,0,2011,11
2011-11-16,306.40778,295.9358,300.75335583333333,290.79470291666667,0.0,24,33.257780000000025,22.785799999999995,27.603355833333353,17.644702916666688,54.59491863252467,0.0,0,0,2011,11
2011-11-17,306.30356,294.09937,299.76750583333336,288.64741791666665,0.0,24,33.15356000000003,20.949370000000044,26.617505833333382,15.497417916666677,50.46426762231633,0.0,0,0,2011,11
2011-11-18,306.456,292.88513,299.41709583333335,288.6519191666667,0.0,24,33.30600000000004,19.735130000000026,26.26709583333337,15.50191916666671,51.534150111471625,0.0,0,0,2011,11
2011-11-19,306.50446,293.4889,299.6024904166667,289.5650079166667,0.0,24,33.35446000000002,20.338900000000024,26.452490416666706,16.415007916666696,54.03602550028037,0.0,0,0,2011,11
2011-11-20,306.4713,293.86697,299.90587124999996,289.9749816666667,0.0,24,33.32130000000001,20.716970000000003,26.755871249999984,16.8249816666667,54.47974976282234,0.0,0,0,2011,11
2011-11-21,306.6043,294.28424,300.0232608333333,289.756485,0.0,24,33.454300000000046,21.134240000000034,26.873260833333347,16.60648500000002,53.358471310277686,0.0,0,0,2011,11
2011-11-22,306.1816,293.9501,299.73869916666666,288.93328583333334,0.0,24,33.031600000000026,20.800100000000043,26.588699166666686,15.783285833333366,51.484481619117766,0.0,0,0,2011,11
2011-11-23,305.4956,294.70416,299.44819375000003,288.5555675,0.0,24,32.34560000000005,21.554160000000024,26.298193750000053,15.405567500000018,51.12246341400785,0.0,0,0,2011,11
2011-11-24,304.97437,294.33972,299.2026995833333,289.83651333333336,0.0,24,31.824370000000044,21.189720000000023,26.05269958333332,16.68651333333338,56.29268556880116,0.0,0,0,2011,11
2011-11-25,305.33173,294.62402,299.55122625,289.79805749999997,0.0,24,32.181730000000016,21.474019999999996,26.401226250000036,16.648057499999993,55.00961342151904,0.0,0,0,2011,11
2011-11-26,305.39087,294.58295,300.03005708333336,290.64249125,0.0,24,32.24087000000003,21.432950000000005,26.880057083333384,17.49249125,56.418005342924985,0.0,0,0,2011,11
2011-11-27,305.8802,298.6501,301.65582708333335,293.31861375,0.0,24,32.730200000000025,25.50010000000003,28.505827083333372,20.16861375000002,60.64260592207316,0.0,0,0,2011,11
2011-11-28,304.9626,298.26483,300.66236125,294.18715291666666,0.002171993248,24,31.81260000000003,25.11483000000004,27.512361250000026,21.037152916666685,67.79989328988516,2.171993248,1,0,2011,11
2011-11-29,305.29175,297.88617,300.8400620833333,295.6841170833333,0.0008230209351,24,32.14175,24.736170000000016,27.690062083333316,22.534117083333342,73.52893413905855,0.8230209351,0,0,2011,11
2011-11-30,304.8091,297.46432,300.79585333333335,296.50321333333335,0.0,24,31.659100000000024,24.31432000000001,27.645853333333378,23.353213333333372,77.47142196736678,0.0,0,0,2011,11
2011-12-01,305.63138,296.84262,300.84902625,295.9357529166667,0.0,24,32.48138,23.692620000000034,27.69902625000003,22.785752916666695,74.62220090867622,0.0,0,0,2011,12
2011-12-02,304.96655,296.86768,300.48485166666666,293.2453983333333,0.0,24,31.816550000000007,23.71768000000003,27.33485166666668,20.09539833333332,64.64148720978594,0.0,0,0,2011,12
2011-12-03,305.8532,294.3533,299.98464125000004,290.62900041666666,0.0,24,32.70320000000004,21.203300000000013,26.83464125000006,17.47900041666668,56.520848394890386,0.0,0,0,2011,12
2011-12-04,305.11673,294.77554,299.525265,292.50781666666666,0.0,24,31.96673000000004,21.62554,26.375265000000013,19.35781666666668,65.33589813385304,0.0,0,0,2011,12
2011-12-05,305.22284,295.40738,299.70112375,294.465715,0.0,24,32.07284000000004,22.257380000000012,26.551123750000045,21.31571500000001,72.97963837342243,0.0,0,0,2011,12
2011-12-06,305.5991,295.61456,300.1460125,293.86609208333334,0.0,24,32.449100000000044,22.464560000000006,26.996012500000006,20.716092083333365,68.51841432920519,0.0,0,0,2011,12
2011-12-07,305.67584,296.47058,300.05634249999997,292.8220920833333,0.0,24,32.52584000000002,23.320580000000007,26.906342499999994,19.672092083333325,64.5717277760946,0.0,0,0,2011,12
2011-12-08,305.23737,294.68225,299.46517291666663,291.48057416666666,0.0,24,32.08737000000002,21.532250000000033,26.315172916666654,18.33057416666668,61.48989522614884,0.0,0,0,2011,12
2011-12-09,305.1223,293.86804,299.2338275,290.55138833333336,0.0,24,31.97230000000002,20.71804000000003,26.08382750000004,17.401388333333387,58.79357590201873,0.0,0,0,2011,12
2011-12-10,305.6442,293.36258,299.4079258333333,289.8606295833333,0.0,24,32.494200000000035,20.212580000000003,26.25792583333333,16.710629583333343,55.698518317297435,0.0,0,0,2011,12
2011-12-11,304.88025,293.03192,298.31766208333335,289.56557208333334,0.0,24,31.730250000000012,19.881920000000036,25.16766208333337,16.41557208333336,58.31786415006916,0.0,0,0,2011,12
2011-12-12,305.474,292.4425,298.82112166666667,289.76208375,0.0,24,32.32400000000001,19.292500000000018,25.671121666666693,16.61208375000001,57.30917468507676,0.0,0,0,2011,12
2011-12-13,305.43958,293.58286,299.32165041666667,291.5484025,0.0,24,32.28958,20.432860000000005,26.171650416666694,18.39840250000003,62.278469304978124,0.0,0,0,2011,12
2011-12-14,305.5702,294.81985,299.3492875,290.53332958333334,0.0,24,32.42020000000002,21.669849999999997,26.199287500000025,17.383329583333364,58.3266037308105,0.0,0,0,2011,12
2011-12-15,304.7795,293.28296,298.3583233333333,289.77753791666663,0.0,24,31.629500000000007,20.132960000000026,25.20832333333334,16.627537916666654,58.966777203653564,0.0,0,0,2011,12
2011-12-16,304.80725,292.37332,298.44570791666666,289.00269625,0.0,24,31.657250000000033,19.22332,25.295707916666686,15.852696250000008,55.83228029417059,0.0,0,0,2011,12
2011-12-17,304.81506,293.03894,298.33504791666667,289.7679591666667,0.0,24,31.66506000000004,19.888940000000048,25.18504791666669,16.617959166666708,59.01267139355534,0.0,0,0,2011,12
2011-12-18,304.8887,292.82562,298.4606525,289.3674691666667,0.0,24,31.738699999999994,19.675620000000038,25.310652500000003,16.217469166666717,57.09764274383888,0.0,0,0,2011,12
2011-12-19,304.52795,292.8507,298.27237833333334,289.3434104166667,0.0,24,31.37795,19.70070000000004,25.12237833333336,16.193410416666723,57.65325022710946,0.0,0,0,2011,12
2011-12-20,304.3077,292.75787,298.32269041666666,289.85944333333333,0.0,24,31.157700000000034,19.607870000000048,25.172690416666683,16.709443333333354,59.400595306932814,0.0,0,0,2011,12
2011-12-21,304.54303,292.68805,298.0789991666667,289.42361124999996,0.0,24,31.39303000000001,19.53805,24.9289991666667,16.273611249999988,58.6214645073565,0.0,0,0,2011,12
2011-12-22,304.27454,292.1477,297.9471045833333,288.918615,0.0,24,31.124540000000025,18.99770000000001,24.79710458333335,15.768615000000011,57.209483934003686,0.0,0,0,2011,12
2011-12-23,304.33127,292.11444,297.9398820833333,288.4964879166667,0.0,24,31.18127000000004,18.964440000000025,24.78988208333334,15.346487916666717,55.70599379189284,0.0,0,0,2011,12
2011-12-24,304.18774,292.10303,297.7702033333333,289.43459125,0.0,24,31.037740000000042,18.953030000000012,24.620203333333336,16.284591250000005,59.755525322656474,0.0,0,0,2011,12
2011-12-25,304.7633,291.73657,297.73868166666665,288.4126870833333,0.0,24,31.613300000000038,18.586569999999995,24.588681666666673,15.262687083333333,56.077829670575206,0.0,0,0,2011,12
2011-12-26,304.07922,292.65372,297.2017695833334,288.4449920833333,0.0,24,30.929220000000043,19.503720000000044,24.051769583333396,15.29499208333334,58.03366757501557,0.0,0,0,2011,12
2011-12-27,302.72247,290.14276,295.4785620833333,286.75600375,0.0,24,29.57247000000001,16.992760000000033,22.32856208333334,13.606003750000013,57.7459008738615,0.0,0,0,2011,12
2011-12-28,302.34296,291.06818,295.590915,287.39661625,0.0,24,29.192960000000028,17.918180000000007,22.440915000000018,14.246616250000045,59.7881708403316,0.0,0,0,2011,12
2011-12-29,303.48395,289.77606,296.1665254166667,287.36472875,0.0,24,30.333950000000016,16.626059999999995,23.016525416666695,14.214728750000006,57.61596877567938,0.0,0,0,2011,12
2011-12-30,303.859,290.03436,296.59432166666664,287.2024025,0.0,24,30.709000000000003,16.884360000000015,23.444321666666667,14.052402500000028,55.556770658929615,0.0,0,0,2011,12
2011-12-31,301.94016,292.7389,297.0173283333333,289.7420379166667,0.0,24,28.790160000000014,19.588900000000024,23.86732833333332,16.592037916666698,63.75370074384734,0.0,0,0,2011,12
2012-01-01,301.4886,294.53854,297.1411445833333,288.20092125,0.0,24,28.338600000000042,21.388540000000035,23.991144583333323,15.050921250000044,57.33856970410793,0.0,0,0,2012,1
2012-01-02,302.1105,291.66565,296.23146041666666,288.87747625000003,0.0,24,28.960500000000025,18.51565000000005,23.081460416666687,15.727476250000052,63.262634995443214,0.0,0,0,2012,1
2012-01-03,302.7682,293.18643,296.96439,290.97748333333334,0.0,24,29.6182,20.036429999999996,23.814390000000003,17.82748333333336,69.15991401737348,0.0,0,0,2012,1
2012-01-04,302.24982,291.9499,296.23505666666665,290.88931916666667,9.536743e-07,24,29.099820000000022,18.799900000000036,23.085056666666674,17.73931916666669,71.87298289853733,0.0009536743,0,0,2012,1
2012-01-05,303.78604,291.2036,296.6223504166667,288.86941,0.0,24,30.636040000000037,18.053600000000017,23.4723504166667,15.719410000000039,61.75325860974062,0.0,0,0,2012,1
2012-01-06,302.81262,292.565,297.05245625000003,289.1422304166667,0.0,24,29.662620000000004,19.41500000000002,23.902456250000057,15.9922304166667,61.23231763855656,0.0,0,0,2012,1
2012-01-07,301.84903,290.76007,295.8305945833333,289.87902541666665,0.0,24,28.69903000000005,17.610070000000007,22.680594583333345,16.729025416666673,69.09501554333043,0.0,0,0,2012,1
2012-01-08,301.06293,291.0263,295.4366966666667,286.7216233333333,0.0,24,27.912930000000017,17.876300000000015,22.286696666666728,13.57162333333332,57.76388585868616,0.0,0,0,2012,1
2012-01-09,300.50555,288.4973,294.03376541666665,282.65951416666667,0.0,24,27.35555000000005,15.347300000000018,20.883765416666677,9.50951416666669,48.112801612043555,0.0,0,0,2012,1
2012-01-10,301.2354,288.51102,294.62004666666667,284.57246000000004,0.0,24,28.08540000000005,15.361019999999996,21.47004666666669,11.422460000000058,52.728277383525274,0.0,0,0,2012,1
2012-01-11,302.03256,289.7845,295.35818083333334,283.7265933333333,0.0,24,28.882560000000012,16.634500000000003,22.20818083333336,10.576593333333335,47.64851861882226,0.0,0,0,2012,1
2012-01-12,302.1695,289.52625,295.34263416666664,283.54998374999997,0.0,24,29.01950000000005,16.376250000000027,22.192634166666664,10.39998374999999,47.135181726202894,0.0,0,0,2012,1
2012-01-13,302.3886,289.85678,295.6188779166667,283.6439879166667,0.0,24,29.23860000000002,16.706780000000037,22.468877916666713,10.493987916666697,46.64062143019093,0.0,0,0,2012,1
2012-01-14,303.02396,289.96606,296.13937000000004,285.20656375,0.0,24,29.87396000000001,16.81606000000005,22.989370000000065,12.05656375000001,50.12164948771678,0.0,0,0,2012,1
2012-01-15,302.8365,289.7749,295.92891208333333,286.6183525,0.0,24,29.686500000000024,16.624900000000025,22.778912083333353,13.468352500000037,55.68514113729475,0.0,0,0,2012,1
2012-01-16,301.6327,291.06973,295.70429,287.58494791666664,0.0,24,28.482700000000023,17.919730000000015,22.554290000000037,14.434947916666658,60.10554303976804,0.0,0,0,2012,1
2012-01-17,300.97537,290.2856,295.05547666666666,289.34309625,0.0,24,27.82537000000002,17.13560000000001,21.905476666666686,16.193096249999996,70.00518803598227,0.0,0,0,2012,1
2012-01-18,298.18512,291.2132,294.51999333333333,288.55401,0.0,24,25.035120000000006,18.063199999999995,21.369993333333355,15.404010000000028,68.77550273315063,0.0,0,0,2012,1
2012-01-19,297.54584,290.1074,293.787145,287.7185166666667,2.38418576e-06,24,24.39584000000002,16.957400000000007,20.637145000000032,14.56851666666671,68.17751510473028,0.00238418576,0,0,2012,1
2012-01-20,299.4522,289.1839,293.8943433333333,285.48572416666667,0.0,24,26.302200000000028,16.033900000000017,20.744343333333347,12.335724166666694,58.556861562361014,0.0,0,0,2012,1
2012-01-21,301.83597,288.55017,295.2168995833333,286.6237575,0.0,24,28.685969999999998,15.400170000000003,22.06689958333334,13.473757500000033,58.17105618911163,0.0,0,0,2012,1
2012-01-22,299.67438,290.91815,295.31744541666666,290.4408383333333,0.0,24,26.524380000000008,17.76815000000005,22.16744541666668,17.29083833333334,73.87124536735595,0.0,0,0,2012,1
2012-01-23,301.10245,291.01672,295.40030916666666,289.37975124999997,0.0,24,27.95245,17.866720000000043,22.250309166666682,16.229751249999993,68.70841850303522,0.0,0,0,2012,1
2012-01-24,302.95917,290.8011,296.6333445833333,288.42565083333335,0.0,24,29.809169999999995,17.651100000000042,23.48334458333335,15.275650833333373,59.98049013985362,0.0,0,0,2012,1
2012-01-25,301.6853,291.97153,296.26695875,289.35255208333336,0.0,24,28.535300000000007,18.821529999999996,23.116958750000038,16.202552083333387,65.0729325553043,0.0,0,0,2012,1
2012-01-26,300.96503,291.6693,295.8020441666667,288.7850158333333,0.0,24,27.815030000000036,18.519300000000044,22.652044166666712,15.635015833333341,64.54827863531325,0.0,0,0,2012,1
2012-01-27,301.5819,291.3658,295.57812,287.3418266666667,0.0,24,28.43190000000004,18.2158,22.428120000000035,14.191826666666714,59.622736997278786,0.0,0,0,2012,1
2012-01-28,300.76398,290.61353,295.14462208333333,285.87482875,0.0,24,27.613980000000026,17.46353000000005,21.994622083333354,12.724828750000029,55.637553533948704,0.0,0,0,2012,1
2012-01-29,300.28094,288.85156,293.78454458333334,283.4303058333333,0.0,24,27.13094000000001,15.701560000000029,20.634544583333366,10.28030583333333,51.44712218886281,0.0,0,0,2012,1
2012-01-30,301.86426,289.9937,295.32756708333335,288.18609541666666,0.0,24,28.714260000000024,16.843700000000013,22.177567083333372,15.036095416666683,63.932029162422744,0.0,0,0,2012,1
2012-01-31,302.70917,290.99393,296.8386658333333,289.93743333333333,0.0,24,29.559169999999995,17.84393,23.688665833333346,16.787433333333354,65.24872445814438,0.0,0,0,2012,1
2012-02-01,303.88873,293.0258,298.00430124999997,289.62627875,0.0,24,30.738730000000032,19.875800000000027,24.854301249999992,16.476278750000006,59.648833782782056,0.0,0,0,2012,2
2012-02-02,304.58203,292.976,298.21324,288.796425,0.0,24,31.432029999999997,19.826000000000022,25.063240000000008,15.646425000000022,55.868624571135186,0.0,0,0,2012,2
2012-02-03,304.10016,292.92126,298.0698908333333,288.70121083333333,0.0,24,30.95016000000004,19.77126000000004,24.91989083333334,15.551210833333357,56.005866263727064,0.0,0,0,2012,2
2012-02-04,303.20508,293.8932,297.9767033333333,289.29319375,0.0,24,30.055080000000032,20.7432,24.82670333333334,16.143193750000023,58.49212941035632,0.0,0,0,2012,2
2012-02-05,303.23206,293.1407,297.43660458333335,288.89820291666666,0.0,24,30.082060000000013,19.990700000000004,24.28660458333337,15.748202916666685,58.90849014977037,0.0,0,0,2012,2
2012-02-06,302.3357,292.52863,296.83352125,288.80740541666665,0.0,24,29.185699999999997,19.378630000000044,23.683521250000013,15.657405416666677,60.729994165616944,0.0,0,0,2012,2
2012-02-07,300.74072,292.10345,296.07099666666664,285.3026058333333,0.0,24,27.590720000000033,18.953450000000032,22.920996666666667,12.152605833333325,50.64910664880813,0.0,0,0,2012,2
2012-02-08,298.97794,290.84918,294.07277625,276.74084958333333,0.0,24,25.827940000000012,17.699180000000013,20.922776250000027,3.590849583333352,31.938084974435814,0.0,0,0,2012,2
2012-02-09,300.90707,286.1051,293.37768625,277.9947608333333,0.0,24,27.75707,12.955100000000016,20.227686250000033,4.844760833333339,36.401370317881835,0.0,0,0,2012,2
2012-02-10,302.39868,287.7385,295.14448208333334,282.4520958333333,0.0,24,29.248680000000036,14.58850000000001,21.994482083333367,9.30209583333334,44.32331446514731,0.0,0,0,2012,2
2012-02-11,303.25922,289.42487,296.0885325,286.5833166666667,0.0,24,30.10922000000005,16.27487000000002,22.938532500000008,13.433316666666713,55.022918309250315,0.0,0,0,2012,2
2012-02-12,300.26245,289.98596,295.23928416666666,290.84061791666664,0.0,24,27.112450000000024,16.83596,22.089284166666687,17.690617916666667,76.12239624679654,0.0,0,0,2012,2
2012-02-13,301.26025,291.46613,295.6750466666667,290.13786999999996,0.0,24,28.110250000000008,18.316130000000044,22.525046666666697,16.987869999999987,70.9066242894926,0.0,0,0,2012,2
2012-02-14,302.0027,292.00696,296.4162429166667,290.11248458333336,0.0,24,28.852700000000027,18.856960000000015,23.266242916666727,16.962484583333378,67.68170045608707,0.0,0,0,2012,2
2012-02-15,302.0069,292.6375,296.60299375,287.48029875000003,0.0,24,28.856899999999996,19.48750000000001,23.45299375000002,14.330298750000054,56.53657908247846,0.0,0,0,2012,2
2012-02-16,301.37524,291.70557,295.71361833333333,284.9906779166667,0.0,24,28.225240000000042,18.555570000000046,22.563618333333352,11.84067791666672,50.70650832413137,0.0,0,0,2012,2
2012-02-17,303.5003,289.81238,296.05199375,284.99974541666666,0.0,24,30.350300000000004,16.66238000000004,22.90199375000003,11.849745416666678,49.70532759468,0.0,0,0,2012,2
2012-02-18,305.33826,291.05774,298.0351541666667,288.8047745833333,0.0,24,32.188260000000014,17.907740000000047,24.885154166666723,15.654774583333335,56.49592568300521,0.0,0,0,2012,2
2012-02-19,306.23172,292.86578,299.26552833333335,289.5815083333333,0.0,24,33.08172000000002,19.715779999999995,26.115528333333373,16.43150833333334,55.18115947437076,0.0,0,0,2012,2
2012-02-20,306.2339,293.87314,299.73674416666665,289.0498,0.0,24,33.08390000000003,20.72314,26.586744166666676,15.899800000000027,51.87564513158584,0.0,0,0,2012,2
2012-02-21,306.74902,294.90378,299.9121395833333,288.08053791666663,0.0,24,33.599019999999996,21.753780000000006,26.76213958333335,14.930537916666651,48.245390559744365,0.0,0,0,2012,2
2012-02-22,306.64264,294.01007,299.79781916666667,287.33754625,0.0,24,33.492639999999994,20.860070000000007,26.647819166666693,14.187546250000025,46.2949488070887,0.0,0,0,2012,2
2012-02-23,306.04123,293.6399,299.2740375,287.39710958333336,0.0,24,32.89123000000001,20.489900000000034,26.124037500000043,14.247109583333383,47.93432392966907,0.0,0,0,2012,2
2012-02-24,305.15552,293.26178,298.76398083333333,286.61369541666664,0.0,24,32.00552000000005,20.11178000000001,25.613980833333358,13.463695416666667,46.95472392332923,0.0,0,0,2012,2
2012-02-25,305.9725,293.7939,299.23103208333333,285.7716570833333,0.0,24,32.82250000000005,20.64390000000003,26.081032083333355,12.621657083333332,43.22569765105551,0.0,0,0,2012,2
2012-02-26,306.52173,293.0801,299.45972375,286.7148183333333,0.0,24,33.371730000000014,19.93010000000004,26.309723750000046,13.564818333333335,45.3560117718975,0.0,0,0,2012,2
2012-02-27,306.90125,294.18585,300.0675145833333,287.12602875,0.0,24,33.75125000000003,21.03585000000004,26.917514583333343,13.976028750000012,44.944645117028024,0.0,0,0,2012,2
2012-02-28,303.63037,293.07312,298.03497791666666,289.09681708333335,0.0,24,30.48037000000005,19.92312000000004,24.884977916666685,15.946817083333372,57.562282362794015,0.0,0,0,2012,2
2012-02-29,301.59515,292.24615,296.79359375,290.61054916666666,0.0,24,28.445150000000012,19.096150000000023,23.643593750000036,17.46054916666668,68.2762163291395,0.0,0,0,2012,2
2012-03-01,301.59705,290.7617,295.90925541666667,288.98933125,8.10623166e-06,24,28.447050000000047,17.61170000000004,22.75925541666669,15.839331250000043,64.97386295033574,0.008106231660000001,0,0,2012,3
2012-03-02,300.58975,291.33612,295.6732133333333,289.31473375,0.0,24,27.439750000000004,18.186120000000017,22.52321333333333,16.16473375000004,67.29691963888557,0.0,0,0,2012,3
2012-03-03,301.73062,292.69156,296.77233958333335,291.86326583333334,4.7683716e-07,24,28.58062000000001,19.541560000000004,23.62233958333337,18.713265833333367,73.96652594439645,0.00047683716000000004,0,0,2012,3
2012-03-04,304.12158,293.0322,298.02739333333335,291.29485625,0.0,24,30.971580000000017,19.88220000000001,24.877393333333373,18.144856250000032,66.19729593891464,0.0,0,0,2012,3
2012-03-05,306.83713,294.56204,299.5989583333333,289.4395783333333,0.0,24,33.687130000000025,21.412040000000047,26.448958333333337,16.28957833333334,53.61704445996329,0.0,0,0,2012,3
2012-03-06,303.1313,294.30917,297.9519966666667,289.65947958333334,0.0,24,29.981300000000033,21.159170000000017,24.801996666666696,16.50947958333336,59.962152237202865,0.0,0,0,2012,3
2012-03-07,300.9552,292.6811,296.34605916666663,290.89285,1.2397766060000001e-05,24,27.805200000000013,19.531100000000038,23.196059166666657,17.742850000000033,71.40767883219988,0.01239776606,0,0,2012,3
2012-03-08,299.7539,291.38876,295.9907529166667,289.0773408333333,0.0,24,26.60390000000001,18.238760000000013,22.840752916666702,15.927340833333346,65.01829956955883,0.0,0,0,2012,3
2012-03-09,301.28363,291.22305,296.21915333333334,288.35103250000003,0.0,24,28.13363000000004,18.073050000000023,23.06915333333336,15.201032500000053,61.207150838882875,0.0,0,0,2012,3
2012-03-10,303.72116,291.60037,297.58409375,284.25500375,0.0,24,30.57116000000002,18.45037000000002,24.434093750000045,11.105003750000037,43.14083869225998,0.0,0,0,2012,3
2012-03-11,302.74005,293.97992,297.83369375,288.29383333333334,0.0,24,29.59005000000002,20.829920000000016,24.68369375000003,15.143833333333362,55.33544620050164,0.0,0,0,2012,3
2012-03-12,302.88818,292.6958,297.50608416666665,289.0521625,0.0,24,29.73818,19.545800000000042,24.356084166666676,15.902162500000031,59.2441977363688,0.0,0,0,2012,3
2012-03-13,305.3793,291.53665,298.50946708333333,286.4918470833333,0.0,24,32.22930000000002,18.38665000000003,25.359467083333357,13.341847083333334,47.29361556467936,0.0,0,0,2012,3
2012-03-14,306.68268,292.92072,299.7043025,286.1167491666667,0.0,24,33.53268000000003,19.77072000000004,26.554302500000006,12.966749166666716,42.99435415821784,0.0,0,0,2012,3
2012-03-15,306.09406,294.78223,300.1579825,288.10040208333334,0.0,24,32.944060000000036,21.63223000000005,27.007982500000026,14.950402083333358,47.61325910424286,0.0,0,0,2012,3
2012-03-16,305.40738,294.8427,299.67085333333335,290.20167375,0.0,24,32.25738000000001,21.692700000000002,26.520853333333378,17.05167375000002,56.04001627153625,0.0,0,0,2012,3
2012-03-17,304.78766,294.4422,299.3458541666667,292.0323941666667,0.0,24,31.63766000000004,21.292200000000037,26.19585416666672,18.8823941666667,64.10281599872337,0.0,0,0,2012,3
2012-03-18,306.45337,295.26816,300.41043,288.8193108333333,0.0,24,33.30337000000003,22.118160000000046,27.260430000000042,15.669310833333327,49.12955027110396,0.0,0,0,2012,3
2012-03-19,306.50958,294.53824,299.71485416666667,289.7099733333333,0.0,24,33.35958000000005,21.388239999999996,26.56485416666669,16.559973333333346,54.17650242269587,0.0,0,0,2012,3
2012-03-20,306.26013,294.93103,300.19807125,289.9332541666667,0.0,24,33.11013000000003,21.781030000000044,27.04807125000002,16.783254166666723,53.40928530678949,0.0,0,0,2012,3
2012-03-21,307.15363,295.3703,300.4809883333333,289.1245191666667,0.0,24,34.003630000000044,22.22030000000001,27.330988333333323,15.97451916666671,49.89139315931666,0.0,0,0,2012,3
2012-03-22,306.6227,295.59177,300.2645108333333,288.6442583333333,0.0,24,33.47270000000003,22.44177000000002,27.114510833333327,15.494258333333335,48.99941519478323,0.0,0,0,2012,3
2012-03-23,306.26218,296.20892,300.35945666666663,289.93354416666665,0.0,24,33.11218000000002,23.05892,27.209456666666654,16.783544166666672,52.90628173841227,0.0,0,0,2012,3
2012-03-24,308.23676,295.11206,301.85125666666664,289.2055404166667,0.0,24,35.08676000000003,21.962060000000008,28.701256666666666,16.0555404166667,46.29574147970776,0.0,0,0,2012,3
2012-03-25,308.27682,296.08472,301.7370966666667,288.68630666666667,0.0,24,35.12682000000001,22.934720000000027,28.587096666666696,15.53630666666669,45.080682737004196,0.0,0,0,2012,3
2012-03-26,305.8609,294.3321,299.92431875,293.06247708333336,0.0,24,32.71090000000004,21.182100000000048,26.77431875000002,19.912477083333386,66.05377510592491,0.0,0,0,2012,3
2012-03-27,305.46625,294.6557,299.3856275,294.0085216666667,0.0,24,32.316250000000025,21.505700000000047,26.23562750000002,20.858521666666718,72.2922318251584,0.0,0,0,2012,3
2012-03-28,307.19385,295.1074,300.40786291666666,294.5959066666667,0.0,24,34.04385000000002,21.957400000000007,27.25786291666668,21.4459066666667,70.56797751453831,0.0,0,0,2012,3
2012-03-29,304.63013,296.1734,300.15296166666667,295.65615958333336,0.0,24,31.48013000000003,23.023400000000038,27.002961666666693,22.506159583333385,76.42268808219151,0.0,0,0,2012,3
2012-03-30,303.89685,295.74924,299.7274425,295.82562666666666,0.0,24,30.746849999999995,22.59924000000001,26.577442500000018,22.675626666666687,79.17325641036543,0.0,0,0,2012,3
2012-03-31,303.63327,296.3583,299.94288375,295.8202783333333,0.0,24,30.483270000000005,23.20830000000001,26.792883750000044,22.67027833333333,78.14886891144067,0.0,0,0,2012,3
2012-04-01,307.23315,296.73483,301.5103975,295.46106875000004,0.0,24,34.083150000000046,23.58483000000001,28.360397500000033,22.31106875000006,69.75483843377965,0.0,0,0,2012,4
2012-04-02,305.18216,297.5058,301.39150625,296.18338875,0.0,24,32.03216000000003,24.355800000000045,28.241506250000043,23.03338875000003,73.38932316961983,0.0,0,0,2012,4
2012-04-03,304.47626,298.32227,301.18784375,296.93851625,0.0,24,31.326260000000048,25.172270000000026,28.037843750000036,23.788516250000043,77.73148529136475,0.0,0,0,2012,4
2012-04-04,304.01813,297.74677,300.4519129166667,296.35819375,9.5367432e-07,24,30.868130000000008,24.59677000000005,27.30191291666671,23.20819375000002,78.35863714796605,0.0009536743200000001,0,0,2012,4
2012-04-05,303.66214,298.0102,300.56526708333337,296.37377875,6.198883020000001e-06,24,30.512140000000045,24.86020000000002,27.41526708333339,23.223778750000008,77.91284938063481,0.0061988830200000004,0,0,2012,4
2012-04-06,303.98932,296.67795,300.22987708333335,295.6367154166667,5.24520876e-06,24,30.839320000000043,23.527950000000033,27.079877083333372,22.486715416666698,75.98802062298168,0.00524520876,0,0,2012,4
2012-04-07,303.76605,296.18933,300.0676633333333,295.24471416666665,0.0,24,30.61605000000003,23.039330000000007,26.917663333333337,22.094714166666677,74.9064100504786,0.0,0,0,2012,4
2012-04-08,304.44443,297.3544,300.64091291666665,295.28362833333335,4.7683716e-07,24,31.294430000000034,24.20440000000002,27.490912916666673,22.133628333333377,72.59925154882171,0.00047683716000000004,0,0,2012,4
2012-04-09,303.92947,296.98865,300.50664375,296.1397058333333,0.0,24,30.779470000000003,23.83865000000003,27.356643750000046,22.989705833333346,77.08117881076092,0.0,0,0,2012,4
2012-04-10,303.89148,298.3078,300.7738395833333,296.6307770833333,1.00135803e-05,24,30.741480000000024,25.15780000000001,27.623839583333336,23.48077708333335,78.1712113830276,0.0100135803,0,0,2012,4
2012-04-11,304.06207,298.43527,300.75216125000003,296.39705166666664,1.001358022e-05,24,30.91207000000003,25.285270000000025,27.60216125000005,23.247051666666664,77.17299219763994,0.01001358022,0,0,2012,4
2012-04-12,303.51184,297.3034,300.27791541666664,295.6089270833333,0.0,24,30.36184000000003,24.153400000000033,27.127915416666667,22.45892708333332,75.64587582071213,0.0,0,0,2012,4
2012-04-13,303.70084,297.14825,300.3764770833333,295.44373708333336,4.7683716e-07,24,30.55084000000005,23.99825000000004,27.22647708333335,22.293737083333383,74.45688837202258,0.00047683716000000004,0,0,2012,4
2012-04-14,305.5067,296.80463,300.872755,294.8817925,0.0,24,32.356700000000046,23.654629999999997,27.722755000000006,21.73179250000004,69.88440085301498,0.0,0,0,2012,4
2012-04-15,308.05426,297.1833,302.5374704166667,294.69669749999997,0.0,24,34.90426000000002,24.033299999999997,29.3874704166667,21.546697499999993,62.72362187928107,0.0,0,0,2012,4
2012-04-16,306.19727,298.01,302.00540666666666,296.02631,6.67572e-05,24,33.047270000000026,24.860000000000014,28.85540666666668,22.876310000000046,70.14535339374979,0.0667572,0,0,2012,4
2012-04-17,304.81134,298.42175,301.64772,297.09621875,0.0,24,31.661339999999996,25.271749999999997,28.497720000000015,23.946218750000014,76.39840963687053,0.0,0,0,2012,4
2012-04-18,304.52084,298.0061,301.13072166666666,296.32788,0.0,24,31.370840000000044,24.856100000000026,27.980721666666682,23.177880000000016,75.16869173657487,0.0,0,0,2012,4
2012-04-19,305.83194,298.9958,301.73898916666667,296.5564845833333,0.0,24,32.68194,25.845799999999997,28.588989166666693,23.406484583333338,73.56158914488336,0.0,0,0,2012,4
2012-04-20,307.93842,299.2437,303.60699875,294.23244916666664,9.536743e-07,24,34.78842000000003,26.093700000000013,30.456998750000025,21.082449166666663,57.32284532302576,0.0009536743,0,0,2012,4
2012-04-21,307.32544,299.80978,303.3755283333333,294.3260745833333,0.0,24,34.17544000000004,26.659780000000012,30.22552833333333,21.17607458333333,58.42435132892335,0.0,0,0,2012,4
2012-04-22,306.99762,298.5066,302.4530425,294.626935,0.0,24,33.847620000000006,25.356600000000014,29.303042500000004,21.476935000000026,62.76162661796105,0.0,0,0,2012,4
2012-04-23,304.95825,297.90836,300.8754075,294.80006291666666,0.0,24,31.808250000000044,24.75836000000004,27.725407500000017,21.650062916666684,69.52504173331546,0.0,0,0,2012,4
2012-04-24,304.45074,297.54172,300.70820625,296.02348708333335,0.0001287460353,24,31.30074000000002,24.39172000000002,27.558206250000012,22.873487083333373,75.64128709919456,0.12874603529999998,0,0,2012,4
2012-04-25,304.5053,297.65677,300.7745658333333,296.00921583333337,1.1444091800000001e-05,24,31.3553,24.506770000000017,27.62456583333335,22.859215833333394,75.28279830819383,0.0114440918,0,0,2012,4
2012-04-26,306.85046,297.2434,301.69194625,294.54275958333335,0.0,24,33.70046000000002,24.09340000000003,28.541946250000024,21.392759583333373,65.25544347987713,0.0,0,0,2012,4
2012-04-27,307.16248,297.57178,302.17777875,293.7927941666667,0.0,24,34.01248000000004,24.421780000000012,29.02777875000004,20.642794166666704,60.581921543868035,0.0,0,0,2012,4
2012-04-28,306.19727,298.17554,301.59386375,295.06097,0.0,24,33.047270000000026,25.025540000000035,28.443863750000048,21.91097000000002,67.74346621030759,0.0,0,0,2012,4
2012-04-29,303.57648,297.24985,300.42480416666666,296.26615125,4.625320456e-05,24,30.426480000000026,24.099850000000004,27.274804166666684,23.11615125000003,78.04749740643058,0.046253204560000004,0,0,2012,4
2012-04-30,303.88467,298.0675,300.74668,296.1908583333333,2.288818328e-05,24,30.73467000000005,24.917500000000018,27.59668000000005,23.040858333333347,76.24046780814007,0.022888183280000002,0,0,2012,4
2012-05-01,304.0437,297.87354,300.83801708333334,296.10190625,1.478195188e-05,24,30.893700000000024,24.723540000000014,27.688017083333364,22.951906250000036,75.42644097501537,0.01478195188,0,0,2012,5
2012-05-02,303.65375,297.74448,300.6324225,295.6964033333333,3.814697306e-05,24,30.503750000000025,24.594480000000033,27.48242250000004,22.54640333333333,74.48390102722878,0.03814697306,0,0,2012,5
2012-05-03,303.76868,297.74652,300.76027208333335,295.86311041666664,2.098083518e-05,24,30.61868000000004,24.596519999999998,27.61027208333337,22.713110416666666,74.68078512192947,0.02098083518,0,0,2012,5
2012-05-04,303.7455,298.82422,301.40112208333335,295.85877125,8.86917117e-05,24,30.595500000000015,25.674220000000048,28.25112208333337,22.70877125000004,71.91848218661943,0.0886917117,0,0,2012,5
2012-05-05,303.88382,299.95013,301.72535125,295.45034375,3.480911212e-05,24,30.733820000000037,26.800130000000024,28.57535125000004,22.300343750000025,68.84308279790612,0.03480911212,0,0,2012,5
2012-05-06,303.6979,299.508,301.66000708333337,295.5890395833333,3.576278702e-05,24,30.547900000000027,26.358000000000004,28.51000708333339,22.43903958333334,69.69099085284957,0.03576278702,0,0,2012,5
2012-05-07,304.10223,299.18213,301.44385875,295.56605833333333,2.7179718259999998e-05,24,30.952230000000043,26.032129999999995,28.293858750000027,22.416058333333353,70.47459544089928,0.02717971826,0,0,2012,5
2012-05-08,305.04007,298.9121,301.4144341666667,296.41242916666664,4.386901882e-05,24,31.890070000000037,25.762100000000032,28.264434166666717,23.262429166666664,74.31426256606795,0.04386901882,0,0,2012,5
2012-05-09,304.5477,299.26447,301.54959583333334,297.23230666666666,4.57763675e-05,24,31.397700000000043,26.11447000000004,28.399595833333365,24.082306666666682,77.46704488037976,0.0457763675,0,0,2012,5
2012-05-10,304.58197,299.18732,301.48283791666665,297.4788458333333,0.00018548965508,24,31.431970000000035,26.037320000000022,28.332837916666676,24.328845833333332,78.92834182451159,0.18548965508,0,0,2012,5
2012-05-11,305.3213,299.26825,301.4396170833333,296.7222375,9.536743196e-05,24,32.17130000000003,26.118250000000046,28.289617083333326,23.57223750000003,75.60678296159911,0.09536743196000001,0,0,2012,5
2012-05-12,304.54285,299.49368,301.50260499999996,296.81419958333333,0.00015354156426,24,31.39285000000001,26.343680000000006,28.352604999999983,23.664199583333357,75.74886662242189,0.15354156426,0,0,2012,5
2012-05-13,303.8178,298.82654,301.32945875,296.2927025,7.24792487e-05,24,30.6678,25.676540000000045,28.179458750000038,23.14270250000004,74.1442598460274,0.0724792487,0,0,2012,5
2012-05-14,304.9071,298.84515,301.54357458333334,296.07767541666664,0.00010347366076,24,31.757100000000037,25.695150000000012,28.39357458333336,22.92767541666666,72.27784219118375,0.10347366076,0,0,2012,5
2012-05-15,305.28278,298.43506,301.64302416666663,296.7973270833333,9.536743230000001e-05,24,32.132780000000025,25.285060000000044,28.493024166666657,23.647327083333323,75.05606864409768,0.09536743230000001,0,0,2012,5
2012-05-16,304.35034,299.5288,301.64469791666664,296.58989875000003,2.9563904159999998e-05,24,31.20034000000004,26.378800000000012,28.494697916666667,23.439898750000054,74.11536234940871,0.029563904159999998,0,0,2012,5
2012-05-17,304.8683,298.86,301.7233908333333,296.3584133333333,2.956390336e-05,24,31.7183,25.710000000000036,28.57339083333335,23.20841333333334,72.75209908490207,0.029563903359999998,0,0,2012,5
2012-05-18,306.30777,299.3103,302.2700225,296.79096666666663,5.38825982e-05,24,33.15777000000003,26.160300000000007,29.120022500000005,23.640966666666657,72.34670886387417,0.0538825982,0,0,2012,5
2012-05-19,305.68826,298.97495,301.7296733333333,297.02241125,1.049041742e-05,24,32.53826000000004,25.82495,28.579673333333346,23.872411250000027,75.69833005432638,0.01049041742,0,0,2012,5
2012-05-20,304.7122,298.39862,301.5432895833333,297.04924458333335,3.480911238e-05,24,31.56220000000002,25.248620000000017,28.393289583333342,23.89924458333337,76.64707514927993,0.03480911238,0,0,2012,5
2012-05-21,304.13693,299.72162,301.8767095833333,297.37051916666667,0.00011730194096,24,30.98693000000003,26.571619999999996,28.72670958333333,24.22051916666669,76.64151732590892,0.11730194096,0,0,2012,5
2012-05-22,304.29736,299.97845,301.91558249999997,297.28736583333335,0.0002088546764,24,31.14736000000005,26.828450000000032,28.765582499999994,24.137365833333376,76.08788227487437,0.2088546764,0,0,2012,5
2012-05-23,304.57416,299.84082,301.99091458333334,297.2067,0.0001554489153,24,31.42416000000003,26.69082000000003,28.840914583333358,24.056700000000035,75.38971367348573,0.1554489153,0,0,2012,5
2012-05-24,304.43445,300.25452,302.178825,296.6990304166667,0.0001273155204,24,31.28445000000005,27.104520000000036,29.02882500000004,23.54903041666671,72.3276500018525,0.1273155204,0,0,2012,5
2012-05-25,304.2616,300.3286,302.1727329166667,296.98681458333334,0.0001764297506,24,31.11160000000001,27.178600000000017,29.022732916666712,23.836814583333364,73.61903007316666,0.1764297506,0,0,2012,5
2012-05-26,304.40286,299.4828,301.8597095833333,297.3042766666667,0.0002079010026,24,31.25286,26.33280000000002,28.709709583333336,24.154276666666703,76.41266461728553,0.2079010026,0,0,2012,5
2012-05-27,304.57806,300.15588,302.16408041666665,296.89393624999997,0.0001978874203,24,31.428060000000016,27.005880000000047,29.014080416666673,23.74393624999999,73.24509940571885,0.19788742029999998,0,0,2012,5
2012-05-28,304.60913,300.02267,301.90592208333334,297.29610625000004,0.00046730041219999996,24,31.459130000000016,26.872670000000028,28.75592208333336,24.14610625000006,76.17053883366347,0.46730041219999996,0,0,2012,5
2012-05-29,304.42844,299.84167,302.0251720833333,297.34837583333336,0.00028038024816,24,31.278440000000046,26.691670000000045,28.875172083333325,24.198375833333387,75.88314341019397,0.28038024815999996,0,0,2012,5
2012-05-30,304.18872,300.2024,302.1522625,296.7926575,0.00023794174152,24,31.038720000000012,27.052400000000034,29.00226250000003,23.64265750000004,72.84924987789982,0.23794174152,0,0,2012,5
2012-05-31,304.53204,300.19208,302.08686125,296.75337333333334,0.0003418922389,24,31.382040000000018,27.04208,28.93686125000005,23.603373333333366,72.95288554651964,0.3418922389,0,0,2012,5
2012-06-01,304.38477,300.59454,302.2688591666667,296.77583208333334,0.0005750656136,24,31.234770000000026,27.444540000000018,29.11885916666671,23.625832083333364,72.28558820291893,0.5750656136,0,0,2012,6
2012-06-02,304.63538,300.349,302.36674625,298.1423404166666,0.0015273094163,24,31.48538000000002,27.199000000000012,29.21674625000003,24.99234041666665,78.01790657106538,1.5273094163,1,0,2012,6
2012-06-03,305.13995,300.83658,302.62467875,298.10699125,0.0007414817879200001,24,31.98995000000002,27.68658000000005,29.47467875000001,24.956991250000044,76.70145346812288,0.7414817879200001,0,0,2012,6
2012-06-04,305.4779,300.90936,302.8976166666667,298.28886625,0.00061702727916,24,32.3279,27.759360000000015,29.747616666666715,25.138866250000035,76.32704538155207,0.61702727916,0,0,2012,6
2012-06-05,303.94397,300.55292,302.24734458333336,298.64857,0.00081157684586,24,30.79397,27.402919999999995,29.09734458333338,25.49857000000003,80.96417915998045,0.81157684586,0,0,2012,6
2012-06-06,302.35617,300.6311,301.43274,297.99152875,0.0017261505027,24,29.206170000000043,27.481100000000026,28.282740000000047,24.84152875000001,81.62625787084355,1.7261505027,1,0,2012,6
2012-06-07,303.87518,299.55872,301.16538958333336,297.60456791666667,0.004046916973,24,30.725180000000023,26.408720000000017,28.015389583333388,24.45456791666669,81.01091361005618,4.046916973,1,0,2012,6
2012-06-08,302.95462,300.03534,301.37592416666666,297.55247583333335,0.005147457104,24,29.80462,26.885340000000042,28.225924166666687,24.40247583333337,79.77286869332978,5.147457104,1,0,2012,6
2012-06-09,303.6822,299.36066,301.1218695833333,298.1023016666667,0.007671833042,24,30.532200000000046,26.21066000000002,27.97186958333333,24.9523016666667,83.67130150167857,7.671833042,1,0,2012,6
2012-06-10,302.14587,299.12598,300.52225416666664,297.86471375,0.005467891674,24,28.995870000000025,25.97598000000005,27.372254166666664,24.714713750000044,85.43735333790676,5.467891674,1,0,2012,6
2012-06-11,303.19824,299.11072,301.24626875,297.38175541666664,0.004829406714,24,30.04824000000002,25.960720000000038,28.096268750000036,24.231755416666658,79.5592104018918,4.829406714,1,0,2012,6
2012-06-12,305.34857,299.77466,302.17659875,297.3475829166667,0.00505018234318,24,32.19857000000002,26.624660000000006,29.026598750000005,24.197582916666704,75.21642709529002,5.05018234318,1,0,2012,6
2012-06-13,304.24884,299.3458,301.40593,297.90872916666666,0.016487121514999998,24,31.098839999999996,26.19580000000002,28.255930000000035,24.758729166666683,81.35023875911183,16.487121515,1,0,2012,6
2012-06-14,304.04477,300.08307,302.13553541666664,297.91617916666667,0.001957893383,24,30.89477000000005,26.933070000000043,28.985535416666664,24.76617916666669,78.00832208790233,1.9578933829999998,1,0,2012,6
2012-06-15,303.8554,300.3919,301.76361375,298.0859675,0.002733707415,24,30.705399999999997,27.241900000000044,28.613613750000013,24.935967500000004,80.52294985949914,2.7337074149999996,1,0,2012,6
2012-06-16,302.97034,300.02643,301.04422416666665,298.40783375,0.02606391919,24,29.820340000000044,26.876430000000028,27.894224166666675,25.25783375000003,85.59707974922337,26.06391919,1,0,2012,6
2012-06-17,301.07587,299.41168,300.06747375000003,298.0881808333333,0.02944564812,24,27.92587000000003,26.261680000000013,26.917473750000056,24.93818083333332,88.93018944312269,29.44564812,1,0,2012,6
2012-06-18,302.68884,299.01492,300.65586041666666,298.1486929166667,0.00764608384,24,29.53884000000005,25.86492000000004,27.50586041666668,24.9986929166667,86.22145616045005,7.64608384,1,0,2012,6
2012-06-19,302.61526,299.59076,300.94346333333334,298.1696091666667,0.00750064847,24,29.46526,26.44076000000001,27.793463333333364,25.019609166666726,84.88829987809274,7.500648470000001,1,0,2012,6
2012-06-20,303.52924,299.6908,301.07494875000003,298.17428291666664,0.006499290485,24,30.37924000000004,26.540800000000047,27.924948750000055,25.024282916666664,84.26210929336901,6.4992904849999995,1,0,2012,6
2012-06-21,303.3743,300.08844,301.43250166666667,298.169625,0.00508928298,24,30.224300000000028,26.938440000000014,28.28250166666669,25.01962500000002,82.50010847529609,5.08928298,1,0,2012,6
2012-06-22,303.58258,300.05725,301.78512041666664,298.2574383333333,0.004562854785,24,30.43258000000003,26.907250000000033,28.635120416666666,25.107438333333334,81.2495091935026,4.562854785,1,0,2012,6
2012-06-23,303.07205,299.65216,301.16606583333333,298.4616683333333,0.00516843796,24,29.922050000000013,26.502160000000003,28.016065833333357,25.31166833333333,85.26320449999044,5.16843796,1,0,2012,6
2012-06-24,301.3753,299.5291,300.26143041666666,298.03537458333335,0.00800895692,24,28.225300000000004,26.37910000000005,27.11143041666668,24.885374583333373,87.64494499667231,8.00895692,1,0,2012,6
2012-06-25,302.79205,299.26782,300.79061541666664,298.33378666666664,0.00492620469,24,29.64205000000004,26.117819999999995,27.640615416666662,25.183786666666663,86.49337866610436,4.92620469,1,0,2012,6
2012-06-26,302.61627,299.40955,300.63655124999997,298.0197225,0.00640344621,24,29.46627000000001,26.259550000000047,27.48655124999999,24.869722500000023,85.65685828519362,6.40344621,1,0,2012,6
2012-06-27,301.4306,298.41925,300.0651483333333,297.75862666666666,0.00981378556,24,28.28060000000005,25.26925,26.91514833333332,24.60862666666668,87.20717759781756,9.81378556,1,0,2012,6
2012-06-28,301.88965,298.97372,300.2903791666667,297.4726766666667,0.00713300706,24,28.73965000000004,25.823720000000037,27.14037916666672,24.322676666666723,84.59800774792096,7.13300706,1,0,2012,6
2012-06-29,302.00574,298.88754,300.2959470833334,297.64452625,0.01417207725,24,28.855740000000026,25.737540000000024,27.145947083333397,24.494526250000035,85.44606820026421,14.17207725,1,0,2012,6
2012-06-30,302.57983,298.8487,300.4588625,297.5928295833333,0.014252185734,24,29.429830000000038,25.69870000000003,27.308862500000032,24.44282958333332,84.37101348445587,14.252185734000001,1,0,2012,6
2012-07-01,302.39825,299.08752,300.29951166666666,297.60445166666665,0.012329101581,24,29.24825000000004,25.937520000000006,27.149511666666683,24.45445166666667,85.22330034410393,12.329101581,1,0,2012,7
2012-07-02,302.02948,298.83176,300.3220504166667,297.73831666666666,0.0151700972606,24,28.87948,25.681759999999997,27.172050416666707,24.588316666666685,85.79571423217745,15.1700972606,1,0,2012,7
2012-07-03,302.4256,299.52155,300.44925958333334,297.571415,0.032158851493400004,24,29.275599999999997,26.371550000000013,27.299259583333367,24.421415000000025,84.31028111779696,32.1588514934,1,0,2012,7
2012-07-04,301.36298,299.15582,299.9445904166667,298.05939333333333,0.0319304466,24,28.212980000000016,26.00582000000003,26.794590416666722,24.909393333333355,89.42195376737966,31.930446600000003,1,0,2012,7
2012-07-05,301.00497,298.99036,299.92674,298.12958833333334,0.02109098452,24,27.854970000000037,25.840360000000032,26.776740000000018,24.979588333333368,89.89197684772347,21.090984520000003,1,0,2012,7
2012-07-06,300.87238,299.0627,299.84912375,298.01431833333334,0.010626792959999999,24,27.722380000000044,25.91270000000003,26.699123750000012,24.864318333333358,89.68450670220766,10.62679296,1,0,2012,7
2012-07-07,300.5547,299.11798,299.78542250000004,298.0394020833333,0.02031779264,24,27.404700000000048,25.96798000000001,26.63542250000006,24.889402083333323,90.15690444068855,20.31779264,1,0,2012,7
2012-07-08,300.951,299.18713,300.048495,297.96395791666663,0.01106643681,24,27.801000000000045,26.037130000000047,26.898495000000025,24.813957916666652,88.37133588780904,11.06643681,1,0,2012,7
2012-07-09,301.70654,298.7673,300.08939333333336,297.972385,0.006834507002,24,28.55654000000004,25.6173,26.939393333333385,24.822384999999997,88.20334598974084,6.8345070020000005,1,0,2012,7
2012-07-10,301.57434,299.37778,300.1512625,297.9700941666667,0.013446807849999999,24,28.42434000000003,26.227779999999996,27.001262499999996,24.820094166666706,87.87093501735497,13.446807849999999,1,0,2012,7
2012-07-11,301.83417,299.28867,300.22588541666664,298.05769208333334,0.01506376262,24,28.684169999999995,26.138670000000047,27.075885416666665,24.90769208333336,87.94535374388765,15.06376262,1,0,2012,7
2012-07-12,301.1985,298.92477,300.07345375,297.7337333333333,0.01059246059,24,28.048500000000047,25.774770000000046,26.92345375000002,24.583733333333328,87.03477815157486,10.59246059,1,0,2012,7
2012-07-13,301.2051,298.92798,300.0514358333333,297.80392,0.010488510035,24,28.05510000000004,25.777980000000014,26.901435833333323,24.653920000000028,87.51447289493497,10.488510035000001,1,0,2012,7
2012-07-14,302.38538,298.69586,300.38056416666666,297.88705625,0.00641012196,24,29.23538000000002,25.545860000000005,27.23056416666668,24.737056250000023,86.26576918162816,6.41012196,1,0,2012,7
2012-07-15,301.42664,298.87073,299.98258500000003,297.59789958333334,0.00654935838,24,28.276640000000043,25.720730000000003,26.83258500000005,24.447899583333367,86.79246153663709,6.54935838,1,0,2012,7
2012-07-16,301.35974,298.73846,299.7552275,297.8397508333333,0.0051841736,24,28.20974000000001,25.588459999999998,26.605227500000012,24.689750833333335,89.24609878555474,5.184173599999999,1,0,2012,7
2012-07-17,301.78134,298.75488,299.83331375,297.65128,0.01045989987,24,28.631340000000023,25.604880000000037,26.683313750000025,24.50128000000001,87.83951960780551,10.459899870000001,1,0,2012,7
2012-07-18,299.82245,298.60028,299.1710541666667,297.57941666666665,0.02726793306,24,26.672450000000026,25.45028000000002,26.021054166666715,24.42941666666667,90.95234036641881,27.26793306,1,0,2012,7
2012-07-19,300.49353,298.45734,299.66554041666666,297.79727833333334,0.04102087033,24,27.343530000000044,25.30734000000001,26.51554041666668,24.64727833333336,89.49185766820945,41.02087033,1,0,2012,7
2012-07-20,301.43396,299.34082,300.35794208333334,298.0522920833333,0.00986719136,24,28.283960000000036,26.19082000000003,27.207942083333364,24.90229208333335,87.2376421657103,9.86719136,1,0,2012,7
2012-07-21,302.66217,300.02698,301.14428833333335,298.42908916666664,0.00725173947,24,29.512170000000026,26.876980000000003,27.994288333333373,25.279089166666665,85.20618142466066,7.2517394699999995,1,0,2012,7
2012-07-22,302.05948,300.4944,301.04123458333333,298.36403666666666,0.0050430297999999995,24,28.90948000000003,27.344400000000007,27.891234583333357,25.214036666666686,85.38893098537412,5.043029799999999,1,0,2012,7
2012-07-23,302.05963,299.5726,300.34384083333333,298.00657541666664,0.00952291492,24,28.90963000000005,26.422600000000045,27.193840833333354,24.856575416666658,87.0717895657581,9.52291492,1,0,2012,7
2012-07-24,301.05457,299.18927,299.90016791666665,297.98961291666666,0.01581335074,24,27.904570000000035,26.039270000000045,26.75016791666667,24.83961291666668,89.28328050530605,15.813350739999999,1,0,2012,7
2012-07-25,300.8851,299.48193,300.04052583333333,298.11650125,0.01249885562,24,27.735100000000045,26.33193,26.890525833333356,24.96650125000002,89.2220544305006,12.49885562,1,0,2012,7
2012-07-26,300.9087,299.51083,300.28885041666666,298.06674333333336,0.00879144669,24,27.758700000000033,26.36083000000002,27.138850416666685,24.916743333333386,87.66796819911441,8.791446689999999,1,0,2012,7
2012-07-27,301.54712,299.72766,300.5884329166667,298.00958083333336,0.005053520205,24,28.39712000000003,26.577660000000037,27.438432916666727,24.859580833333382,85.84671013947599,5.053520205,1,0,2012,7
2012-07-28,301.16922,299.21362,300.0529975,297.87460166666665,0.00944662098,24,28.01922000000002,26.063620000000014,26.902997500000026,24.724601666666672,87.87721234561822,9.44662098,1,0,2012,7
2012-07-29,299.8047,298.65695,299.13260833333334,297.37664708333335,0.02325630203,24,26.654700000000048,25.506950000000018,25.98260833333336,24.226647083333376,90.05769814293008,23.256302029999997,1,0,2012,7
2012-07-30,300.07843,298.48242,299.01447,297.38218166666667,0.02544546137,24,26.92843000000005,25.332420000000013,25.86447000000004,24.23218166666669,90.72067791228339,25.445461369999997,1,0,2012,7
2012-07-31,299.4834,298.4624,298.87946166666666,297.24388625,0.0322065354,24,26.33340000000004,25.312400000000025,25.72946166666668,24.093886250000025,90.69387374183852,32.2065354,1,0,2012,7
2012-08-01,300.66266,298.1833,299.40127875,297.25647791666665,0.013618469204,24,27.51266000000004,25.033299999999997,26.25127875000004,24.106477916666677,87.99953096747446,13.618469204,1,0,2012,8
2012-08-02,300.61142,299.22086,299.72080208333335,297.64646999999997,0.00861167907,24,27.461420000000032,26.07086000000004,26.570802083333376,24.496469999999988,88.39873760609979,8.61167907,1,0,2012,8
2012-08-03,300.7456,298.93298,299.87837625000003,297.7304675,0.00861835475,24,27.595600000000047,25.78298000000001,26.728376250000053,24.580467499999997,88.02300746802894,8.61835475,1,0,2012,8
2012-08-04,301.14432,299.4015,299.9629904166667,297.7256904166667,0.00975465777,24,27.994320000000016,26.25150000000002,26.812990416666707,24.575690416666703,87.56034313502963,9.75465777,1,0,2012,8
2012-08-05,301.1035,299.65265,300.27035916666665,297.97542833333335,0.00878000259,24,27.95350000000002,26.502650000000017,27.120359166666674,24.825428333333377,87.28579627739651,8.78000259,1,0,2012,8
2012-08-06,300.9702,298.95102,299.84057416666667,297.82036458333334,0.0147790909,24,27.8202,25.80102000000005,26.690574166666693,24.670364583333367,88.69523597598675,14.7790909,1,0,2012,8
2012-08-07,300.6944,298.656,299.56264749999997,297.6581345833333,0.01348829272,24,27.544399999999996,25.50600000000003,26.41264749999999,24.508134583333344,89.29017806704464,13.488292719999999,1,0,2012,8
2012-08-08,300.98962,298.70807,299.76492875,297.6463195833333,0.01024341579,24,27.839620000000025,25.558070000000043,26.614928750000047,24.49631958333333,88.1681741098149,10.24341579,1,0,2012,8
2012-08-09,300.95584,298.31018,299.30494791666666,297.4763883333333,0.01431941982,24,27.805840000000046,25.160180000000025,26.154947916666686,24.32638833333334,89.67852347689247,14.31941982,1,0,2012,8
2012-08-10,300.7117,298.71765,299.50119875,297.62612458333336,0.02210092555,24,27.56170000000003,25.567650000000015,26.351198750000037,24.476124583333387,89.44319779734239,22.10092555,1,0,2012,8
2012-08-11,300.60797,298.57446,299.50223375,297.50216374999997,0.00712347029,24,27.457970000000046,25.42446000000001,26.35223375000004,24.35216374999999,88.77560778084084,7.12347029,1,0,2012,8
2012-08-12,300.37048,298.68842,299.3830004166667,297.56342333333333,0.00675010683,24,27.22048000000001,25.53842000000003,26.233000416666698,24.413423333333355,89.7325010073012,6.75010683,1,0,2012,8
2012-08-13,301.1242,298.04803,299.63430375,297.3345708333333,0.004724502571,24,27.974199999999996,24.898030000000006,26.484303750000038,24.18457083333334,87.20443384366231,4.724502571,1,0,2012,8
2012-08-14,301.14087,298.78915,299.92382291666667,297.65267166666666,0.00438737868,24,27.99087000000003,25.63915000000003,26.77382291666669,24.502671666666686,87.3796090801102,4.387378679999999,1,0,2012,8
2012-08-15,301.50104,298.45663,299.96751333333333,297.59790000000004,0.005246639259,24,28.351040000000012,25.30663000000004,26.817513333333352,24.44790000000006,86.86951837015044,5.246639259,1,0,2012,8
2012-08-16,301.60547,298.44275,299.90955916666667,297.55516083333333,0.0035901069359999998,24,28.455470000000048,25.292750000000012,26.75955916666669,24.405160833333355,86.94352049663874,3.5901069359999997,1,0,2012,8
2012-08-17,301.26367,298.2896,299.72519833333337,297.57697125,0.005104541824,24,28.113670000000013,25.13960000000003,26.57519833333339,24.42697125000001,88.00853670256443,5.104541824,1,0,2012,8
2012-08-18,300.94855,298.36584,299.5107445833333,297.39099749999997,0.0050344467,24,27.798550000000034,25.215840000000014,26.360744583333314,24.24099749999999,88.14114869509753,5.0344467,1,0,2012,8
2012-08-19,300.28195,298.1522,299.1647179166667,297.3322625,0.01091337207,24,27.131950000000018,25.002200000000016,26.01471791666671,24.182262500000036,89.64734657373621,10.91337207,1,0,2012,8
2012-08-20,300.57764,298.3114,299.43598791666665,297.40754375,0.00619077684,24,27.427639999999997,25.161400000000015,26.28598791666667,24.257543750000025,88.61937961431278,6.190776840000001,1,0,2012,8
2012-08-21,300.89243,298.29456,299.5948358333333,297.44095583333336,0.004524707801,24,27.742430000000013,25.144560000000013,26.444835833333343,24.290955833333385,87.96779286735986,4.524707801,1,0,2012,8
2012-08-22,300.98236,298.5259,299.48080999999996,297.46072125,0.006987094899,24,27.83236000000005,25.3759,26.330809999999985,24.31072125000003,88.66738405715516,6.987094899000001,1,0,2012,8
2012-08-23,301.84442,298.66577,300.1540870833333,297.50730749999997,0.005135059329,24,28.694420000000036,25.515770000000032,27.00408708333333,24.35730749999999,85.45568207857757,5.135059329,1,0,2012,8
2012-08-24,302.67963,298.9663,300.5673904166667,297.59430541666666,0.002184391012,24,29.529629999999997,25.816300000000012,27.417390416666706,24.44430541666668,83.84313885967491,2.184391012,1,0,2012,8
2012-08-25,302.3656,298.95016,300.2857016666666,297.6109916666667,0.0041675567574,24,29.215599999999995,25.800160000000005,27.135701666666648,24.4609916666667,85.32589604021895,4.1675567574,1,0,2012,8
2012-08-26,300.69318,298.51556,299.40877666666665,297.45923750000003,0.01691579829,24,27.543180000000007,25.365560000000016,26.258776666666677,24.30923750000005,89.03780576152519,16.915798289999998,1,0,2012,8
2012-08-27,299.58713,298.40887,298.9955525,297.20689541666667,0.0382966995,24,26.437130000000025,25.25887,25.845552499999997,24.05689541666669,89.87130443268636,38.2966995,1,0,2012,8
2012-08-28,299.9174,298.4729,299.17924166666666,297.5028408333333,0.0502624511,24,26.76740000000001,25.322900000000004,26.029241666666678,24.352840833333346,90.4918382858841,50.2624511,1,1,2012,8
2012-08-29,300.66623,298.44147,299.4086208333333,297.7345258333333,0.02591085438,24,27.516230000000007,25.291470000000004,26.25862083333334,24.584525833333316,90.51975161910066,25.91085438,1,0,2012,8
2012-08-30,302.03165,299.04962,299.96181458333336,297.7766225,0.011938095005,24,28.881650000000036,25.899620000000027,26.811814583333387,24.626622499999996,87.83378616088038,11.938095005,1,0,2012,8
2012-08-31,301.5035,299.16492,300.02228375,297.77547208333334,0.010092258551,24,28.353499999999997,26.014920000000018,26.87228375000001,24.625472083333364,87.51563354933808,10.092258551,1,0,2012,8
2012-09-01,301.55768,298.9041,300.09131333333335,297.9836304166667,0.015738487275,24,28.407680000000028,25.75410000000005,26.94131333333337,24.833630416666722,88.25267101945897,15.738487275,1,0,2012,9
2012-09-02,301.60626,299.10223,300.05769375,298.072175,0.01779890072,24,28.456260000000043,25.952230000000043,26.90769375000002,24.92217500000004,88.89637591674585,17.79890072,1,0,2012,9
2012-09-03,300.81268,298.9234,299.56126125,298.02451666666667,0.03037118914,24,27.662680000000023,25.773400000000038,26.411261249999995,24.874516666666693,91.27622370211047,30.371189140000002,1,0,2012,9
2012-09-04,299.7744,298.47998,299.16705833333333,297.69956541666664,0.0518517495,24,26.624400000000037,25.329980000000035,26.017058333333352,24.549565416666667,91.6310732168016,51.851749500000004,1,1,2012,9
2012-09-05,299.78833,298.8943,299.35971916666665,297.70301208333336,0.0391855241,24,26.638329999999996,25.74430000000001,26.209719166666673,24.553012083333385,90.61077434981027,39.1855241,1,0,2012,9
2012-09-06,300.63348,298.66357,299.32702083333334,297.7522154166667,0.01951789845,24,27.483480000000043,25.513570000000016,26.17702083333336,24.602215416666695,91.05404691166466,19.51789845,1,0,2012,9
2012-09-07,301.1905,298.56375,299.68094916666666,297.8258141666667,0.01019525522,24,28.04050000000001,25.41375000000005,26.530949166666687,24.675814166666726,89.56331008516716,10.19525522,1,0,2012,9
2012-09-08,301.24756,298.70465,299.9316779166667,297.9627675,0.01368474963,24,28.097560000000044,25.554650000000038,26.781677916666695,24.812767500000007,88.97486058029932,13.684749629999999,1,0,2012,9
2012-09-09,300.91714,298.60767,299.63009791666667,297.8054475,0.01174259189,24,27.76714000000004,25.457670000000007,26.480097916666693,24.655447500000037,89.7231091202884,11.74259189,1,0,2012,9
2012-09-10,300.59448,298.74756,299.6139904166667,297.74517583333335,0.01615715028,24,27.44448,25.597560000000044,26.463990416666718,24.59517583333337,89.48509003127383,16.15715028,1,0,2012,9
2012-09-11,300.44305,298.6211,299.2342204166667,297.50683458333333,0.048300743085,24,27.29305000000005,25.471100000000035,26.08422041666671,24.356834583333352,90.21931831626713,48.300743085,1,0,2012,9
2012-09-12,301.27765,298.4087,299.7152566666667,297.56305416666663,0.004566192624,24,28.127650000000017,25.258700000000033,26.5652566666667,24.413054166666655,87.98673596352603,4.566192624,1,0,2012,9
2012-09-13,301.0578,298.25812,299.40544458333335,297.36300666666665,0.005170345324,24,27.90780000000001,25.108120000000042,26.25544458333337,24.213006666666672,88.54253381796923,5.170345324,1,0,2012,9
2012-09-14,300.82916,297.97235,299.30731541666665,297.33544958333334,0.00520181657,24,27.679160000000024,24.82235000000003,26.157315416666677,24.185449583333366,88.91073004470076,5.20181657,1,0,2012,9
2012-09-15,301.75912,298.4579,299.54810625,297.5371445833333,0.008498191825,24,28.60912000000002,25.307900000000018,26.398106250000012,24.38714458333334,88.72126050866885,8.498191825,1,0,2012,9
2012-09-16,301.67944,298.4146,299.819215,297.62731833333333,0.004165172605,24,28.529440000000022,25.26460000000003,26.66921500000001,24.477318333333358,87.78643595524089,4.1651726049999995,1,0,2012,9
2012-09-17,301.8076,297.86087,299.6519308333333,297.28401875000003,0.002426624298,24,28.657600000000002,24.71087,26.501930833333347,24.134018750000052,86.84967016552724,2.426624298,1,0,2012,9
2012-09-18,301.7666,298.30475,299.5656520833333,297.0743066666667,0.003663063033,24,28.616600000000005,25.154750000000035,26.415652083333327,23.924306666666723,86.19958633907551,3.6630630330000002,1,0,2012,9
2012-09-19,301.31918,297.47723,299.478475,296.9148341666667,0.0013213157609000001,24,28.16918000000004,24.327230000000043,26.328475000000026,23.76483416666673,85.81685142001643,1.3213157609000001,1,0,2012,9
2012-09-20,301.8595,298.1376,299.9369970833333,296.7483554166667,0.001793384555,24,28.709500000000048,24.987600000000043,26.786997083333347,23.59835541666672,82.69261130852006,1.793384555,1,0,2012,9
2012-09-21,301.94714,298.80322,300.12367125,296.70306458333334,0.00190591812216,24,28.797140000000013,25.653220000000033,26.973671249999995,23.553064583333366,81.56591928940963,1.90591812216,1,0,2012,9
2012-09-22,301.56006,298.35263,299.7753754166667,296.60278166666666,0.004412651037,24,28.410060000000044,25.20263,26.625375416666714,23.45278166666668,82.75383770283673,4.412651037000001,1,0,2012,9
2012-09-23,301.67072,297.63675,299.52124291666667,296.22555166666666,0.002175331123,24,28.52072000000004,24.48675000000003,26.371242916666688,23.075551666666684,82.11016302004249,2.175331123,1,0,2012,9
2012-09-24,301.69452,297.1569,299.49680708333335,295.95987125,0.0013895034892,24,28.544520000000034,24.00690000000003,26.346807083333374,22.809871250000015,80.9153262176732,1.3895034892,1,0,2012,9
2012-09-25,301.62015,297.603,299.57200083333333,296.36768708333335,0.0014042854303,24,28.470150000000046,24.45300000000003,26.422000833333357,23.217687083333374,82.5715376332157,1.4042854302999999,1,0,2012,9
2012-09-26,302.57532,297.32764,299.9879241666667,296.62116541666666,0.00116539001602,24,29.42532,24.177639999999997,26.83792416666671,23.47116541666668,81.81469496375935,1.1653900160200001,1,0,2012,9
2012-09-27,303.58426,298.20178,300.77355125,297.05319541666665,0.00104618071876,24,30.434259999999995,25.051780000000008,27.623551250000048,23.903195416666676,80.18823032413394,1.0461807187599999,1,0,2012,9
2012-09-28,303.3591,298.56506,300.757895,297.39285708333335,0.00177192689002,24,30.209100000000035,25.41506000000004,27.607895000000042,24.242857083333377,81.9169373746125,1.77192689002,1,0,2012,9
2012-09-29,304.35056,298.7394,301.29831083333335,297.91414333333336,3.81469732e-06,24,31.200559999999996,25.589400000000012,28.14831083333337,24.76414333333338,81.88861350001146,0.0038146973199999997,0,0,2012,9
2012-09-30,305.61798,298.678,301.95041625,298.47935708333335,1.4305115e-06,24,32.46798000000001,25.52800000000002,28.800416250000012,25.329357083333377,81.54461426300564,0.0014305115,0,0,2012,9
2012-10-01,304.42892,299.4038,301.42928708333335,298.97875625,0.0077271461968,24,31.278920000000028,26.253800000000012,28.279287083333372,25.828756250000026,86.58492383588634,7.7271461968,1,0,2012,10
2012-10-02,302.54654,299.0041,300.22017124999996,297.94387125,0.0108070373869,24,29.396540000000016,25.854100000000017,27.070171249999987,24.793871249999995,87.37863512996451,10.8070373869,1,0,2012,10
2012-10-03,302.4115,298.4449,299.96572833333335,297.71729666666664,0.018187522691,24,29.261500000000012,25.29490000000004,26.815728333333368,24.567296666666664,87.50224142290776,18.187522691,1,0,2012,10
2012-10-04,302.13788,299.01147,300.03975583333334,297.6939125,0.01329231252,24,28.98788000000002,25.861469999999997,26.889755833333368,24.543912500000033,86.9998465762649,13.29231252,1,0,2012,10
2012-10-05,301.8418,297.72913,299.4255,297.3081675,0.016578197328,24,28.6918,24.57913000000002,26.275500000000022,24.158167500000047,88.14687059585894,16.578197328,1,0,2012,10
2012-10-06,302.3227,297.69366,299.68916875,297.44550875,0.0262060163207,24,29.17270000000002,24.543660000000045,26.539168750000044,24.29550875000001,87.50325140684677,26.2060163207,1,0,2012,10
2012-10-07,301.27484,297.7722,299.44019333333335,297.1128341666667,0.009393692154,24,28.124840000000006,24.62220000000002,26.290193333333377,23.96283416666671,87.0424383645436,9.393692154,1,0,2012,10
2012-10-08,303.02332,297.9355,300.51838833333335,297.3583379166667,0.00028181076172,24,29.873320000000035,24.785500000000013,27.36838833333337,24.20833791666672,82.90262429308956,0.28181076172,0,0,2012,10
2012-10-09,304.19556,299.04852,300.91084666666666,298.29713208333334,0.0033149719254,24,31.045560000000023,25.89852000000002,27.76084666666668,25.14713208333336,85.69970862224024,3.3149719254,1,0,2012,10
2012-10-10,304.3636,298.7799,301.2957070833333,298.32492083333335,0.00043869018692000003,24,31.213600000000042,25.62990000000002,28.14570708333332,25.174920833333374,83.93423485459022,0.43869018692,0,0,2012,10
2012-10-11,305.26477,298.55206,301.65048958333335,297.87282666666664,3.3378601e-06,24,32.11477000000002,25.402060000000006,28.500489583333376,24.722826666666663,80.02838748103866,0.0033378601,0,0,2012,10
2012-10-12,305.36487,296.90775,301.17373625,296.47772125,0.0,24,32.21487000000002,23.757750000000044,28.023736250000013,23.327721250000025,75.6626382601829,0.0,0,0,2012,10
2012-10-13,305.26062,298.23853,301.28740625,296.71171208333334,0.0,24,32.11062000000004,25.08853000000005,28.137406250000026,23.56171208333336,76.23203442554521,0.0,0,0,2012,10
2012-10-14,306.12537,297.5567,301.37935541666667,296.47178041666666,0.0,24,32.97537,24.4067,28.229355416666692,23.321780416666684,74.73395023452242,0.0,0,0,2012,10
2012-10-15,306.0905,297.41553,301.35038208333333,295.6283075,0.0,24,32.94050000000004,24.265530000000012,28.200382083333352,22.478307500000028,71.12831783894242,0.0,0,0,2012,10
2012-10-16,305.747,297.09424,301.2226933333333,295.2473058333333,0.0,24,32.59700000000004,23.944240000000036,28.072693333333348,22.097305833333337,70.01613829709561,0.0,0,0,2012,10
2012-10-17,306.01147,297.4347,301.31239708333334,294.9627395833333,0.0,24,32.86147,24.284700000000043,28.16239708333336,21.812739583333325,68.45103815807703,0.0,0,0,2012,10
2012-10-18,306.07092,297.52496,301.3353325,294.5461325,0.0,24,32.920920000000024,24.374960000000044,28.185332500000015,21.39613250000002,66.63810020274545,0.0,0,0,2012,10
2012-10-19,306.07837,297.21115,301.2388675,294.0540179166667,0.0,24,32.92837000000003,24.061149999999998,28.08886750000005,20.904017916666703,65.01839052456239,0.0,0,0,2012,10
2012-10-20,305.63464,295.75983,300.42808083333335,292.9013054166667,0.0,24,32.48464000000001,22.609830000000045,27.278080833333377,19.751305416666696,63.488048377455414,0.0,0,0,2012,10
2012-10-21,305.26822,297.9215,301.23712458333335,294.1639704166667,0.00070142745132,24,32.11822000000001,24.771500000000003,28.087124583333377,21.013970416666723,65.46634198213478,0.7014274513200001,0,0,2012,10
2012-10-22,304.59332,299.47235,301.56817916666665,293.97765583333336,0.0,24,31.44332000000003,26.32235000000003,28.418179166666675,20.82765583333338,63.48366789522926,0.0,0,0,2012,10
2012-10-23,304.95877,299.39844,301.54590375,296.2366783333334,0.0018353461834,24,31.808770000000038,26.248440000000016,28.395903750000002,23.086678333333396,72.96750403261927,1.8353461834,1,0,2012,10
2012-10-24,305.44266,298.59393,301.57901625,297.1033870833333,2.00271607e-05,24,32.29266000000001,25.443930000000023,28.429016250000018,23.953387083333325,76.73743894904253,0.020027160699999998,0,0,2012,10
2012-10-25,305.46454,298.29785,301.5659754166667,297.2216820833333,0.0,24,32.31454000000002,25.147850000000005,28.415975416666697,24.071682083333314,77.34383804287992,0.0,0,0,2012,10
2012-10-26,305.05292,297.5954,300.84993375,296.63809833333335,0.0,24,31.902919999999995,24.445400000000006,27.699933750000014,23.48809833333337,77.85830725222297,0.0,0,0,2012,10
2012-10-27,305.4389,297.02658,300.88331625,295.7407225,1.28746036e-05,24,32.28890000000001,23.876580000000047,27.73331625000003,22.590722500000027,73.59590435694378,0.0128746036,0,0,2012,10
2012-10-28,305.9404,297.8151,301.33073958333335,295.30134333333336,5.5789948e-05,24,32.790400000000034,24.665099999999995,28.180739583333377,22.151343333333386,69.80601614436593,0.055789948,0,0,2012,10
2012-10-29,305.61304,297.50415,300.77732125,294.84255791666664,2.3841858e-06,24,32.463040000000035,24.354150000000004,27.627321250000023,21.692557916666658,70.10725832834885,0.0023841858000000003,0,0,2012,10
2012-10-30,305.53784,295.07135,299.74199875,291.017715,0.0,24,32.38784000000004,21.921350000000018,26.591998750000016,17.867715000000032,58.758002842324686,0.0,0,0,2012,10
2012-10-31,304.5382,293.5724,298.5249,290.134745,0.0,24,31.38820000000004,20.42240000000004,25.374900000000025,16.984745000000032,59.72414207066833,0.0,0,0,2012,10
2012-11-01,303.12018,294.11478,298.75005916666663,291.60943875,0.0,24,29.970180000000028,20.96478000000002,25.600059166666654,18.459438750000004,64.6723443882182,0.0,0,0,2012,11
2012-11-02,305.35684,296.4699,300.5530920833333,294.3217525,0.0,24,32.20684,23.31990000000002,27.40309208333332,21.171752500000025,68.80220686667805,0.0,0,0,2012,11
2012-11-03,303.93027,297.76022,300.6765075,296.7296758333333,9.5367432e-07,24,30.78027000000003,24.610220000000027,27.526507500000037,23.57967583333334,79.08856450122023,0.0009536743200000001,0,0,2012,11
2012-11-04,303.47144,297.58932,300.1893554166667,296.896885,0.00023078918956,24,30.321439999999996,24.43932000000001,27.039355416666695,23.74688500000002,82.20648243814287,0.23078918956,0,0,2012,11
2012-11-05,304.11636,296.4463,300.06675041666665,295.8076958333333,0.0,24,30.96636000000001,23.29630000000003,26.916750416666673,22.65769583333332,77.52184805597706,0.0,0,0,2012,11
2012-11-06,304.13342,295.87137,299.8132366666667,294.1791133333333,0.0,24,30.983420000000024,22.721370000000036,26.663236666666705,21.029113333333328,71.23364649693416,0.0,0,0,2012,11
2012-11-07,304.8708,295.5368,299.75612916666665,292.76414833333337,0.0,24,31.720799999999997,22.38680000000005,26.606129166666676,19.61414833333339,65.48764997652181,0.0,0,0,2012,11
2012-11-08,303.77655,295.16565,299.03479250000004,293.70907041666663,0.0,24,30.62655000000001,22.01565000000005,25.88479250000006,20.559070416666657,72.45993221307333,0.0,0,0,2012,11
2012-11-09,303.5172,294.005,298.6242270833333,293.05685375,9.5367432e-07,24,30.367200000000025,20.855000000000018,25.474227083333346,19.90685375000004,71.31223341546479,0.0009536743200000001,0,0,2012,11
2012-11-10,303.8532,294.43677,299.07332916666667,293.47793041666665,0.0,24,30.703200000000038,21.286770000000047,25.92332916666669,20.327930416666675,71.2698787676791,0.0,0,0,2012,11
2012-11-11,304.05997,294.99963,299.0768170833333,294.07417375,0.0,24,30.909970000000044,21.849630000000047,25.926817083333333,20.924173750000023,73.92423539311781,0.0,0,0,2012,11
2012-11-12,303.51312,295.69025,299.19407125000004,295.00822958333333,0.0,24,30.363120000000038,22.540250000000015,26.04407125000006,21.858229583333355,77.74000938210175,0.0,0,0,2012,11
2012-11-13,303.44275,296.75214,299.48266291666664,295.07955375,0.0,24,30.292750000000012,23.60214000000002,26.332662916666663,21.929553750000025,76.75777297576704,0.0,0,0,2012,11
2012-11-14,305.14844,296.7674,299.99477083333335,293.4776670833333,0.0,24,31.998440000000016,23.617400000000032,26.84477083333337,20.327667083333324,67.49314361432681,0.0,0,0,2012,11
2012-11-15,304.59955,295.02905,299.5675958333333,291.47533625,0.0,24,31.449550000000045,21.879050000000007,26.417595833333337,18.32533625000002,61.09884718177681,0.0,0,0,2012,11
2012-11-16,304.2139,294.2434,298.8022458333333,289.5141733333333,0.0,24,31.063900000000046,21.09340000000003,25.652245833333325,16.364173333333326,56.47517482757101,0.0,0,0,2012,11
2012-11-17,303.68832,292.31604,297.71269083333334,288.046545,0.0,24,30.53832,19.16604000000001,24.562690833333363,14.896545000000003,54.857311943925644,0.0,0,0,2012,11
2012-11-18,303.45288,291.40607,297.07317125000003,287.62086958333333,0.0,24,30.302880000000016,18.256070000000022,23.923171250000053,14.470869583333354,55.45897799141761,0.0,0,0,2012,11
2012-11-19,303.57162,290.7793,296.92879208333335,287.62404,0.0,24,30.42162000000002,17.6293,23.77879208333337,14.474040000000002,55.9545483459932,0.0,0,0,2012,11
2012-11-20,304.27155,291.45853,297.46949208333336,287.47960625,0.0,24,31.121550000000013,18.30853000000002,24.319492083333387,14.32960625000004,53.661531838261936,0.0,0,0,2012,11
2012-11-21,304.40353,292.2871,298.04046708333334,289.6419408333333,0.0,24,31.253530000000012,19.137100000000032,24.890467083333363,16.49194083333333,59.57947100666926,0.0,0,0,2012,11
2012-11-22,304.6703,291.8568,298.1307933333333,290.3100720833333,0.0,24,31.52030000000002,18.706800000000044,24.980793333333338,17.16007208333332,61.826793919087436,0.0,0,0,2012,11
2012-11-23,304.40546,293.11243,298.33753458333337,289.24622708333334,0.0,24,31.255460000000028,19.96243000000004,25.187534583333388,16.09622708333336,57.07464106108137,0.0,0,0,2012,11
2012-11-24,304.5866,293.5705,298.47317875,290.07335708333335,0.0,24,31.4366,20.420500000000004,25.32317875000001,16.92335708333337,59.67549863555358,0.0,0,0,2012,11
2012-11-25,305.11032,293.5334,298.74256833333334,291.81083333333333,0.0,24,31.960320000000024,20.383399999999995,25.59256833333336,18.660833333333358,65.52268999894476,0.0,0,0,2012,11
2012-11-26,304.45386,294.07208,298.9246625,292.51056875,0.0,24,31.303860000000043,20.92208000000005,25.774662500000034,19.360568750000027,67.71266201844956,0.0,0,0,2012,11
2012-11-27,304.5829,294.53107,299.0046654166667,293.0851783333333,0.0,24,31.432900000000018,21.381070000000022,25.854665416666705,19.93517833333334,69.84165652064962,0.0,0,0,2012,11
2012-11-28,303.77808,295.0119,298.2735754166667,291.6275175,0.0,24,30.62808000000001,21.86190000000005,25.12357541666671,18.477517500000033,66.60824685148874,0.0,0,0,2012,11
2012-11-29,303.5877,293.09818,297.3372370833333,289.30947166666664,0.0,24,30.437700000000007,19.948180000000036,24.187237083333343,16.15947166666666,60.83933856187198,0.0,0,0,2012,11
2012-11-30,303.7738,291.98233,297.24683583333336,289.87306916666665,0.0,24,30.623800000000017,18.832330000000013,24.096835833333387,16.723069166666676,63.40578202652369,0.0,0,0,2012,11
2012-12-01,303.7245,292.3683,297.464905,290.68541458333334,0.0,24,30.5745,19.2183,24.31490500000001,17.535414583333363,65.88548906142069,0.0,0,0,2012,12
2012-12-02,303.01532,293.4035,297.50377791666665,291.73984708333336,0.0,24,29.865319999999997,20.25350000000003,24.353777916666672,18.58984708333338,70.23877838184195,0.0,0,0,2012,12
2012-12-03,304.13733,294.1674,298.553625,292.45223625,0.0,24,30.987330000000043,21.01740000000001,25.403625000000034,19.30223625000002,68.97109935791285,0.0,0,0,2012,12
2012-12-04,304.82678,293.5584,298.84309875,291.0534575,0.0,24,31.676780000000008,20.40840000000003,25.693098750000047,17.903457500000002,62.10790785407684,0.0,0,0,2012,12
2012-12-05,305.3701,294.58438,299.7616366666667,290.3363904166667,0.0,24,32.2201,21.434380000000033,26.611636666666698,17.18639041666671,56.21841328016115,0.0,0,0,2012,12
2012-12-06,305.07855,297.1471,300.69014208333334,293.03091416666666,0.0,24,31.92855000000003,23.997100000000046,27.540142083333365,19.880914166666685,63.02497524017612,0.0,0,0,2012,12
2012-12-07,305.18097,297.95267,300.90729416666665,294.87841166666664,0.0,24,32.030970000000025,24.802670000000035,27.757294166666668,21.72841166666666,69.72896037611528,0.0,0,0,2012,12
2012-12-08,305.0196,296.90594,300.32436916666666,295.1229783333333,0.0,24,31.869600000000048,23.75594000000001,27.17436916666668,21.972978333333344,73.23846425015938,0.0,0,0,2012,12
2012-12-09,304.3628,296.69385,299.75813750000003,293.4807825,0.0,24,31.212800000000016,23.54385000000002,26.608137500000055,20.330782499999998,68.45397217584815,0.0,0,0,2012,12
2012-12-10,302.50375,294.5876,298.0273191666667,293.15224083333334,0.0,24,29.353750000000048,21.43760000000003,24.877319166666723,20.00224083333336,74.33332461445592,0.0,0,0,2012,12
2012-12-11,301.5063,293.44113,297.11651416666666,293.20947416666667,4.7683716e-07,24,28.356300000000033,20.29113000000001,23.966514166666684,20.05947416666669,78.78316433489928,0.00047683716000000004,0,0,2012,12
2012-12-12,302.21564,293.24823,297.1693725,291.98324875,3.33786012e-06,24,29.06564000000003,20.09823,24.01937250000003,18.833248749999996,72.76333167221836,0.00333786012,0,0,2012,12
2012-12-13,301.45975,292.5329,296.59623458333334,290.7095725,0.0,24,28.309750000000008,19.382900000000006,23.446234583333364,17.5595725,69.52755111156338,0.0,0,0,2012,12
2012-12-14,300.99176,291.98187,295.7882575,291.17359916666663,1.4305114600000002e-06,24,27.841760000000022,18.831870000000038,22.63825750000001,18.023599166666656,75.18108571353618,0.00143051146,0,0,2012,12
2012-12-15,303.14288,292.18433,297.08802833333334,291.96203583333335,4.7683716e-07,24,29.992880000000014,19.03433000000001,23.938028333333364,18.81203583333337,73.02323956392748,0.00047683716000000004,0,0,2012,12
2012-12-16,304.50943,292.46753,297.7676158333333,291.81052916666664,0.0,24,31.35943000000003,19.317530000000033,24.617615833333332,18.660529166666663,69.44393346821073,0.0,0,0,2012,12
2012-12-17,304.39404,293.07648,298.25720541666664,291.0507758333333,0.0,24,31.24404000000004,19.926480000000026,25.10720541666666,17.90077583333334,64.30054353052674,0.0,0,0,2012,12
2012-12-18,304.4254,293.58258,298.33647125,289.85184541666666,0.0,24,31.275400000000047,20.43258000000003,25.18647125000001,16.701845416666686,59.3231750726441,0.0,0,0,2012,12
2012-12-19,303.53625,291.88998,297.2920208333333,288.61456875,0.0,24,30.386250000000018,18.739980000000003,24.142020833333333,15.464568750000012,58.35163674692727,0.0,0,0,2012,12
2012-12-20,304.1073,292.14285,297.39331875,288.63580125,0.0,24,30.957300000000032,18.992850000000033,24.243318750000014,15.485801250000009,58.076860307425804,0.0,0,0,2012,12
2012-12-21,304.52103,291.6286,297.6291375,289.9924879166667,0.0,24,31.37103000000002,18.47860000000003,24.479137500000036,16.8424879166667,62.439692076008136,0.0,0,0,2012,12
2012-12-22,304.27582,293.1126,298.18568125,291.86455958333335,0.0,24,31.125820000000033,19.96260000000001,25.03568125000004,18.71455958333337,67.95991719982305,0.0,0,0,2012,12
2012-12-23,304.13916,293.30304,298.27067458333335,292.6452904166667,0.0,24,30.989160000000027,20.153040000000033,25.12067458333337,19.495290416666705,70.9914878930783,0.0,0,0,2012,12
2012-12-24,303.76132,293.7478,298.10459375,292.7898466666667,0.0,24,30.611320000000035,20.597800000000007,24.954593750000015,19.6398466666667,72.3457564847248,0.0,0,0,2012,12
2012-12-25,304.05908,293.21063,298.40627333333333,290.47872958333335,0.0,24,30.909080000000017,20.060630000000003,25.256273333333354,17.32872958333337,61.47211190426952,0.0,0,0,2012,12
2012-12-26,303.398,292.9915,297.50185708333333,286.83471125,0.0,24,30.248000000000047,19.841499999999996,24.351857083333357,13.68471125000002,51.36257954395438,0.0,0,0,2012,12
2012-12-27,303.22662,290.7893,296.1807370833333,286.02845541666665,0.0,24,30.076620000000048,17.63930000000005,23.03073708333335,12.878455416666668,52.768834486853244,0.0,0,0,2012,12
2012-12-28,302.60895,290.16428,296.41221625,287.37808,0.0,24,29.458950000000016,17.014280000000042,23.262216249999994,14.228080000000034,56.814742501719884,0.0,0,0,2012,12
2012-12-29,302.14493,291.5384,296.27320833333334,287.99106,0.0,24,28.99493000000001,18.388400000000047,23.123208333333366,14.841060000000027,59.60962145579178,0.0,0,0,2012,12
2012-12-30,301.85464,292.70764,296.84544166666666,289.8464745833333,0.0,24,28.70464000000004,19.55764000000005,23.69544166666668,16.696474583333327,64.84627658565502,0.0,0,0,2012,12
2012-12-31,302.18958,295.1257,298.02661041666664,291.9601129166667,0.0,24,29.03958,21.975700000000018,24.876610416666665,18.810112916666696,69.01972174691407,0.0,0,0,2012,12
2013-01-01,301.72403,296.14545,298.17097,293.10055958333334,0.0,24,28.57403000000005,22.995450000000005,25.020970000000034,19.95055958333336,73.46282303460421,0.0,0,0,2013,1
2013-01-02,301.41864,294.40234,297.26124208333334,291.0511270833333,1.4305114600000002e-06,24,28.268640000000005,21.252340000000004,24.111242083333366,17.901127083333336,68.25190739819345,0.00143051146,0,0,2013,1
2013-01-03,301.54608,291.85025,295.67413458333334,286.6330425,0.0,24,28.39608000000004,18.70025000000004,22.524134583333364,13.48304250000001,56.60774252747012,0.0,0,0,2013,1
2013-01-04,301.2306,290.74902,295.05237791666667,287.5070395833333,0.0,24,28.080600000000004,17.599019999999996,21.902377916666694,14.357039583333346,62.22679846848935,0.0,0,0,2013,1
2013-01-05,300.1001,290.46826,294.4180879166667,286.4083808333333,0.0,24,26.95010000000002,17.31826000000001,21.26808791666673,13.25838083333332,60.23321681669318,0.0,0,0,2013,1
2013-01-06,299.6972,289.68484,293.82357041666666,285.68872500000003,0.0,24,26.547200000000032,16.53484000000003,20.673570416666678,12.538725000000056,59.60233075596686,0.0,0,0,2013,1
2013-01-07,301.28012,289.016,294.6484070833333,286.79499625,0.0,24,28.130120000000034,15.866000000000042,21.498407083333348,13.64499625000002,60.903757305852984,0.0,0,0,2013,1
2013-01-08,302.14166,289.06958,295.50694375,288.29775208333336,0.0,24,28.991660000000024,15.919579999999996,22.356943750000028,15.147752083333387,63.69320790676508,0.0,0,0,2013,1
2013-01-09,303.47797,290.61896,296.6245108333333,290.3852316666667,0.0,24,30.32797000000005,17.46896000000004,23.47451083333334,17.23523166666672,68.00042124304228,0.0,0,0,2013,1
2013-01-10,303.52344,291.1566,297.00226416666663,289.97143875,0.0,24,30.373440000000016,18.00660000000005,23.852264166666657,16.821438750000027,64.7485842988361,0.0,0,0,2013,1
2013-01-11,304.50064,291.91278,297.6094033333333,288.77490625,0.0,24,31.35064,18.76278000000002,24.45940333333334,15.624906250000038,57.84267547899166,0.0,0,0,2013,1
2013-01-12,304.34424,291.9054,297.5019375,287.2832670833333,0.0,24,31.194240000000036,18.75540000000001,24.35193750000002,14.133267083333351,52.88039555856869,0.0,0,0,2013,1
2013-01-13,304.71405,290.6349,297.2742075,287.92043666666666,0.0,24,31.56405000000001,17.48490000000004,24.12420750000001,14.770436666666683,55.863053532432055,0.0,0,0,2013,1
2013-01-14,304.41397,292.76813,297.81187666666665,289.17637458333337,0.0,24,31.26397000000003,19.618130000000008,24.66187666666667,16.026374583333393,58.63249438801738,0.0,0,0,2013,1
2013-01-15,303.58026,292.30603,297.08774375,290.23718625,0.0,24,30.430260000000033,19.156030000000044,23.93774375000004,17.087186250000002,65.51135280163537,0.0,0,0,2013,1
2013-01-16,303.16565,292.6969,297.3820004166667,290.83642000000003,0.0,24,30.01565000000005,19.54690000000005,24.23200041666672,17.686420000000055,66.8480901067371,0.0,0,0,2013,1
2013-01-17,301.303,292.2868,296.5975245833333,291.98807,0.0,24,28.15300000000002,19.13680000000005,23.447524583333347,18.838070000000016,75.33668444613069,0.0,0,0,2013,1
2013-01-18,299.3416,293.0608,295.7004525,289.1130133333333,3.623962362e-05,24,26.19160000000005,19.910799999999995,22.550452500000006,15.963013333333322,66.32561122415635,0.03623962362,0,0,2013,1
2013-01-19,300.70868,288.95547,294.4665283333333,284.38910333333337,0.0,24,27.558680000000038,15.805470000000014,21.316528333333338,11.23910333333339,52.58425712780975,0.0,0,0,2013,1
2013-01-20,302.38263,289.66528,295.56709333333333,286.97729541666666,0.0,24,29.23263000000003,16.51528000000002,22.417093333333355,13.827295416666686,58.26811584736996,0.0,0,0,2013,1
2013-01-21,301.90283,290.48346,295.72954125,288.3748445833333,0.0,24,28.752830000000017,17.333460000000002,22.579541250000034,15.224844583333322,63.14889943608163,0.0,0,0,2013,1
2013-01-22,302.57965,289.81174,296.21308500000004,289.11347374999997,0.0,24,29.429650000000038,16.66174000000001,23.063085000000058,15.963473749999991,64.29644269818581,0.0,0,0,2013,1
2013-01-23,301.05197,291.89044,295.7634395833333,290.53969208333336,0.0,24,27.901970000000006,18.740440000000035,22.61343958333333,17.389692083333387,72.34396059310421,0.0,0,0,2013,1
2013-01-24,301.24548,290.81268,295.4635183333333,289.84457791666665,0.0,24,28.09548000000001,17.662680000000023,22.31351833333332,16.694577916666674,70.50022466352934,0.0,0,0,2013,1
2013-01-25,301.3956,291.11493,295.5125725,289.80314833333335,0.0,24,28.245600000000024,17.964930000000038,22.3625725,16.653148333333377,70.1051238117557,0.0,0,0,2013,1
2013-01-26,302.06873,290.47043,295.78470208333334,290.06780208333333,0.0,24,28.91873000000004,17.320430000000044,22.634702083333366,16.917802083333356,70.12332863235919,0.0,0,0,2013,1
2013-01-27,303.0855,290.8436,296.39910583333335,290.33392083333337,0.0,24,29.935500000000047,17.693600000000004,23.249105833333374,17.18392083333339,68.7092749781068,0.0,0,0,2013,1
2013-01-28,302.3761,292.34418,296.5582325,290.3933895833333,0.0,24,29.22610000000003,19.194180000000017,23.408232499999997,17.24338958333334,68.30836157099169,0.0,0,0,2013,1
2013-01-29,302.21463,290.8255,296.13286791666667,288.4576504166667,0.0,24,29.064630000000022,17.6755,22.98286791666669,15.307650416666718,61.95088504863983,0.0,0,0,2013,1
2013-01-30,301.96185,290.51685,296.03272875,289.17073166666665,0.0,24,28.81185000000005,17.36685,22.882728750000012,16.020731666666677,65.2412197823871,0.0,0,0,2013,1
2013-01-31,302.47064,292.48816,296.8937104166667,290.42038375,0.0,24,29.320640000000026,19.338160000000016,23.743710416666715,17.270383750000008,67.05439236055436,0.0,0,0,2013,1
2013-02-01,303.96313,293.64926,297.96951916666666,291.34133875000003,0.0,24,30.81313,20.49926000000005,24.81951916666668,18.191338750000057,66.62091301136486,0.0,0,0,2013,2
2013-02-02,302.76666,294.1098,298.10422124999997,291.86336875,0.0,24,29.616660000000024,20.95980000000003,24.95422124999999,18.71336875000003,68.2860484258622,0.0,0,0,2013,2
2013-02-03,303.17102,295.04633,298.29203333333334,292.4748804166667,0.0,24,30.02102000000002,21.896330000000034,25.14203333333336,19.3248804166667,70.1530236423585,0.0,0,0,2013,2
2013-02-04,301.41296,295.05423,297.55568124999996,293.2758654166667,0.0,24,28.26296000000002,21.90423000000004,24.405681249999986,20.125865416666727,77.04890855983791,0.0,0,0,2013,2
2013-02-05,300.45502,294.34866,297.02758458333335,291.9597729166667,0.00030708313212,24,27.305020000000013,21.198660000000018,23.877584583333373,18.809772916666702,73.2789357913752,0.30708313212,0,0,2013,2
2013-02-06,299.66302,293.03912,295.94638875000004,288.64727,0.0,24,26.51302000000004,19.889120000000048,22.796388750000062,15.497270000000015,63.422585687449704,0.0,0,0,2013,2
2013-02-07,300.60245,290.92795,295.2355625,285.93706583333335,0.0,24,27.45245,17.777950000000033,22.085562500000037,12.787065833333372,55.55575299624267,0.0,0,0,2013,2
2013-02-08,301.71814,291.70767,296.3555020833333,289.7438495833333,0.0,24,28.568140000000028,18.55767000000003,23.20550208333333,16.593849583333338,66.35878313801071,0.0,0,0,2013,2
2013-02-09,304.51126,292.27457,297.70992875,292.00473166666666,0.0,24,31.361260000000016,19.124570000000006,24.55992875000004,18.85473166666668,70.53591511321443,0.0,0,0,2013,2
2013-02-10,303.4784,293.26294,297.89324416666665,293.28781291666667,0.0,24,30.328400000000045,20.112940000000037,24.74324416666667,20.13781291666669,75.56320174249254,0.0,0,0,2013,2
2013-02-11,304.57074,295.5163,299.3172875,292.6814875,0.0,24,31.420740000000023,22.366300000000024,26.167287500000043,19.531487500000026,66.86296621680161,0.0,0,0,2013,2
2013-02-12,305.35852,295.76083,300.1829575,291.8973970833333,0.0,24,32.20852000000002,22.61083000000002,27.03295750000001,18.74739708333334,60.50232476423166,0.0,0,0,2013,2
2013-02-13,306.03973,296.42065,300.5987845833333,291.58547708333333,0.0,24,32.88973000000004,23.270650000000046,27.44878458333335,18.435477083333353,57.901055282564464,0.0,0,0,2013,2
2013-02-14,304.3168,296.07358,299.99836958333333,293.02275833333334,0.0,24,31.166800000000023,22.923580000000015,26.84836958333335,19.872758333333365,65.60456886426405,0.0,0,0,2013,2
2013-02-15,302.68213,294.52762,298.65002291666667,293.57401125,0.0,24,29.532129999999995,21.377620000000036,25.500022916666694,20.424011250000035,73.51882134480384,0.0,0,0,2013,2
2013-02-16,300.02893,293.76205,297.2363766666667,291.571575,0.0004768371563,24,26.878930000000025,20.61205000000001,24.086376666666695,18.42157500000002,70.62653490206026,0.4768371563,0,0,2013,2
2013-02-17,300.52728,290.9179,295.41764916666665,286.8162004166667,0.0,24,27.37728000000004,17.767899999999997,22.267649166666672,13.666200416666697,58.188011270657775,0.0,0,0,2013,2
2013-02-18,303.5429,290.4449,296.66225833333334,286.46403416666664,0.0,24,30.392899999999997,17.29490000000004,23.512258333333364,13.314034166666659,52.73467053797069,0.0,0,0,2013,2
2013-02-19,304.5728,291.3391,298.23859791666666,288.3240633333333,0.0,24,31.422799999999995,18.189099999999996,25.088597916666686,15.174063333333322,54.11825574835695,0.0,0,0,2013,2
2013-02-20,304.93195,292.31555,298.6675716666667,289.1373408333333,0.0,24,31.781949999999995,19.165549999999996,25.517571666666697,15.987340833333349,55.57642701814951,0.0,0,0,2013,2
2013-02-21,304.8282,292.43787,298.65623583333337,290.62645208333333,0.0,24,31.678200000000004,19.287869999999998,25.506235833333392,17.476452083333356,61.13257606858087,0.0,0,0,2013,2
2013-02-22,303.45877,293.83017,298.1732725,292.44183416666664,0.0,24,30.308770000000038,20.680170000000032,25.02327250000002,19.29183416666666,70.50642595452078,0.0,0,0,2013,2
2013-02-23,302.831,293.2874,297.73586708333335,292.10355541666667,0.0,24,29.68100000000004,20.137400000000014,24.58586708333337,18.95355541666669,70.86270528349424,0.0,0,0,2013,2
2013-02-24,304.49292,292.1808,297.66551291666667,289.12504375,0.0,24,31.34292000000005,19.0308,24.515512916666694,15.975043749999998,58.954827375361425,0.0,0,0,2013,2
2013-02-25,304.81104,291.93793,298.7076195833333,289.59658291666665,0.0,24,31.661040000000014,18.787930000000017,25.55761958333335,16.44658291666667,57.09247950223663,0.0,0,0,2013,2
2013-02-26,303.45795,294.46625,298.24444,290.4511325,0.0,24,30.307950000000005,21.316250000000025,25.09444000000002,17.30113250000005,61.959693230347696,0.0,0,0,2013,2
2013-02-27,302.81403,293.1612,297.5713975,290.64158875000004,0.0,24,29.664030000000025,20.01120000000003,24.421397500000012,17.491588750000062,65.28515216599094,0.0,0,0,2013,2
2013-02-28,305.39038,292.22644,298.6803691666667,288.04733375,0.0,24,32.240380000000016,19.076440000000048,25.53036916666673,14.89733375000003,51.7825223104286,0.0,0,0,2013,2
2013-03-01,306.90543,293.43582,300.3487020833333,287.5120954166667,0.0,24,33.75543000000005,20.28582,27.19870208333333,14.362095416666705,45.327921042079936,0.0,0,0,2013,3
2013-03-02,307.30453,294.48505,300.56696208333335,287.96373375,0.0,24,34.15453000000002,21.335050000000024,27.416962083333374,14.81373375000004,46.07597478996913,0.0,0,0,2013,3
2013-03-03,308.3742,293.42786,300.36161208333334,287.23951208333335,0.0,24,35.224199999999996,20.277860000000032,27.211612083333364,14.089512083333375,44.500842078591674,0.0,0,0,2013,3
2013-03-04,309.22156,292.98068,300.59978333333333,285.96605708333334,0.0,24,36.071560000000034,19.83068000000003,27.449783333333357,12.816057083333362,40.388661559512,0.0,0,0,2013,3
2013-03-05,307.32645,293.1294,300.75494541666666,286.66900208333334,0.0,24,34.176450000000045,19.9794,27.60494541666668,13.519002083333362,41.903587188180715,0.0,0,0,2013,3
2013-03-06,307.61975,294.1946,301.07522625,288.4362679166667,0.0,24,34.46975000000003,21.044600000000003,27.925226250000037,15.286267916666702,46.1070687978632,0.0,0,0,2013,3
2013-03-07,308.10583,294.86716,301.79452166666664,289.23574333333335,0.0,24,34.95583000000005,21.717160000000035,28.644521666666662,16.08574333333337,46.53822568578549,0.0,0,0,2013,3
2013-03-08,306.08624,296.17004,300.858475,291.4952129166667,0.0,24,32.93624,23.020039999999995,27.70847500000002,18.345212916666696,56.7052927264072,0.0,0,0,2013,3
2013-03-09,306.24335,295.8318,300.96794666666665,292.0204195833333,0.0,24,33.093350000000044,22.68180000000001,27.81794666666667,18.87041958333333,58.22761043511882,0.0,0,0,2013,3
2013-03-10,305.48706,296.72247,300.6098083333333,290.3544166666667,0.0,24,32.33706000000001,23.57247000000001,27.459808333333342,17.204416666666702,53.54505303356815,0.0,0,0,2013,3
2013-03-11,304.3579,295.41858,299.56371874999996,293.4437891666667,0.0,24,31.207899999999995,22.268580000000043,26.413718749999987,20.293789166666727,69.08574850685756,0.0,0,0,2013,3
2013-03-12,303.5719,296.1273,299.12198041666664,293.43606041666663,4.7683716e-07,24,30.42190000000005,22.977300000000014,25.971980416666668,20.286060416666658,70.8809660522048,0.00047683716000000004,0,0,2013,3
2013-03-13,302.30493,294.37265,298.22408875,292.8943083333333,9.536743e-07,24,29.154930000000036,21.222650000000044,25.074088750000044,19.744308333333322,72.29929218381595,0.0009536743,0,0,2013,3
2013-03-14,303.63745,293.55835,298.6469141666667,293.1753195833333,0.0,24,30.487450000000024,20.40835000000004,25.496914166666727,20.025319583333328,71.74095958652758,0.0,0,0,2013,3
2013-03-15,305.19116,294.95587,300.21723541666665,292.8128075,0.0,24,32.04116000000005,21.805870000000027,27.067235416666676,19.662807500000042,63.92675083206521,0.0,0,0,2013,3
2013-03-16,304.0434,296.71768,300.11941,293.63232666666664,2.3365020999999998e-05,24,30.893400000000042,23.567679999999996,26.96941000000004,20.482326666666665,67.64317746896585,0.023365021,0,0,2013,3
2013-03-17,305.39114,295.65924,300.07268125,293.9993366666667,0.0,24,32.24114000000003,22.509240000000034,26.92268125000004,20.849336666666716,69.38176867708597,0.0,0,0,2013,3
2013-03-18,305.1795,296.15674,300.21955125,294.36212916666665,0.0,24,32.02950000000004,23.006740000000036,27.069551250000018,21.21212916666667,70.33675470908938,0.0,0,0,2013,3
2013-03-19,305.0266,295.10458,299.7752633333333,292.6078783333333,0.0,24,31.876599999999996,21.95458000000002,26.62526333333335,19.457878333333326,64.78118036714297,0.0,0,0,2013,3
2013-03-20,304.89838,293.5177,299.492545,291.26658416666663,1.9073486200000001e-06,24,31.748379999999997,20.367700000000013,26.34254500000003,18.116584166666655,60.57085933378401,0.00190734862,0,0,2013,3
2013-03-21,305.3046,294.542,299.53886875,291.37663791666665,0.0,24,32.154600000000016,21.391999999999996,26.38886875000003,18.226637916666675,60.82449952254249,0.0,0,0,2013,3
2013-03-22,304.6241,295.71692,299.6049683333333,294.20525875000004,0.0,24,31.47410000000002,22.56692000000004,26.45496833333334,21.055258750000064,72.2302982665775,0.0,0,0,2013,3
2013-03-23,303.32806,296.40866,299.60225041666666,294.1668416666667,0.0,24,30.178060000000016,23.25866000000002,26.452250416666686,21.01684166666672,72.07145196628674,0.0,0,0,2013,3
2013-03-24,304.75928,295.6432,300.08532583333334,293.88634,0.0,24,31.609280000000012,22.4932,26.935325833333366,20.73634000000004,68.84928654157024,0.0,0,0,2013,3
2013-03-25,305.29172,297.57352,301.06086875,294.24902833333334,0.0,24,32.14172000000002,24.423519999999996,27.91086875000002,21.099028333333365,66.4901196843726,0.0,0,0,2013,3
2013-03-26,303.7547,297.95715,300.29476125,294.48648375,0.0,24,30.604700000000037,24.807150000000036,27.144761250000045,21.336483750000014,70.5631130512414,0.0,0,0,2013,3
2013-03-27,303.20273,296.74146,299.6495575,294.0315929166667,0.0,24,30.052729999999997,23.59146000000004,26.499557500000037,20.881592916666705,71.27489983768135,0.0,0,0,2013,3
2013-03-28,304.2539,296.8553,300.017035,294.41903916666666,3.57627866e-05,24,31.10390000000001,23.705300000000022,26.867035000000044,21.269039166666687,71.42868691393633,0.0357627866,0,0,2013,3
2013-03-29,303.95047,295.59073,299.38643458333337,291.8698133333333,0.0,24,30.80047000000002,22.44073000000003,26.23643458333339,18.71981333333332,63.30224967738872,0.0,0,0,2013,3
2013-03-30,305.4773,293.88922,299.7709454166667,291.30680916666665,0.0,24,32.32730000000004,20.739220000000046,26.6209454166667,18.156809166666676,59.73442515234788,0.0,0,0,2013,3
2013-03-31,305.9571,296.2424,300.67717791666666,292.44587333333334,0.0,24,32.80710000000005,23.092399999999998,27.527177916666687,19.29587333333336,60.82022994940106,0.0,0,0,2013,3
2013-04-01,304.81516,295.48807,300.08204083333334,293.89604125,0.0,24,31.665160000000014,22.338070000000016,26.93204083333336,20.74604125000002,68.90377282554489,0.0,0,0,2013,4
2013-04-02,303.51245,296.31015,299.6996804166667,293.6100529166667,0.0,24,30.362450000000024,23.160150000000044,26.549680416666718,20.46005291666671,69.2412330162,0.0,0,0,2013,4
2013-04-03,303.55386,296.315,299.2881095833333,292.98686458333333,5.960464466e-05,24,30.40386000000001,23.16500000000002,26.138109583333346,19.83686458333335,68.26117477440424,0.05960464466,0,0,2013,4
2013-04-04,304.755,295.09644,299.5469275,293.6466770833333,0.0,24,31.605000000000018,21.946439999999996,26.396927500000004,20.49667708333334,70.02661086988331,0.0,0,0,2013,4
2013-04-05,305.2928,295.16644,300.3332804166667,294.43393291666666,0.0,24,32.14280000000002,22.016440000000046,27.18328041666672,21.283932916666686,70.17701585544663,0.0,0,0,2013,4
2013-04-06,304.0545,295.96814,300.15254583333336,295.27533999999997,0.0,24,30.90450000000004,22.818140000000028,27.002545833333386,22.125339999999994,74.67269156103637,0.0,0,0,2013,4
2013-04-07,305.05344,295.76355,300.4018741666667,294.67616416666664,0.0,24,31.903440000000046,22.613550000000032,27.25187416666671,21.52616416666666,70.94080587119117,0.0,0,0,2013,4
2013-04-08,304.98022,295.39282,300.16879,293.1936983333333,0.0,24,31.830219999999997,22.242819999999995,27.018790000000024,20.04369833333334,65.64198369548205,0.0,0,0,2013,4
2013-04-09,305.92035,295.8557,300.56981875,293.8483325,0.0,24,32.77035000000001,22.705700000000036,27.419818750000047,20.69833250000005,66.76139262855797,0.0,0,0,2013,4
2013-04-10,304.80157,297.17792,300.72507583333334,295.62762625,8.39233401e-05,24,31.65157000000005,24.027919999999995,27.575075833333358,22.477626250000014,73.77161248471346,0.08392334010000001,0,0,2013,4
2013-04-11,304.73053,297.42953,300.66257875,294.51971875,0.0,24,31.58053000000001,24.279530000000022,27.512578750000046,21.369718750000004,69.197842629775,0.0,0,0,2013,4
2013-04-12,305.56686,296.75696,300.989855,294.4944033333333,0.0,24,32.41686000000004,23.606960000000015,27.839855,21.344403333333332,67.78005058191225,0.0,0,0,2013,4
2013-04-13,306.55847,297.67697,301.62892125,295.44521000000003,0.0,24,33.40847000000002,24.526970000000006,28.47892125000004,22.295210000000054,69.2085217248553,0.0,0,0,2013,4
2013-04-14,304.92368,297.76917,301.11600875,295.9480966666667,0.0,24,31.773680000000013,24.619169999999997,27.966008750000015,22.79809666666671,73.52193508948812,0.0,0,0,2013,4
2013-04-15,304.37094,296.96185,300.28150666666664,295.03193458333334,0.0,24,31.22094000000004,23.81185000000005,27.131506666666667,21.88193458333336,73.01596456184204,0.0,0,0,2013,4
2013-04-16,302.4358,296.0922,299.29922791666667,294.1982479166667,1.144409176e-05,24,29.285799999999995,22.942200000000014,26.14922791666669,21.048247916666696,73.51579250930257,0.01144409176,0,0,2013,4
2013-04-17,302.74084,297.09937,299.64429375000003,294.26456125,2.00271605e-05,24,29.590840000000014,23.949370000000044,26.494293750000054,21.11456125000001,72.32594895247531,0.0200271605,0,0,2013,4
2013-04-18,302.5763,296.8507,299.89643541666663,294.27965375,5.24520882e-06,24,29.426300000000026,23.70070000000004,26.746435416666657,21.129653750000045,71.3246419629751,0.00524520882,0,0,2013,4
2013-04-19,302.90668,298.06482,300.44684875,294.61333958333336,5.81741333e-05,24,29.756680000000017,24.91482000000002,27.296848750000038,21.46333958333338,70.48198449012712,0.0581741333,0,0,2013,4
2013-04-20,303.15265,297.3237,300.46287916666665,294.6632825,6.771087636e-05,24,30.002650000000017,24.173699999999997,27.312879166666676,21.513282500000003,70.63154536413201,0.06771087636,0,0,2013,4
2013-04-21,303.30545,298.03528,300.68497083333335,295.3640625,3.957748382e-05,24,30.15545000000003,24.885280000000023,27.534970833333375,22.21406250000001,72.76804022678188,0.039577483819999995,0,0,2013,4
2013-04-22,304.57513,297.97852,300.9204295833333,295.83143666666666,1.38282774e-05,24,31.425130000000024,24.828520000000026,27.77042958333334,22.681436666666684,73.84215168781792,0.0138282774,0,0,2013,4
2013-04-23,305.0584,298.12024,301.3809570833333,296.4945108333333,0.0,24,31.90840000000003,24.970240000000047,28.23095708333335,23.344510833333345,74.82969169937815,0.0,0,0,2013,4
2013-04-24,305.9553,298.7936,302.3569116666667,297.4495958333333,3.00407408e-05,24,32.805300000000045,25.64360000000005,29.206911666666713,24.299595833333342,74.89246589564634,0.0300407408,0,0,2013,4
2013-04-25,308.5324,299.06674,303.5146375,296.3688075,0.0,24,35.38240000000002,25.916740000000004,30.364637500000015,23.218807500000025,65.64432289148417,0.0,0,0,2013,4
2013-04-26,308.40186,298.88776,303.5461354166667,294.6208295833333,0.0,24,35.25186000000002,25.737760000000037,30.39613541666671,21.47082958333334,58.910847455301024,0.0,0,0,2013,4
2013-04-27,307.20334,299.17203,303.1916033333333,294.84699416666666,0.0,24,34.05334000000005,26.02203000000003,30.04160333333334,21.696994166666684,60.96095833852871,0.0,0,0,2013,4
2013-04-28,306.02533,298.47885,302.55773875,296.4049641666667,0.0,24,32.87533000000002,25.328850000000045,29.40773875000002,23.254964166666696,69.51376119455969,0.0,0,0,2013,4
2013-04-29,307.3225,298.89932,302.8172504166667,296.69537916666667,0.0,24,34.172500000000014,25.74932000000001,29.667250416666718,23.54537916666669,69.6921750842098,0.0,0,0,2013,4
2013-04-30,307.7858,299.23395,303.13511875,297.43320166666666,0.0,24,34.63580000000002,26.083950000000016,29.985118750000026,24.283201666666685,71.53410792725803,0.0,0,0,2013,4
2013-05-01,308.00385,300.33344,303.59704708333334,297.4498454166667,0.0,24,34.85385000000002,27.18344000000002,30.44704708333336,24.2998454166667,69.7309768757303,0.0,0,0,2013,5
2013-05-02,306.43555,299.70135,302.5077079166667,297.36446083333334,0.0,24,33.28555,26.551350000000014,29.357707916666698,24.214460833333362,73.86391756785498,0.0,0,0,2013,5
2013-05-03,304.25818,298.62726,301.44952416666666,296.8397683333333,2.33650208e-05,24,31.108180000000004,25.47726,28.299524166666686,23.689768333333348,76.10055689517135,0.0233650208,0,0,2013,5
2013-05-04,304.92703,298.95514,302.1074175,297.6900720833333,4.148483236e-05,24,31.777030000000025,25.805139999999994,28.95741750000002,24.540072083333314,77.08552552130789,0.04148483236,0,0,2013,5
2013-05-05,305.98334,298.91077,302.11728,297.25977625,6.77108755e-05,24,32.83334000000002,25.760770000000036,28.967280000000017,24.10977625000004,75.07841750750403,0.0677108755,0,0,2013,5
2013-05-06,304.6087,299.8895,301.8469,297.21240375,0.00018310546816,24,31.45870000000002,26.73950000000002,28.696900000000028,24.062403750000044,76.04859104029248,0.18310546816,0,0,2013,5
2013-05-07,304.93683,299.55014,302.04593458333335,297.02304791666666,3.6716461e-05,24,31.78683000000001,26.40014000000002,28.89593458333337,23.87304791666668,74.323999485673,0.036716461,0,0,2013,5
2013-05-08,304.7521,300.15033,302.20209666666665,296.99914458333336,2.6702880899999998e-05,24,31.602100000000007,27.00033000000002,29.05209666666667,23.849144583333384,73.54848576155878,0.026702880899999996,0,0,2013,5
2013-05-09,304.64148,299.8556,302.0647704166667,297.15324208333334,9.679794246e-05,24,31.491480000000024,26.705600000000004,28.914770416666727,24.00324208333336,74.82663309119458,0.09679794246000001,0,0,2013,5
2013-05-10,304.818,299.90372,301.99577500000004,297.05201375,2.71797178e-05,24,31.668000000000006,26.753720000000044,28.84577500000006,23.902013750000037,74.6705849797245,0.0271797178,0,0,2013,5
2013-05-11,305.0421,300.22516,302.30283833333334,297.25879208333333,4.005432142e-05,24,31.892100000000028,27.07516000000004,29.152838333333364,24.108792083333356,74.2714702323205,0.04005432142,0,0,2013,5
2013-05-12,304.63452,299.52393,301.9691516666667,297.26739625,6.05583189e-05,24,31.484520000000032,26.37393000000003,28.8191516666667,24.117396250000013,75.76077617106783,0.0605583189,0,0,2013,5
2013-05-13,305.14343,299.52545,302.03844291666667,297.2642266666667,0.00014448165756,24,31.993430000000046,26.37545,28.88844291666669,24.114226666666696,75.44251718541872,0.14448165756,0,0,2013,5
2013-05-14,304.6444,299.66272,301.88705583333336,296.90517833333337,8.10623168e-05,24,31.49440000000004,26.51272,28.737055833333386,23.75517833333339,74.48181172491365,0.0810623168,0,0,2013,5
2013-05-15,304.61996,300.037,302.13750541666667,296.86704291666666,2.76565548e-05,24,31.469960000000015,26.887,28.987505416666693,23.717042916666685,73.23920226083189,0.0276565548,0,0,2013,5
2013-05-16,304.30945,299.97897,302.15512083333334,296.69056208333336,8.869171072e-05,24,31.15945000000005,26.828970000000027,29.005120833333365,23.540562083333384,72.39005153142186,0.08869171072000001,0,0,2013,5
2013-05-17,304.3274,300.26306,301.99509,296.1837341666667,5.24520866e-06,24,31.177400000000034,27.11306000000002,28.845090000000027,23.033734166666704,70.8601517417722,0.005245208659999999,0,0,2013,5
2013-05-18,304.91977,300.78152,302.4718408333333,296.42512916666664,1.09672544e-05,24,31.76977000000005,27.631520000000023,29.32184083333334,23.27512916666666,69.94490354807311,0.0109672544,0,0,2013,5
2013-05-19,304.9052,300.50958,302.50937875,297.3547125,6.48498535e-05,24,31.755200000000002,27.35958000000005,29.35937875000002,24.204712500000028,73.81357397233013,0.0648498535,0,0,2013,5
2013-05-20,305.3177,300.89944,302.6409775,297.7441479166667,4.29153442e-06,24,32.167700000000025,27.74944000000005,29.490977500000042,24.594147916666714,74.98498872260666,0.0042915344200000006,0,0,2013,5
2013-05-21,304.88867,300.9674,302.71529541666666,297.74838,2.67028806e-05,24,31.738670000000013,27.81740000000002,29.565295416666686,24.59838000000002,74.68294187515966,0.0267028806,0,0,2013,5
2013-05-22,305.2681,300.86185,302.74506125,297.45539,4.0054321400000004e-05,24,32.11810000000003,27.711850000000027,29.595061250000015,24.305390000000045,73.25718366311207,0.0400543214,0,0,2013,5
2013-05-23,305.39062,300.78815,302.8043779166667,297.29193375,9.05990593e-05,24,32.240620000000035,27.638149999999996,29.654377916666704,24.14193375000002,72.29412624699384,0.0905990593,0,0,2013,5
2013-05-24,305.24835,301.2293,303.11439666666666,297.2872070833333,0.00020265578993999999,24,32.09835000000004,28.079300000000046,29.964396666666687,24.13720708333335,70.99445113516445,0.20265578994,0,0,2013,5
2013-05-25,305.05475,301.85233,303.32298291666666,298.00196708333334,0.00083684920828,24,31.904750000000035,28.702330000000018,30.172982916666683,24.851967083333363,73.21714339218761,0.83684920828,0,0,2013,5
2013-05-26,305.55823,301.49805,303.40637125,298.5746408333333,0.001561641694,24,32.40823,28.34805,30.25637125000003,25.424640833333342,75.39824853093006,1.561641694,1,0,2013,5
2013-05-27,306.04535,301.59888,303.49024625,298.6587525,0.0019741058375,24,32.89535000000001,28.44888000000003,30.340246250000007,25.508752500000014,75.4124687081202,1.9741058375000002,1,0,2013,5
2013-05-28,305.3961,301.04272,303.06312541666665,298.74681291666667,0.0036401748784000002,24,32.24610000000001,27.892719999999997,29.913125416666674,25.596812916666693,77.69198453550402,3.6401748784000003,1,0,2013,5
2013-05-29,305.60455,300.59662,302.8116075,298.6219183333333,0.0032739639219,24,32.45455000000004,27.446619999999996,29.661607500000002,25.47191833333335,78.24285813477982,3.2739639219,1,0,2013,5
2013-05-30,305.62726,301.4049,303.1186895833333,297.7834579166667,0.00091314315816,24,32.47726,28.25490000000002,29.968689583333344,24.633457916666714,73.1204669666585,0.91314315816,0,0,2013,5
2013-05-31,305.15277,300.95108,302.94868125,297.69769041666666,0.001663684858,24,32.00277,27.801080000000013,29.798681250000016,24.547690416666683,73.46147331716124,1.6636848579999999,1,0,2013,5
2013-06-01,305.40656,300.66248,303.00100541666666,297.43044791666665,0.0002269744865,24,32.256560000000036,27.51248000000004,29.85100541666668,24.280447916666674,72.07649570005478,0.2269744865,0,0,2013,6
2013-06-02,305.14838,300.5374,302.54751,297.9773783333333,0.0058817863691,24,31.998379999999997,27.387400000000014,29.39751000000001,24.827378333333343,76.44992469526109,5.881786369099999,1,0,2013,6
2013-06-03,303.90286,300.0149,301.4795483333333,297.6743175,0.012798786178399999,24,30.75286,26.864900000000034,28.32954833333332,24.524317499999995,79.87382088171566,12.798786178399999,1,0,2013,6
2013-06-04,304.56912,299.83112,301.75356,297.82562041666665,0.005064487444,24,31.41912000000002,26.68112000000002,28.603560000000016,24.675620416666675,79.3259878834445,5.064487444,1,0,2013,6
2013-06-05,304.58072,300.4187,302.36926708333334,298.36146375,0.001590728753,24,31.430720000000008,27.268700000000024,29.219267083333364,25.211463750000007,79.03260172140217,1.590728753,1,0,2013,6
2013-06-06,304.01733,300.52094,301.72566666666665,298.6799779166667,0.009130477857,24,30.867330000000038,27.37094000000002,28.575666666666677,25.529977916666724,83.60791468704447,9.130477857,1,0,2013,6
2013-06-07,302.4607,298.49017,300.4605470833333,298.37700958333335,0.040721416555,24,29.310699999999997,25.34017,27.310547083333347,25.22700958333337,88.40995585886282,40.721416555,1,0,2013,6
2013-06-08,301.66736,299.14294,300.30688166666664,298.29498125000003,0.03394031525,24,28.517359999999996,25.992940000000033,27.156881666666663,25.144981250000058,88.77598120853963,33.94031525,1,0,2013,6
2013-06-09,300.8647,299.1762,299.95529416666665,298.07063416666665,0.0633211139,24,27.71470000000005,26.026200000000017,26.80529416666667,24.920634166666673,89.42561647656397,63.3211139,1,1,2013,6
2013-06-10,300.8786,299.33194,300.0073145833333,298.08910208333333,0.03426408755,24,27.72860000000003,26.181939999999997,26.857314583333334,24.939102083333353,89.25051403072428,34.26408755,1,0,2013,6
2013-06-11,302.58148,299.33282,300.77391375,298.33188291666664,0.00841856011,24,29.431480000000022,26.18282000000005,27.623913750000042,25.181882916666666,86.56814733334507,8.418560110000001,1,0,2013,6
2013-06-12,301.68024,299.8352,300.59695166666666,298.4183083333333,0.00903511044,24,28.53024000000005,26.68520000000001,27.446951666666678,25.268308333333323,87.92166482661278,9.03511044,1,0,2013,6
2013-06-13,301.95374,299.5918,300.63503541666665,298.33981291666663,0.00858211509,24,28.803740000000005,26.4418,27.485035416666676,25.189812916666654,87.3163452539704,8.58211509,1,0,2013,6
2013-06-14,301.59534,299.7666,300.62225958333335,298.2897570833333,0.02296066278,24,28.445340000000044,26.616600000000005,27.47225958333337,25.139757083333336,87.12139502713741,22.96066278,1,0,2013,6
2013-06-15,300.7659,299.47394,300.11178624999997,297.84064708333335,0.083069801237,24,27.61590000000001,26.32394000000005,26.96178624999999,24.690647083333374,87.3961224114271,83.06980123700001,1,1,2013,6
2013-06-16,301.26062,299.71155,300.22478916666665,298.22337166666665,0.1102809914,24,28.11062000000004,26.56155000000001,27.074789166666676,25.073371666666674,88.82507062204617,110.2809914,1,1,2013,6
2013-06-17,300.55365,299.1372,299.8377875,297.96672958333335,0.07697915921,24,27.403650000000027,25.98720000000003,26.687787500000013,24.81672958333337,89.48961274707605,76.97915920999999,1,1,2013,6
2013-06-18,300.6302,298.61835,299.5184766666667,297.7662025,0.02732992184,24,27.480200000000025,25.468350000000044,26.36847666666671,24.616202500000043,90.10462297376479,27.32992184,1,0,2013,6
2013-06-19,300.85812,298.28888,299.47293916666666,297.749345,0.028677940460000002,24,27.708120000000008,25.13888000000003,26.322939166666686,24.599345000000028,90.2562801744884,28.677940460000002,1,0,2013,6
2013-06-20,301.93964,298.93076,300.2201204166667,297.86779416666667,0.01509189597,24,28.78964000000002,25.780760000000043,27.070120416666725,24.717794166666692,86.98233499030155,15.09189597,1,0,2013,6
2013-06-21,301.77118,298.74133,300.0037183333333,297.80080625,0.019246578349999998,24,28.621180000000038,25.591330000000028,26.853718333333347,24.650806250000016,87.74425139765412,19.246578349999997,1,0,2013,6
2013-06-22,301.18283,298.73575,299.9380291666667,297.51060291666664,0.007586002386,24,28.032830000000047,25.58575000000002,26.788029166666718,24.360602916666664,86.56626529379054,7.586002386,1,0,2013,6
2013-06-23,302.11877,298.6368,299.9744133333333,297.67537875,0.007191658004,24,28.968770000000006,25.486800000000017,26.824413333333325,24.525378750000016,87.23824133503322,7.191658004,1,0,2013,6
2013-06-24,300.91785,298.85754,299.69157333333334,297.7636675,0.01177597044,24,27.76785000000001,25.707539999999995,26.54157333333336,24.61366750000002,89.17493170140008,11.77597044,1,0,2013,6
2013-06-25,300.45883,298.8333,299.35331708333337,297.5742716666667,0.01811218255,24,27.30883,25.68330000000003,26.20331708333339,24.424271666666698,89.94864622700608,18.11218255,1,0,2013,6
2013-06-26,300.3729,298.99368,299.7889975,297.73051208333334,0.02541399004,24,27.22290000000004,25.843680000000006,26.638997500000016,24.58051208333336,88.48817862355492,25.41399004,1,0,2013,6
2013-06-27,300.73627,299.01355,299.77334625,297.59918,0.01208400728,24,27.586270000000013,25.863550000000032,26.623346249999997,24.449180000000013,87.87586536004382,12.08400728,1,0,2013,6
2013-06-28,300.41663,298.70743,299.4785775,297.66647958333334,0.01867389684,24,27.26663000000002,25.55743000000001,26.328577499999994,24.516479583333364,89.77962255896276,18.673896839999998,1,0,2013,6
2013-06-29,301.35983,298.82938,299.8145925,297.7702716666667,0.01255178452,24,28.20983000000001,25.679380000000037,26.664592500000026,24.620271666666724,88.56529246751715,12.55178452,1,0,2013,6
2013-06-30,300.79224,298.54535,299.51828166666667,297.7482195833333,0.01250362405,24,27.642240000000015,25.395350000000008,26.36828166666669,24.598219583333332,90.00872235688732,12.50362405,1,0,2013,6
2013-07-01,300.9702,298.6898,299.47418791666666,297.5900066666666,0.01637077334,24,27.8202,25.539800000000014,26.324187916666688,24.440006666666648,89.39239013764983,16.37077334,1,0,2013,7
2013-07-02,301.85962,298.92218,300.12446374999996,298.0970604166667,0.00989961628,24,28.70962000000003,25.77218000000005,26.974463749999984,24.947060416666716,88.67955105275234,9.89961628,1,0,2013,7
2013-07-03,301.38733,299.62787,300.41785666666664,298.1610395833333,0.00514268874,24,28.237330000000043,26.477869999999996,27.26785666666666,25.011039583333343,87.49759881708506,5.14268874,1,0,2013,7
2013-07-04,301.04364,298.9385,299.98848208333334,297.9589245833333,0.00825166702,24,27.893640000000005,25.7885,26.83848208333336,24.80892458333335,88.65737521228438,8.251667020000001,1,0,2013,7
2013-07-05,300.94672,298.0938,299.41529166666663,297.3554120833333,0.008685588845,24,27.79672000000005,24.94380000000001,26.265291666666656,24.20541208333333,88.45065975443681,8.685588845,1,0,2013,7
2013-07-06,300.39777,298.51398,299.44439916666664,297.5126379166667,0.01117420193,24,27.247770000000003,25.363980000000026,26.294399166666665,24.3626379166667,89.13552732724311,11.17420193,1,0,2013,7
2013-07-07,301.05005,298.47925,299.5997854166667,297.83692625,0.01499891279,24,27.90005000000002,25.329250000000002,26.449785416666714,24.68692625,90.05325769059684,14.99891279,1,0,2013,7
2013-07-08,299.91962,298.5308,299.19643666666667,297.53414791666665,0.01016807558,24,26.76962000000003,25.380800000000022,26.046436666666693,24.384147916666677,90.56959985837912,10.16807558,1,0,2013,7
2013-07-09,300.93964,298.30896,299.4143075,297.52938875,0.01375341422,24,27.78964000000002,25.158960000000036,26.26430750000003,24.379388750000032,89.38397135524899,13.75341422,1,0,2013,7
2013-07-10,300.00983,298.39398,299.14096708333335,297.64137416666665,0.04919528981,24,26.859830000000045,25.243980000000022,25.990967083333373,24.491374166666674,91.45349704966821,49.19528981,1,0,2013,7
2013-07-11,299.54254,298.41852,298.88714666666664,297.48140125000003,0.05287838,24,26.392539999999997,25.268520000000024,25.73714666666666,24.331401250000056,91.9543850561751,52.87838,1,1,2013,7
2013-07-12,299.02585,298.39432,298.68855083333335,297.27219125,0.0743374826,24,25.875850000000014,25.244320000000016,25.538550833333375,24.122191250000014,91.8843590615134,74.3374826,1,1,2013,7
2013-07-13,300.27783,298.37842,299.0462029166667,297.13335208333336,0.01792287831,24,27.127830000000017,25.22842000000003,25.89620291666671,23.983352083333386,89.20649097879661,17.92287831,1,0,2013,7
2013-07-14,300.8248,298.14346,299.35401541666664,297.4789375,0.01023006442,24,27.674800000000005,24.993460000000027,26.204015416666664,24.328937499999995,89.43224587299257,10.23006442,1,0,2013,7
2013-07-15,300.51855,298.73743,299.4318183333333,297.39860416666664,0.0068516731099999995,24,27.368550000000027,25.58743000000004,26.28181833333332,24.248604166666667,88.59368112651788,6.851673109999999,1,0,2013,7
2013-07-16,300.14264,298.3836,299.07521291666666,297.14209958333333,0.03054141999,24,26.992639999999994,25.233600000000024,25.92521291666668,23.992099583333356,89.10007122862417,30.541419989999998,1,0,2013,7
2013-07-17,299.42838,298.31216,298.83167541666666,297.385135,0.03669452657,24,26.278380000000027,25.16216000000003,25.68167541666668,24.235135000000014,91.72634835404682,36.694526569999994,1,0,2013,7
2013-07-18,300.0534,298.2802,299.1468345833334,297.53105999999997,0.04768705394,24,26.903400000000033,25.130200000000002,25.996834583333396,24.38105999999999,90.81926609874732,47.68705394,1,0,2013,7
2013-07-19,299.3991,298.5066,298.9135175,297.53291583333333,0.0397162436,24,26.2491,25.356600000000014,25.763517500000034,24.382915833333357,92.09464662787511,39.7162436,1,0,2013,7
2013-07-20,299.59637,298.27283,298.921155,297.2860954166667,0.0433621406,24,26.44637,25.12283000000002,25.77115500000002,24.136095416666706,90.69943568119433,43.362140600000004,1,0,2013,7
2013-07-21,299.74103,298.62015,298.96614208333335,297.67068875,0.04581689811,24,26.591030000000046,25.470150000000046,25.816142083333375,24.520688750000033,92.56867090642132,45.81689811,1,0,2013,7
2013-07-22,300.305,298.4773,299.0653879166667,297.54479291666667,0.02256965638,24,27.15500000000003,25.327300000000037,25.915387916666702,24.394792916666688,91.33383533917753,22.56965638,1,0,2013,7
2013-07-23,299.42172,298.73703,298.99544166666664,297.6211229166667,0.0764417647,24,26.271720000000016,25.587030000000027,25.84544166666666,24.47112291666673,92.13395080193439,76.4417647,1,1,2013,7
2013-07-24,299.78723,298.58704,299.1505504166667,297.61692166666666,0.04299306858,24,26.637230000000045,25.437040000000025,26.000550416666727,24.46692166666668,91.26777893659546,42.99306858,1,0,2013,7
2013-07-25,300.31256,298.7085,299.13669666666664,297.6177891666667,0.02366971971,24,27.162560000000042,25.558500000000038,25.98669666666666,24.467789166666705,91.34746502068221,23.66971971,1,0,2013,7
2013-07-26,301.36023,298.94995,299.8374841666667,297.5176645833333,0.01372528079,24,28.210230000000024,25.799950000000024,26.687484166666707,24.36766458333335,87.11747570125496,13.725280790000001,1,0,2013,7
2013-07-27,300.76187,298.99356,299.56586875,297.645365,0.02708435072,24,27.61187000000001,25.843560000000025,26.415868750000016,24.49536500000005,89.20492883215398,27.08435072,1,0,2013,7
2013-07-28,299.9005,298.5171,299.0955783333333,297.49976791666666,0.02710056286,24,26.750500000000045,25.36710000000005,25.945578333333344,24.34976791666668,90.92473584871362,27.10056286,1,0,2013,7
2013-07-29,301.12708,298.40652,299.60643708333333,297.2167675,0.01710414888,24,27.97708,25.256520000000023,26.456437083333356,24.066767500000026,86.73204736862728,17.10414888,1,0,2013,7
2013-07-30,300.35736,298.20544,299.19407625,297.1932225,0.01805448529,24,27.20736000000005,25.055440000000033,26.044076250000046,24.043222500000013,88.74715857790032,18.05448529,1,0,2013,7
2013-07-31,299.22888,298.45853,298.86566,297.16694041666665,0.03400993344,24,26.078880000000026,25.30853000000002,25.715660000000014,24.01694041666667,90.34939409969124,34.00993344,1,0,2013,7
2013-08-01,299.4956,298.14868,298.67821,296.72818083333334,0.03164625141,24,26.345600000000047,24.998680000000036,25.52821,23.578180833333363,88.9787641655863,31.646251409999998,1,0,2013,8
2013-08-02,299.6433,297.9965,298.7585441666667,296.3770366666667,0.027677536,24,26.493300000000033,24.84650000000005,25.608544166666718,23.22703666666672,86.6965989853856,27.677536,1,0,2013,8
2013-08-03,300.4949,297.7881,298.9345816666667,296.9624416666667,0.00831794739,24,27.344899999999996,24.63810000000001,25.784581666666725,23.8124416666667,88.8802106912165,8.31794739,1,0,2013,8
2013-08-04,300.09863,297.52185,298.5514758333333,296.76707749999997,0.006256103544,24,26.948630000000037,24.371849999999995,25.401475833333336,23.617077499999994,89.86255321768044,6.256103544,1,0,2013,8
2013-08-05,300.40018,297.80655,299.05050750000004,296.94281041666665,0.0044183731,24,27.25018,24.65655000000004,25.90050750000006,23.79281041666667,88.16691939552402,4.4183731,1,0,2013,8
2013-08-06,300.78632,297.93607,299.0359245833333,296.84174624999997,0.006896495786,24,27.636320000000012,24.786069999999995,25.88592458333335,23.691746249999994,87.70752876141381,6.896495786,1,0,2013,8
2013-08-07,300.48676,297.72745,299.05820458333335,297.07306083333333,0.0089645386,24,27.336760000000027,24.57745,25.908204583333372,23.923060833333352,88.82034655270093,8.964538600000001,1,0,2013,8
2013-08-08,300.57153,297.91113,299.2381225,297.0690558333333,0.009534358965,24,27.42153000000002,24.761130000000037,26.088122499999997,23.919055833333346,87.85750449207615,9.534358965,1,0,2013,8
2013-08-09,300.23578,298.03763,299.20163,297.11244416666665,0.01521015161,24,27.08578,24.88763,26.051630000000046,23.96244416666667,88.27765533303095,15.21015161,1,0,2013,8
2013-08-10,299.9239,298.2422,298.977005,297.1240625,0.02096986762,24,26.773900000000026,25.092200000000048,25.827005000000042,23.974062500000002,89.52327650236066,20.96986762,1,0,2013,8
2013-08-11,300.21906,298.38922,299.11057,297.19635791666667,0.01544046392,24,27.069060000000036,25.239220000000046,25.96057000000002,24.046357916666693,89.20407641866059,15.44046392,1,0,2013,8
2013-08-12,300.4744,298.1526,299.1372983333333,297.33309041666666,0.01655483255,24,27.324400000000026,25.00260000000003,25.987298333333342,24.183090416666687,89.7975463323931,16.55483255,1,0,2013,8
2013-08-13,299.77896,298.11505,298.893655,297.20064125,0.02278757099,24,26.628960000000006,24.96505000000002,25.743655000000047,24.050641250000012,90.38229963028203,22.78757099,1,0,2013,8
2013-08-14,300.25055,298.32678,299.05412916666666,297.23765625,0.01422357558,24,27.10055,25.176780000000008,25.904129166666678,24.08765625000001,89.72540955916017,14.22357558,1,0,2013,8
2013-08-15,300.8451,298.3478,299.45724083333334,297.329745,0.014354705783,24,27.695100000000025,25.19780000000003,26.307240833333367,24.179745000000025,88.09571861431834,14.354705783,1,0,2013,8
2013-08-16,300.98752,298.41846,299.38684916666665,297.1261754166667,0.01120185851,24,27.83752000000004,25.268460000000005,26.236849166666673,23.976175416666706,87.38749040580514,11.201858510000001,1,0,2013,8
2013-08-17,300.23566,298.3908,299.11677000000003,297.45409624999996,0.02296161632,24,27.08566000000002,25.240800000000036,25.966770000000054,24.304096249999986,90.56218648723804,22.96161632,1,0,2013,8
2013-08-18,301.2563,298.38745,299.33493375,297.292365,0.01230525971,24,28.106300000000033,25.237450000000024,26.184933750000027,24.14236500000004,88.53618187152365,12.30525971,1,0,2013,8
2013-08-19,300.9552,298.12662,299.5057566666667,297.1102725,0.004090309161,24,27.805200000000013,24.976620000000025,26.355756666666707,23.96027250000003,86.69246883900718,4.090309161,1,0,2013,8
2013-08-20,301.25055,298.66284,299.8066779166667,297.06167208333335,0.00406932833,24,28.10055,25.51284000000004,26.656677916666695,23.91167208333337,84.91776995391538,4.06932833,1,0,2013,8
2013-08-21,300.92456,298.27368,299.3557525,296.78452583333336,0.00611782071,24,27.774560000000008,25.123680000000036,26.205752500000017,23.634525833333385,85.76561134996302,6.11782071,1,0,2013,8
2013-08-22,301.47507,298.2273,299.64117208333334,297.04676875,0.00391530993,24,28.32507000000004,25.077300000000037,26.491172083333367,23.896768750000035,85.67401827613237,3.9153099300000003,1,0,2013,8
2013-08-23,300.8188,298.41016,299.6129516666667,297.06676583333336,0.003723144534,24,27.668800000000033,25.26016000000004,26.462951666666697,23.916765833333386,85.920181991592,3.723144534,1,0,2013,8
2013-08-24,300.39197,298.05838,299.2884216666667,297.0558241666667,0.006505966152,24,27.241970000000038,24.908380000000022,26.138421666666716,23.90582416666672,87.52660988896923,6.505966151999999,1,0,2013,8
2013-08-25,299.48767,297.75824,298.6804466666667,296.89232583333336,0.009869575522,24,26.337670000000003,24.608240000000023,25.530446666666705,23.742325833333382,89.85163914030167,9.869575522,1,0,2013,8
2013-08-26,300.64764,298.40802,299.3818175,296.75221125,0.004943847706,24,27.497640000000047,25.258020000000045,26.231817500000034,23.60221125000004,85.46679275454838,4.943847706000001,1,0,2013,8
2013-08-27,301.0434,297.68756,299.38980166666664,297.173475,0.003274917593,24,27.893400000000042,24.537560000000042,26.239801666666665,24.02347500000002,87.62108366022571,3.2749175929999996,1,0,2013,8
2013-08-28,300.81116,297.82056,299.255275,297.0783704166667,0.003843307494,24,27.661159999999995,24.670560000000023,26.105275000000006,23.928370416666723,87.8175392218242,3.843307494,1,0,2013,8
2013-08-29,300.86087,297.87115,299.38735625,296.92986291666665,0.005414485934,24,27.71087,24.721150000000023,26.237356250000005,23.779862916666673,86.35849673994053,5.414485934,1,0,2013,8
2013-08-30,301.37988,298.06757,299.60340583333334,297.14821166666667,0.004036903394,24,28.229880000000037,24.917570000000012,26.453405833333363,23.99821166666669,86.39079995954059,4.036903393999999,1,0,2013,8
2013-08-31,301.82327,298.00446,299.8510675,296.75998208333334,0.0027370452829,24,28.673270000000002,24.854460000000017,26.701067500000022,23.609982083333364,83.17060215159573,2.7370452829,1,0,2013,8
2013-09-01,302.26077,297.24597,300.1461620833333,296.72898541666666,0.002001285557,24,29.110770000000002,24.095970000000023,26.99616208333333,23.578985416666683,81.58557879921945,2.001285557,1,0,2013,9
2013-09-02,302.53088,297.66635,300.171655,296.82260333333335,0.001733303071,24,29.380880000000047,24.516350000000045,27.02165500000001,23.67260333333337,81.92453636157025,1.733303071,1,0,2013,9
2013-09-03,302.61066,298.23547,300.26417625,296.77340083333337,0.002176761628,24,29.46066000000002,25.085470000000043,27.114176250000014,23.623400833333392,81.23891609600027,2.176761628,1,0,2013,9
2013-09-04,301.28534,298.18735,299.62581375,296.6314466666667,0.004399776452,24,28.135340000000042,25.037350000000004,26.475813750000043,23.481446666666727,83.63188885231695,4.399776452,1,0,2013,9
2013-09-05,300.56213,297.56543,298.89753,296.7923675,0.00563526155,24,27.412130000000047,24.415430000000015,25.74753000000004,23.642367500000034,88.16772168492545,5.63526155,1,0,2013,9
2013-09-06,300.79492,297.66736,299.24482041666664,296.7427525,0.00481557847,24,27.644920000000013,24.517359999999996,26.094820416666664,23.592752500000017,86.11325777596564,4.81557847,1,0,2013,9
2013-09-07,302.06506,297.17255,299.5027983333333,296.56862541666663,0.00166797637376,24,28.91506000000004,24.022550000000024,26.35279833333334,23.418625416666657,83.92277470577082,1.66797637376,1,0,2013,9
2013-09-08,302.313,297.4675,300.07526375000003,296.7294058333334,0.00096964834556,24,29.16300000000001,24.317499999999995,26.925263750000056,23.579405833333396,81.92859993953768,0.96964834556,0,0,2013,9
2013-09-09,302.1477,298.69324,300.37235458333333,296.81321166666663,0.0017840862169999998,24,28.99770000000001,25.543240000000026,27.222354583333356,23.663211666666655,80.9184026995401,1.7840862169999998,1,0,2013,9
2013-09-10,300.61926,298.55133,299.63549458333335,297.50467791666665,0.01870441439,24,27.46926000000002,25.40133000000003,26.485494583333377,24.354677916666674,88.09297220220913,18.70441439,1,0,2013,9
2013-09-11,301.8047,298.42633,299.7694016666667,297.0313145833333,0.01559877395,24,28.654700000000048,25.27633000000003,26.619401666666704,23.881314583333335,84.94928408389545,15.59877395,1,0,2013,9
2013-09-12,303.28546,298.03943,300.50034791666667,297.79459291666666,0.00151395798022,24,30.135460000000023,24.889430000000004,27.350347916666692,24.64459291666668,85.18906931458613,1.51395798022,1,0,2013,9
2013-09-13,303.9905,298.6991,300.7781654166667,297.75203625,0.0015187263712,24,30.84050000000002,25.54910000000001,27.628165416666718,24.602036250000026,83.60041424722414,1.5187263711999999,1,0,2013,9
2013-09-14,303.359,299.01642,300.62619375,298.18249166666664,0.00638914112796,24,30.209000000000003,25.866420000000005,27.47619375000005,25.032491666666658,86.54583830407528,6.38914112796,1,0,2013,9
2013-09-15,302.36606,298.53967,299.78343708333335,297.63666374999997,0.01575040817166,24,29.216060000000027,25.389670000000024,26.633437083333376,24.48666374999999,88.02106907689368,15.750408171659998,1,0,2013,9
2013-09-16,301.8843,298.136,299.7374633333333,297.51246041666667,0.013219356448,24,28.73430000000002,24.986000000000047,26.587463333333346,24.362460416666693,87.60541171744703,13.219356448,1,0,2013,9
2013-09-17,302.5665,298.13675,299.88541291666667,297.5150908333333,0.0111966132877,24,29.416500000000042,24.98675000000003,26.73541291666669,24.36509083333334,86.8583630734221,11.1966132877,1,0,2013,9
2013-09-18,301.64996,297.99878,299.52135375,297.65990916666664,0.019585132773,24,28.499960000000044,24.848780000000033,26.371353750000026,24.50990916666666,89.51775191955073,19.585132772999998,1,0,2013,9
2013-09-19,300.8683,297.84497,299.30027666666666,297.59704,0.01524543758,24,27.7183,24.694970000000012,26.150276666666684,24.447040000000015,90.35456378912724,15.24543758,1,0,2013,9
2013-09-20,302.8166,297.72656,300.2762883333333,297.83344916666664,0.0101947784455,24,29.666600000000017,24.57656000000003,27.12628833333332,24.683449166666662,86.51780419425525,10.194778445499999,1,0,2013,9
2013-09-21,302.2647,299.97595,300.93709416666667,297.54232875,0.0030713081443,24,29.114700000000028,26.825950000000034,27.78709416666669,24.392328750000047,81.7927642613917,3.0713081443,1,0,2013,9
2013-09-22,301.55634,299.48343,300.4334779166667,297.0711508333333,0.005456924466,24,28.40634,26.33343000000002,27.283477916666698,23.921150833333343,81.89088030413433,5.456924466,1,0,2013,9
2013-09-23,300.88538,299.3137,300.01419375,296.62609541666666,0.00558614729,24,27.73538000000002,26.163700000000006,26.864193750000027,23.47609541666668,81.71258614042567,5.58614729,1,0,2013,9
2013-09-24,300.93234,299.08496,299.97148208333334,296.6700470833334,0.01470041273,24,27.782340000000033,25.934960000000046,26.821482083333365,23.520047083333395,82.13590772301667,14.70041273,1,0,2013,9
2013-09-25,301.04132,298.62836,299.4547429166667,296.9431054166667,0.003981590278,24,27.891320000000007,25.47836000000001,26.304742916666726,23.79310541666672,86.08375705509673,3.981590278,1,0,2013,9
2013-09-26,301.81732,298.396,299.67527,297.16096791666666,0.004752635977,24,28.667320000000018,25.246000000000038,26.525270000000035,24.010967916666687,86.09112647690507,4.752635977,1,0,2013,9
2013-09-27,301.39862,298.09082,299.5933616666667,297.03500375,0.004944324484,24,28.248620000000017,24.94082000000003,26.443361666666704,23.88500375000001,85.85536856083206,4.944324484,1,0,2013,9
2013-09-28,301.93365,298.16867,299.82866416666667,297.004435,0.003309726706,24,28.783650000000023,25.018670000000043,26.678664166666692,23.854435000000024,84.5161533651164,3.309726706,1,0,2013,9
2013-09-29,301.15137,298.38028,299.52044041666664,297.2838620833333,0.00470685962,24,28.00137000000001,25.23028000000005,26.370440416666668,24.133862083333327,87.52580600243701,4.70685962,1,0,2013,9
2013-09-30,302.79337,298.29504,300.27304375,297.34977250000003,0.002881526962,24,29.643370000000004,25.145039999999995,27.123043750000022,24.19977250000005,84.06189252844298,2.881526962,1,0,2013,9
2013-10-01,302.46558,298.90384,300.47691749999996,297.2826175,0.004223346697,24,29.31558000000001,25.753840000000025,27.32691749999998,24.132617500000038,82.72748085224528,4.223346696999999,1,0,2013,10
2013-10-02,302.56766,298.47745,300.3100954166667,297.1318066666667,0.002664566032,24,29.417660000000012,25.32745,27.160095416666707,23.981806666666728,82.7877056695855,2.664566032,1,0,2013,10
2013-10-03,302.90228,298.9386,300.8778429166667,297.17606,0.00068759918452,24,29.75228000000004,25.78860000000003,27.727842916666702,24.02606000000003,80.29154608735314,0.68759918452,0,0,2013,10
2013-10-04,302.1734,299.189,300.25354208333334,296.82320583333336,0.00491762167156,24,29.023400000000038,26.039000000000044,27.103542083333366,23.673205833333384,81.53414235641779,4.91762167156,1,0,2013,10
2013-10-05,302.57202,298.70374,300.29992,297.14398208333336,0.00046682358008,24,29.422020000000032,25.553740000000005,27.14992000000001,23.99398208333338,82.89787252015712,0.46682358007999997,0,0,2013,10
2013-10-06,302.84045,298.1745,300.21635375,297.56228541666667,0.003776550278,24,29.69045,25.024500000000046,27.06635375000002,24.41228541666669,85.42456315970342,3.7765502779999998,1,0,2013,10
2013-10-07,302.79037,297.746,300.26180125,297.56877125,0.00177717209,24,29.64037000000002,24.596000000000004,27.111801250000042,24.41877125000002,85.22985356388757,1.7771720899999999,1,0,2013,10
2013-10-08,303.37292,298.32986,300.6042479166667,297.23349583333334,0.001264572147,24,30.222920000000045,25.17986000000002,27.454247916666702,24.08349583333336,81.87017025244155,1.264572147,1,0,2013,10
2013-10-09,302.59183,298.01025,300.2556675,296.9150041666667,0.002098560338,24,29.44183000000004,24.860250000000008,27.105667500000038,23.7650041666667,81.97615199283166,2.098560338,1,0,2013,10
2013-10-10,302.0213,298.15164,299.9720095833333,296.06178666666665,0.0030989647046,24,28.87130000000002,25.00164000000001,26.82200958333334,22.91178666666667,79.16659251195657,3.0989647045999997,1,0,2013,10
2013-10-11,302.05762,297.67682,299.66176291666665,296.546925,0.006154060381,24,28.90762000000001,24.526820000000043,26.51176291666667,23.39692500000001,83.02978557194945,6.154060381,1,0,2013,10
2013-10-12,302.93512,297.93677,300.03412958333337,296.3839533333333,0.0016512870631199999,24,29.785120000000006,24.786770000000047,26.88412958333339,23.233953333333318,80.43137187332938,1.6512870631199998,1,0,2013,10
2013-10-13,303.00543,298.02847,300.17019,297.3163408333333,0.002855300904,24,29.855430000000013,24.87847000000005,27.020190000000014,24.166340833333322,84.40197396653895,2.8553009040000004,1,0,2013,10
2013-10-14,303.16183,298.30585,300.4648279166667,297.5739508333333,0.002465724941,24,30.01183000000003,25.155850000000044,27.31482791666673,24.423950833333322,84.24611209704057,2.465724941,1,0,2013,10
2013-10-15,302.64,298.51843,300.42165125,297.7061595833333,0.0027790069566,24,29.49000000000001,25.368430000000046,27.271651250000048,24.55615958333334,85.13144356734985,2.7790069566,1,0,2013,10
2013-10-16,302.93597,298.2201,300.20427125,297.66070125,0.0019450187708,24,29.78597000000002,25.070100000000025,27.05427125,24.51070125000001,85.9908754515482,1.9450187708,1,0,2013,10
2013-10-17,305.08197,298.86603,301.52102666666667,298.1630191666667,0.0011711120362,24,31.931970000000035,25.716030000000046,28.371026666666694,25.01301916666671,82.04357771732816,1.1711120362,1,0,2013,10
2013-10-18,306.61133,299.63028,302.34540375,297.48561125,0.0,24,33.46133000000003,26.48028000000005,29.195403750000025,24.33561125,75.1044323452877,0.0,0,0,2013,10
2013-10-19,306.62146,297.82468,302.00792,296.9588975,0.0,24,33.471460000000036,24.674680000000023,28.857920000000036,23.8088975,74.20092817090045,0.0,0,0,2013,10
2013-10-20,306.09863,298.0483,301.80426416666666,296.8410308333333,3.4332275e-05,24,32.94863000000004,24.898300000000006,28.654264166666678,23.691030833333343,74.55206554456403,0.034332275,0,0,2013,10
2013-10-21,306.22003,298.19977,301.71655208333334,295.91648333333336,0.0,24,33.07003000000003,25.049770000000024,28.566552083333363,22.766483333333383,70.85814234470243,0.0,0,0,2013,10
2013-10-22,306.1104,296.4984,301.21908666666667,294.3719645833333,0.0,24,32.96040000000005,23.348400000000026,28.069086666666692,21.221964583333317,66.37821645134323,0.0,0,0,2013,10
2013-10-23,305.87674,296.64136,301.44356,294.22426666666667,0.0,24,32.72674000000001,23.491360000000043,28.293560000000014,21.074266666666688,64.92354051632515,0.0,0,0,2013,10
2013-10-24,305.79788,298.0193,301.73061416666667,296.0085666666667,0.0,24,32.64788000000004,24.86930000000001,28.58061416666669,22.858566666666718,71.19687609234144,0.0,0,0,2013,10
2013-10-25,305.52118,298.31427,301.7050125,296.1612075,5.38825989e-05,24,32.37118000000004,25.164270000000045,28.555012500000032,23.011207500000012,71.96564526796645,0.053882598899999995,0,0,2013,10
2013-10-26,303.77905,298.42328,301.23945125,297.65338375,0.00174903870436,24,30.629050000000007,25.27328,28.089451250000025,24.503383750000012,80.89785424720158,1.74903870436,1,0,2013,10
2013-10-27,303.5092,298.57687,300.65887833333335,297.59048624999997,0.00193738935708,24,30.359200000000044,25.426870000000008,27.50887833333337,24.440486249999992,83.37573865141341,1.93738935708,1,0,2013,10
2013-10-28,302.87454,298.41003,300.4644279166667,297.49575208333334,0.00158214569002,24,29.724540000000047,25.26003000000003,27.314427916666716,24.345752083333366,83.85401183560427,1.58214569002,1,0,2013,10
2013-10-29,304.07532,298.04163,300.95724791666663,296.99086958333334,1.430511496e-05,24,30.92532,24.89163000000002,27.807247916666654,23.840869583333358,79.03418613758389,0.01430511496,0,0,2013,10
2013-10-30,305.2916,297.70398,300.98501416666664,295.7872591666667,0.0,24,32.14160000000004,24.553980000000024,27.835014166666667,22.637259166666695,73.36677588595708,0.0,0,0,2013,10
2013-10-31,305.36624,297.87726,301.0627025,294.35879708333334,0.0,24,32.21624000000003,24.72726,27.912702500000023,21.208797083333366,66.93281281944711,0.0,0,0,2013,10
2013-11-01,305.23602,296.57886,300.52791333333334,293.1310358333333,0.0,24,32.08602000000002,23.428860000000043,27.377913333333368,19.98103583333335,64.02323378211628,0.0,0,0,2013,11
2013-11-02,305.7236,295.42108,300.5226329166667,293.6070104166667,0.0,24,32.5736,22.27108000000004,27.372632916666703,20.45701041666672,65.95695924050948,0.0,0,0,2013,11
2013-11-03,306.3736,296.823,301.397445,294.70720083333333,0.0,24,33.22360000000003,23.673000000000002,28.247445000000027,21.557200833333354,67.0559272111954,0.0,0,0,2013,11
2013-11-04,306.13916,298.26923,301.80291958333333,295.5157316666667,0.0,24,32.98916000000003,25.119230000000016,28.652919583333357,22.365731666666704,68.8068737449392,0.0,0,0,2013,11
2013-11-05,306.08853,297.67847,301.2823920833333,294.83367791666666,0.0,24,32.938530000000014,24.528470000000027,28.132392083333343,21.68367791666668,68.03181702314821,0.0,0,0,2013,11
2013-11-06,305.33575,296.71576,300.64308083333333,294.6491325,0.0,24,32.18575000000004,23.56576000000001,27.49308083333335,21.49913250000003,69.8286934954791,0.0,0,0,2013,11
2013-11-07,305.25192,296.98572,300.415135,294.53459541666666,0.0,24,32.10192000000001,23.835720000000038,27.265135000000043,21.384595416666684,70.27321810863926,0.0,0,0,2013,11
2013-11-08,305.11536,296.63937,300.24338125,294.7481625,0.0,24,31.965360000000032,23.489370000000008,27.09338125000005,21.5981625,71.92062239763261,0.0,0,0,2013,11
2013-11-09,304.82877,296.2555,300.2717425,294.47472625,0.0,24,31.678770000000043,23.105500000000006,27.12174250000004,21.324726250000026,70.60764865333111,0.0,0,0,2013,11
2013-11-10,305.4501,295.98883,300.0139095833334,292.24199333333337,0.0,24,32.30010000000004,22.83883000000003,26.863909583333395,19.09199333333339,62.436909902676796,0.0,0,0,2013,11
2013-11-11,304.83087,295.08926,299.3471054166667,291.59990999999997,0.0,24,31.680870000000027,21.939260000000047,26.197105416666716,18.44990999999999,62.385960329671164,0.0,0,0,2013,11
2013-11-12,304.53732,295.10162,299.3847225,291.67912333333334,0.0,24,31.387320000000045,21.951620000000048,26.234722500000032,18.52912333333336,62.55717290220528,0.0,0,0,2013,11
2013-11-13,304.4292,294.60602,298.89946125,292.0627729166667,0.0,24,31.279200000000003,21.456020000000024,25.749461250000024,18.91277291666671,65.94602240673606,0.0,0,0,2013,11
2013-11-14,304.5937,294.4765,299.01607333333334,291.94919375,0.0,24,31.443700000000035,21.32650000000001,25.86607333333336,18.79919375000003,65.0280458985077,0.0,0,0,2013,11
2013-11-15,304.54175,294.64597,299.1791870833333,291.27947666666665,0.0,24,31.391750000000002,21.49597,26.02918708333334,18.129476666666676,61.75421445895232,0.0,0,0,2013,11
2013-11-16,304.3604,294.7113,298.7315858333333,288.5987070833333,0.0,24,31.21040000000005,21.561300000000017,25.58158583333335,15.448707083333318,53.48834238219043,0.0,0,0,2013,11
2013-11-17,304.75647,292.54922,298.54464083333335,288.56235083333337,0.0,24,31.60647,19.399220000000014,25.39464083333337,15.412350833333392,53.96023789127881,0.0,0,0,2013,11
2013-11-18,305.2475,296.13657,300.2960445833333,291.5180829166667,0.0,24,32.097500000000025,22.98657000000003,27.14604458333332,18.368082916666708,58.69010485675823,0.0,0,0,2013,11
2013-11-19,305.9801,296.18542,300.3665125,292.75132833333333,0.0,24,32.830100000000016,23.035420000000045,27.21651250000002,19.601328333333356,63.127006717072724,0.0,0,0,2013,11
2013-11-20,304.99158,294.75873,299.10712374999997,291.71941625,0.0,24,31.84158000000002,21.608730000000037,25.957123749999994,18.569416250000017,63.7544447491202,0.0,0,0,2013,11
2013-11-21,304.35977,293.72852,298.4946775,290.91048666666666,0.0,24,31.20977000000005,20.578520000000026,25.344677500000046,17.76048666666668,62.839287138846615,0.0,0,0,2013,11
2013-11-22,305.54657,292.72308,298.6762508333333,290.28819500000003,0.0,24,32.39657,19.573080000000004,25.526250833333336,17.138195000000053,59.76728302834567,0.0,0,0,2013,11
2013-11-23,304.5868,293.17386,298.80582,290.4429525,0.0,24,31.436800000000005,20.023860000000013,25.655820000000006,17.292952500000013,59.89274794791401,0.0,0,0,2013,11
2013-11-24,304.94843,294.4514,299.75195333333335,292.36453375,0.0,24,31.798429999999996,21.3014,26.60195333333337,19.214533750000044,63.894525251344184,0.0,0,0,2013,11
2013-11-25,304.49716,297.29187,300.80596625,295.2545554166667,0.0,24,31.34716000000003,24.14187000000004,27.655966250000006,22.1045554166667,71.7736186462185,0.0,0,0,2013,11
2013-11-26,304.60718,297.95865,301.06671625,296.17876375,0.0002155303995,24,31.45718000000005,24.80865,27.916716250000036,23.028763749999996,74.77215554038992,0.2155303995,0,0,2013,11
2013-11-27,304.9544,298.33746,301.13181125,295.86559625,4.19616703e-05,24,31.804400000000044,25.187460000000044,27.98181125000002,22.715596250000033,73.08726014737712,0.041961670300000004,0,0,2013,11
2013-11-28,305.5462,296.71976,300.75819583333333,292.81500208333335,0.0,24,32.39620000000002,23.56976000000003,27.608195833333355,19.665002083333377,61.938583022437356,0.0,0,0,2013,11
2013-11-29,304.1491,293.4688,299.07644458333334,289.44867041666663,0.0,24,30.9991,20.31880000000001,25.926444583333364,16.298670416666653,55.332337723774735,0.0,0,0,2013,11
2013-11-30,304.61353,297.8241,300.85800166666667,293.89079875,5.72204586e-06,24,31.46353000000005,24.67410000000001,27.70800166666669,20.74079875000001,65.816237999448,0.00572204586,0,0,2013,11
2013-12-01,304.98303,297.2063,300.928695,295.68410416666666,8.058548049999999e-05,24,31.833030000000008,24.05630000000002,27.778695000000027,22.53410416666668,73.1487098651371,0.08058548049999999,0,0,2013,12
2013-12-02,304.4439,298.3802,300.8670329166667,295.55453833333337,3.2901762960000004e-05,24,31.293900000000008,25.230200000000025,27.71703291666671,22.40453833333339,72.83668807738593,0.032901762960000004,0,0,2013,12
2013-12-03,304.45905,296.5722,300.43721875,293.5758225,0.0,24,31.309050000000013,23.422200000000032,27.287218750000022,20.425822500000038,66.1606959249087,0.0,0,0,2013,12
2013-12-04,304.98627,297.3341,300.6047016666667,293.6961979166667,0.0005960464566,24,31.836270000000013,24.1841,27.454701666666722,20.5461979166667,66.002795229451,0.5960464566,0,0,2013,12
2013-12-05,305.20776,296.73242,300.51942291666666,293.96825958333335,0.0,24,32.05776000000003,23.582420000000013,27.36942291666668,20.818259583333372,67.4555549453207,0.0,0,0,2013,12
2013-12-06,304.67065,296.15784,299.66713250000004,292.14281375,0.0,24,31.520650000000046,23.007840000000044,26.51713250000006,18.99281375000004,63.332839376254896,0.0,0,0,2013,12
2013-12-07,303.53796,293.18475,298.264115,289.88048166666664,0.0,24,30.38796000000002,20.03475000000003,25.114115000000027,16.730481666666662,59.68813406849429,0.0,0,0,2013,12
2013-12-08,303.41364,291.85333,296.99718416666667,287.9348429166667,0.0,24,30.26364000000001,18.70333000000005,23.847184166666693,14.784842916666719,56.85428009303377,0.0,0,0,2013,12
2013-12-09,304.24066,291.14172,297.0805991666667,287.60136125,0.0,24,31.090660000000014,17.991720000000043,23.930599166666696,14.451361250000048,55.36432022468661,0.0,0,0,2013,12
2013-12-10,304.334,290.92184,297.26397333333335,287.6667375,0.0,24,31.184000000000026,17.771839999999997,24.113973333333377,14.516737500000033,54.98923117833796,0.0,0,0,2013,12
2013-12-11,304.18042,291.1128,297.31657291666664,288.019515,0.0,24,31.03042000000005,17.962800000000016,24.166572916666667,14.869515000000035,56.0781956047915,0.0,0,0,2013,12
2013-12-12,303.90295,291.265,297.1553775,287.0384979166667,0.0,24,30.75295,18.11500000000001,24.00537750000001,13.888497916666722,53.14167824527099,0.0,0,0,2013,12
2013-12-13,303.51166,290.30444,296.33299666666665,286.09398625,0.0,24,30.36166000000003,17.154440000000022,23.182996666666668,12.943986250000023,52.50941746220533,0.0,0,0,2013,12
2013-12-14,304.07095,290.1727,296.42187458333336,286.893705,0.0,24,30.920950000000005,17.022700000000043,23.271874583333386,13.743705000000034,55.02442037047436,0.0,0,0,2013,12
2013-12-15,304.716,289.86792,296.862145,287.4757191666667,0.0,24,31.56600000000003,16.71792000000005,23.71214500000002,14.325719166666715,55.64320856033943,0.0,0,0,2013,12
2013-12-16,304.52045,290.29474,297.0031525,288.00770166666666,0.0,24,31.370450000000005,17.144740000000013,23.85315250000002,14.857701666666685,57.10148109663827,0.0,0,0,2013,12
2013-12-17,303.7397,290.43454,296.9826029166667,287.60374458333337,0.0,24,30.58970000000005,17.28454000000005,23.8326029166667,14.453744583333389,55.70039010455122,0.0,0,0,2013,12
2013-12-18,303.53656,290.55524,296.77366083333334,287.25160958333333,0.0,24,30.38656000000003,17.40524000000005,23.62366083333336,14.101609583333357,55.13448050085694,0.0,0,0,2013,12
2013-12-19,303.223,292.04938,296.85908416666666,288.43925958333335,0.0,24,30.073000000000036,18.899380000000008,23.709084166666685,15.289259583333376,59.22116528819268,0.0,0,0,2013,12
2013-12-20,302.88867,291.52933,296.4130558333333,289.99955625,0.0,24,29.738670000000013,18.37933000000004,23.26305583333334,16.849556250000035,67.21142192549259,0.0,0,0,2013,12
2013-12-21,301.88147,292.04922,296.2264166666667,289.69646833333337,4.291534300000001e-06,24,28.73147,18.899220000000014,23.076416666666717,16.546468333333394,66.67792552469186,0.004291534300000001,0,0,2013,12
2013-12-22,302.81946,290.86398,296.42882000000003,287.2616620833333,0.0,24,29.669460000000015,17.71398000000005,23.278820000000053,14.111662083333329,56.3311428381447,0.0,0,0,2013,12
2013-12-23,303.48813,291.97467,297.4180216666667,288.72391625,0.0,24,30.338130000000035,18.824670000000026,24.268021666666698,15.573916250000025,58.31942661395906,0.0,0,0,2013,12
2013-12-24,303.32324,293.09702,297.56154791666665,289.99454833333334,0.0,24,30.17324000000002,19.94702000000001,24.411547916666677,16.844548333333364,62.7013258659145,0.0,0,0,2013,12
2013-12-25,303.43765,292.42123,297.4229695833333,290.43314625,0.0,24,30.287650000000042,19.271230000000003,24.27296958333335,17.283146250000016,65.00664126350453,0.0,0,0,2013,12
2013-12-26,303.37646,293.14172,297.73496958333334,290.9946825,0.0,24,30.22646000000003,19.991720000000043,24.58496958333336,17.844682500000033,66.10466732896964,0.0,0,0,2013,12
2013-12-27,302.04724,293.70276,297.1220325,291.54150666666663,0.0,24,28.89724000000001,20.552760000000035,23.97203250000001,18.391506666666658,70.97969421580636,0.0,0,0,2013,12
2013-12-28,301.46857,292.7119,296.5793704166667,288.50596333333334,0.0,24,28.318570000000022,19.561900000000037,23.4293704166667,15.355963333333364,60.48749691669114,0.0,0,0,2013,12
2013-12-29,301.54236,292.66583,296.35136875,289.60375708333333,0.0,24,28.392359999999996,19.51583000000005,23.20136875000003,16.453757083333358,65.78626587291575,0.0,0,0,2013,12
2013-12-30,299.96045,293.98303,296.288815,291.77195625,0.0,24,26.810450000000003,20.833030000000008,23.138815000000022,18.62195625000004,75.72481195806627,0.0,0,0,2013,12
2013-12-31,300.98648,292.89,296.33901,290.51506375,0.0,24,27.836479999999995,19.74000000000001,23.189009999999996,17.365063750000047,69.75436746026828,0.0,0,0,2013,12
2014-01-01,302.97296,291.97192,296.9618845833333,289.9647470833333,0.0,24,29.822960000000023,18.821920000000034,23.811884583333324,16.814747083333316,64.87861216014598,0.0,0,0,2014,1
2014-01-02,303.22998,293.76352,297.9582408333333,290.93557,0.0,24,30.079980000000035,20.61352000000005,24.808240833333343,17.785570000000007,64.98517390595752,0.0,0,0,2014,1
2014-01-03,303.47778,293.42877,298.0850441666667,290.9291133333333,0.0,24,30.32778000000002,20.27877000000001,24.935044166666728,17.779113333333328,64.4685195878737,0.0,0,0,2014,1
2014-01-04,302.10217,293.3302,297.08260083333334,292.12074583333333,0.0,24,28.952170000000024,20.180200000000013,23.932600833333368,18.970745833333353,73.77519989313555,0.0,0,0,2014,1
2014-01-05,301.14764,292.5355,296.06932291666664,288.4300425,0.0,24,27.997640000000047,19.385500000000036,22.91932291666666,15.280042500000036,62.07971877805675,0.0,0,0,2014,1
2014-01-06,301.9837,289.76892,295.1882025,285.38168666666667,0.0,24,28.83370000000002,16.618920000000003,22.03820250000001,12.23168666666669,53.721686394938494,0.0,0,0,2014,1
2014-01-07,303.6712,290.64624,296.9130666666667,289.1923075,0.0,24,30.52120000000002,17.49624,23.763066666666703,16.04230750000005,61.94619860386451,0.0,0,0,2014,1
2014-01-08,303.1374,292.68097,297.4324154166667,292.0981404166667,0.0,24,29.987400000000036,19.530970000000025,24.28241541666671,18.948140416666718,72.13889525705243,0.0,0,0,2014,1
2014-01-09,301.75775,292.75543,296.3450375,291.3800345833333,4.7683716e-07,24,28.60775000000001,19.605430000000013,23.195037500000012,18.23003458333335,73.63528408342945,0.00047683716000000004,0,0,2014,1
2014-01-10,300.73865,291.82025,295.38496791666665,287.4338916666667,0.0,24,27.58865000000003,18.67025000000001,22.234967916666676,14.283891666666705,60.68888161709942,0.0,0,0,2014,1
2014-01-11,299.67017,289.36438,293.53680583333335,283.0755216666667,0.0,24,26.520170000000007,16.214380000000006,20.38680583333337,9.925521666666725,51.01461645271084,0.0,0,0,2014,1
2014-01-12,301.30588,289.036,294.98318666666665,286.82535916666666,0.0,24,28.155880000000025,15.886000000000024,21.833186666666677,13.67535916666668,59.7867597474316,0.0,0,0,2014,1
2014-01-13,301.42206,291.7323,295.79063916666667,290.02230125,0.0,24,28.27206000000001,18.582300000000032,22.640639166666688,16.87230125000002,69.8959416169092,0.0,0,0,2014,1
2014-01-14,301.05273,293.35968,296.19572791666667,291.5080675,0.0,24,27.90273000000002,20.20968000000005,23.045727916666692,18.358067500000004,74.90340703560196,0.0,0,0,2014,1
2014-01-15,301.6983,292.02863,296.30890708333334,288.5828775,0.0,24,28.54830000000004,18.878630000000044,23.15890708333336,15.432877500000018,61.78885881514019,0.0,0,0,2014,1
2014-01-16,301.9997,291.83594,295.8176866666667,287.6875275,0.0,24,28.84970000000004,18.685940000000016,22.667686666666725,14.53752750000001,60.09000866097545,0.0,0,0,2014,1
2014-01-17,298.97766,292.3429,295.00449833333334,289.50691,0.0,24,25.827660000000037,19.19290000000001,21.854498333333368,16.356910000000028,70.96085691457246,0.0,0,0,2014,1
2014-01-18,300.24017,289.61127,294.65276124999997,285.0986295833333,0.0,24,27.09017,16.461270000000013,21.502761249999992,11.948629583333343,54.48431504474378,0.0,0,0,2014,1
2014-01-19,302.02338,289.8832,295.2846525,287.36592583333334,0.0,24,28.873379999999997,16.73320000000001,22.134652500000016,14.215925833333358,60.79292079368961,0.0,0,0,2014,1
2014-01-20,300.82578,291.43512,295.9675741666667,290.3859645833333,0.0,24,27.67578000000003,18.285120000000006,22.817574166666702,17.235964583333327,70.76150014998163,0.0,0,0,2014,1
2014-01-21,299.4201,294.8827,296.89314541666664,291.59282083333335,0.0005526542652000001,24,26.270100000000014,21.732700000000023,23.743145416666664,18.44282083333337,72.19637381730358,0.5526542652,0,0,2014,1
2014-01-22,301.66028,293.60828,297.1853195833333,291.87700875,0.0,24,28.510280000000023,20.458280000000002,24.03531958333332,18.72700875000004,72.21216201995307,0.0,0,0,2014,1
2014-01-23,301.88055,294.20758,297.37254958333335,292.39891916666664,0.0,24,28.73055000000005,21.05758000000003,24.222549583333375,19.248919166666667,73.77009459459515,0.0,0,0,2014,1
2014-01-24,301.71405,294.5947,297.47377958333334,292.3245091666667,2.38418576e-06,24,28.56405000000001,21.44470000000001,24.323779583333362,19.174509166666724,72.98398990917204,0.00238418576,0,0,2014,1
2014-01-25,303.80267,293.50903,297.87872583333336,292.27707541666666,0.0,24,30.65267,20.35903000000002,24.728725833333385,19.127075416666685,71.02471502071985,0.0,0,0,2014,1
2014-01-26,305.12244,293.813,298.7355783333333,292.04633541666664,0.0,24,31.972440000000006,20.66300000000001,25.58557833333333,18.89633541666666,66.52261180251442,0.0,0,0,2014,1
2014-01-27,304.78412,295.34424,299.10906916666664,290.11635041666665,0.0,24,31.634119999999996,22.194240000000036,25.959069166666666,16.96635041666667,57.62045758820019,0.0,0,0,2014,1
2014-01-28,303.53003,293.8258,297.91017791666667,288.45517666666666,0.0,24,30.380030000000033,20.675800000000038,24.76017791666669,15.305176666666682,55.65713207584192,0.0,0,0,2014,1
2014-01-29,303.61896,291.92267,297.2261325,287.7356075,0.0,24,30.46896000000004,18.772670000000005,24.07613250000003,14.585607500000037,55.360206590954554,0.0,0,0,2014,1
2014-01-30,304.134,291.81543,297.65576791666666,288.07187833333336,0.0,24,30.984000000000037,18.665430000000015,24.505767916666684,14.921878333333382,55.13457139336412,0.0,0,0,2014,1
2014-01-31,304.55707,292.6671,298.42264833333337,288.9133533333333,0.0,24,31.407070000000033,19.517100000000028,25.272648333333393,15.763353333333328,55.59029331610021,0.0,0,0,2014,1
2014-02-01,304.17072,293.95575,298.60795083333335,289.48181416666665,0.0,24,31.02072000000004,20.805750000000046,25.45795083333337,16.331814166666675,57.01345793265249,0.0,0,0,2014,2
2014-02-02,304.1334,293.88715,298.3445675,289.03984375,0.0,24,30.983400000000017,20.737150000000042,25.194567500000005,15.889843750000011,56.303312495402196,0.0,0,0,2014,2
2014-02-03,304.3574,293.23242,298.39106291666667,289.55060166666664,0.0,24,31.207400000000007,20.082420000000013,25.241062916666692,16.40060166666666,58.007995846447535,0.0,0,0,2014,2
2014-02-04,304.47357,294.28516,298.72257333333334,290.22256416666664,0.0,24,31.323570000000018,21.13516000000004,25.572573333333366,17.072564166666666,59.35563826004374,0.0,0,0,2014,2
2014-02-05,304.36957,294.36063,298.78193791666666,290.69075375,0.0,24,31.219570000000033,21.210630000000037,25.631937916666686,17.54075375000002,60.92450731361242,0.0,0,0,2014,2
2014-02-06,303.4044,294.17932,298.0315358333333,291.50731333333334,0.0,24,30.254400000000032,21.02932000000004,24.881535833333317,18.357313333333366,67.06983777571678,0.0,0,0,2014,2
2014-02-07,303.3937,291.53726,297.0665125,290.76503041666666,0.0,24,30.243700000000047,18.387260000000026,23.91651250000001,17.615030416666684,67.82144663417174,0.0,0,0,2014,2
2014-02-08,302.09335,293.21997,296.9791975,290.85292208333334,0.0,24,28.94335000000001,20.069970000000012,23.82919750000002,17.702922083333362,68.55787729930498,0.0,0,0,2014,2
2014-02-09,301.38293,291.17654,295.70434,286.8585275,0.0,24,28.23293000000001,18.02654000000001,22.554340000000025,13.708527500000002,57.339366484009176,0.0,0,0,2014,2
2014-02-10,301.1446,290.37555,295.6356108333333,286.4984720833333,0.0,24,27.994600000000048,17.22555,22.48561083333334,13.34847208333332,56.244946465497534,0.0,0,0,2014,2
2014-02-11,300.04504,291.3222,295.28272541666666,289.07445666666666,0.0,24,26.895039999999995,18.172200000000032,22.132725416666688,15.924456666666686,67.86657351747026,0.0,0,0,2014,2
2014-02-12,300.51532,291.28888,295.47588708333336,287.53023666666667,0.0,24,27.365319999999997,18.13888000000003,22.325887083333384,14.38023666666669,60.7312501197049,0.0,0,0,2014,2
2014-02-13,299.6109,292.00055,295.84194541666665,290.1330858333333,0.00024843215902,24,26.460900000000038,18.85055,22.69194541666667,16.983085833333348,70.16991892044355,0.24843215902000002,0,0,2014,2
2014-02-14,298.5777,293.71997,295.83414791666667,289.46391416666665,0.00082683564196,24,25.427700000000016,20.569970000000012,22.68414791666669,16.313914166666677,67.27911837964977,0.8268356419599999,0,0,2014,2
2014-02-15,297.2229,291.5915,294.63665375,289.2390833333333,0.0004906654378999999,24,24.072900000000004,18.44150000000002,21.486653750000016,16.08908333333335,71.34689933907568,0.49066543789999995,0,0,2014,2
2014-02-16,299.22925,290.70056,295.1037875,288.26881083333336,0.0001850128206,24,26.079250000000002,17.55056000000002,21.953787500000033,15.118810833333384,65.15674187196251,0.18501282060000002,0,0,2014,2
2014-02-17,302.4571,290.69922,296.47016333333335,285.8861220833333,0.0,24,29.307100000000048,17.549220000000048,23.32016333333337,12.736122083333328,51.371711477132365,0.0,0,0,2014,2
2014-02-18,304.74493,290.9569,297.37181458333333,285.06307,0.0,24,31.594930000000033,17.80690000000004,24.221814583333355,11.913070000000005,46.093338851815,0.0,0,0,2014,2
2014-02-19,304.2446,291.96283,298.12165541666667,288.44137083333334,0.0,24,31.094600000000014,18.81283000000002,24.971655416666692,15.29137083333336,54.90965544935066,0.0,0,0,2014,2
2014-02-20,302.55695,294.09738,297.68534375,291.93924541666667,0.0,24,29.406949999999995,20.94738000000001,24.535343750000038,18.789245416666688,70.35118445668493,0.0,0,0,2014,2
2014-02-21,300.66174,295.55835,297.57472333333334,293.01978041666666,0.0,24,27.51174000000003,22.40835000000004,24.42472333333336,19.869780416666686,75.74931193651265,0.0,0,0,2014,2
2014-02-22,300.2425,293.34613,296.7478970833333,291.57051083333334,0.0001459121708,24,27.09250000000003,20.19613000000004,23.59789708333335,18.420510833333367,72.7294185126105,0.14591217080000002,0,0,2014,2
2014-02-23,302.1978,293.80386,297.6635879166667,291.69891291666664,0.0,24,29.047799999999995,20.65386000000001,24.513587916666722,18.548912916666666,69.39105141407698,0.0,0,0,2014,2
2014-02-24,304.10806,293.7102,298.49105041666667,293.22282625,0.0,24,30.958060000000046,20.56020000000001,25.34105041666669,20.07282625000005,72.62273771394482,0.0,0,0,2014,2
2014-02-25,303.67755,294.77377,299.0431791666667,294.51724125,9.536743e-07,24,30.52755000000002,21.623770000000036,25.893179166666698,21.367241250000006,76.11565947075599,0.0009536743,0,0,2014,2
2014-02-26,301.8841,295.30667,298.439705,294.86087333333336,9.536743e-07,24,28.734100000000012,22.15667000000002,25.289705000000026,21.71087333333338,80.57276560126625,0.0009536743,0,0,2014,2
2014-02-27,301.7179,295.1625,298.31592625,292.205795,1.00135803e-05,24,28.56790000000001,22.012500000000045,25.16592625000004,19.055795000000046,68.88763189660267,0.0100135803,0,0,2014,2
2014-02-28,300.37866,295.80835,297.65187375,289.38225833333337,0.0,24,27.228660000000048,22.65835000000004,24.501873750000016,16.23225833333339,59.9799235265068,0.0,0,0,2014,2
2014-03-01,300.53653,291.32843,296.0624833333333,286.81809791666666,0.0,24,27.38653000000005,18.17843000000005,22.91248333333334,13.668097916666682,55.9588812116081,0.0,0,0,2014,3
2014-03-02,302.71692,291.0904,296.96513458333334,284.17824916666666,0.0,24,29.56692000000004,17.94040000000001,23.81513458333336,11.028249166666683,44.54754864616786,0.0,0,0,2014,3
2014-03-03,303.9986,291.81253,297.9605275,286.62738625000003,0.0,24,30.848600000000033,18.662530000000004,24.810527500000035,13.477386250000052,49.301394400720845,0.0,0,0,2014,3
2014-03-04,301.5412,293.28885,297.492645,290.68972875000003,0.0,24,28.391200000000026,20.138850000000048,24.342645000000005,17.53972875000005,65.79387388505715,0.0,0,0,2014,3
2014-03-05,301.83295,294.64923,297.74713,293.18626625,4.7683716e-07,24,28.682950000000005,21.49923000000001,24.59713000000005,20.03626625000004,75.74881108333877,0.00047683716000000004,0,0,2014,3
2014-03-06,301.1835,293.9969,297.68418,293.0682366666667,8.5830689e-06,24,28.033500000000004,20.846900000000005,24.53418000000005,19.9182366666667,75.48066354644249,0.008583068899999999,0,0,2014,3
2014-03-07,302.1493,295.59692,298.53952291666667,293.4914954166667,0.0003533363333,24,28.999300000000005,22.446920000000034,25.389522916666692,20.341495416666703,73.62730643842778,0.3533363333,0,0,2014,3
2014-03-08,302.4408,296.13928,298.9337683333333,293.94242708333337,0.0,24,29.290800000000047,22.989280000000008,25.78376833333334,20.792427083333394,73.9517473974271,0.0,0,0,2014,3
2014-03-09,302.21027,294.71893,298.3844829166667,293.35864,0.0,24,29.060270000000003,21.568930000000023,25.234482916666707,20.208640000000003,73.70214645464296,0.0,0,0,2014,3
2014-03-10,302.37323,294.64417,298.44764,292.89815208333334,0.0,24,29.22323,21.494169999999997,25.29764,19.748152083333366,71.35941902197266,0.0,0,0,2014,3
2014-03-11,303.04028,293.7682,298.40337,291.8634216666667,0.0,24,29.89028000000002,20.6182,25.253370000000018,18.713421666666704,67.07883946814597,0.0,0,0,2014,3
2014-03-12,305.9268,294.57422,299.8844716666667,292.04671916666666,0.000598430627,24,32.77680000000004,21.424220000000048,26.734471666666707,18.896719166666685,62.15215210659365,0.598430627,0,0,2014,3
2014-03-13,305.76505,296.09125,300.38738708333335,293.07285333333334,0.0,24,32.61505,22.941250000000025,27.237387083333374,19.922853333333364,64.32085062903305,0.0,0,0,2014,3
2014-03-14,306.77716,296.56958,301.39716625,293.5891833333333,0.0,24,33.62716,23.419579999999996,28.24716625000002,20.439183333333347,62.60107755589805,0.0,0,0,2014,3
2014-03-15,307.26416,298.0481,301.78839958333333,294.0974879166667,0.0,24,34.11416000000003,24.8981,28.638399583333353,20.947487916666717,63.139982108917465,0.0,0,0,2014,3
2014-03-16,307.2406,298.44568,302.37031916666666,292.3303854166667,0.0,24,34.090599999999995,25.295680000000004,29.220319166666684,19.180385416666695,54.71646988735478,0.0,0,0,2014,3
2014-03-17,307.45682,298.3764,302.59641833333336,290.6897520833333,0.0,24,34.306820000000016,25.226400000000012,29.446418333333384,17.539752083333326,48.722896124554765,0.0,0,0,2014,3
2014-03-18,307.11896,297.45734,301.83318833333334,291.65092583333336,0.0,24,33.96896000000004,24.30734000000001,28.683188333333362,18.500925833333383,54.099256509718,0.0,0,0,2014,3
2014-03-19,307.5929,296.4195,301.8794045833333,290.038865,3.862381e-05,24,34.44290000000001,23.26950000000005,28.72940458333335,16.88886500000001,48.73838948878864,0.03862381,0,0,2014,3
2014-03-20,307.3652,297.65958,301.7994116666667,289.81259666666665,0.0,24,34.21520000000004,24.509580000000028,28.64941166666671,16.662596666666673,48.266680025315964,0.0,0,0,2014,3
2014-03-21,305.3955,296.62158,300.40680583333335,291.72532958333335,0.0,24,32.24550000000005,23.471580000000017,27.256805833333374,18.57532958333337,59.07222578145197,0.0,0,0,2014,3
2014-03-22,302.7808,295.70667,298.74964083333333,292.9532708333333,9.536743e-07,24,29.630800000000022,22.556669999999997,25.599640833333353,19.80327083333333,70.32917618489775,0.0009536743,0,0,2014,3
2014-03-23,305.36667,294.1631,299.3510283333333,293.08695416666666,0.0,24,32.21667000000002,21.01310000000001,26.20102833333334,19.93695416666668,68.43102363901133,0.0,0,0,2014,3
2014-03-24,305.22897,295.6067,299.77636791666663,294.49745291666665,0.0,24,32.07897000000003,22.456700000000012,26.626367916666652,21.34745291666667,72.7980690628308,0.0,0,0,2014,3
2014-03-25,305.18665,295.9291,300.36597208333336,293.21474,0.0,24,32.03665000000001,22.779100000000028,27.215972083333384,20.06474000000003,64.97054397818351,0.0,0,0,2014,3
2014-03-26,305.98975,295.8227,300.6826425,293.1233879166667,0.0,24,32.83975000000004,22.67270000000002,27.53264250000001,19.973387916666695,63.41522718590541,0.0,0,0,2014,3
2014-03-27,306.95898,296.4011,301.1896179166667,293.67636791666666,0.0,24,33.80898000000002,23.251100000000008,28.039617916666714,20.526367916666686,63.705281429463334,0.0,0,0,2014,3
2014-03-28,305.35925,297.2102,300.72809958333335,294.20906083333335,0.0,24,32.20925,24.06020000000001,27.57809958333337,21.059060833333376,67.63038794619025,0.0,0,0,2014,3
2014-03-29,307.08688,296.25146,301.25021250000003,292.72607583333337,0.0,24,33.93688000000003,23.10146000000003,28.100212500000055,19.57607583333339,59.851494979090745,0.0,0,0,2014,3
2014-03-30,308.1874,296.71323,302.2616541666667,291.56908208333334,0.0,24,35.03740000000005,23.563230000000033,29.11165416666671,18.419082083333365,52.50159043313683,0.0,0,0,2014,3
2014-03-31,306.47137,297.2902,301.42642916666665,294.0132208333333,0.0,24,33.32137,24.14020000000005,28.276429166666674,20.863220833333344,64.15008803170092,0.0,0,0,2014,3
2014-04-01,305.33014,297.34662,300.60651125,293.63198416666665,0.0,24,32.180139999999994,24.196619999999996,27.456511250000005,20.481984166666678,65.73472095773984,0.0,0,0,2014,4
2014-04-02,305.6192,295.7987,300.28604291666664,293.71149583333334,9.536743e-07,24,32.4692,22.64870000000002,27.136042916666668,20.561495833333368,67.31199298641576,0.0009536743,0,0,2014,4
2014-04-03,306.67297,295.0905,300.50159,293.75735000000003,0.0,24,33.52297000000004,21.940500000000043,27.351590000000044,20.607350000000054,66.65401953135044,0.0,0,0,2014,4
2014-04-04,308.4254,296.5009,302.04958916666664,293.87516999999997,0.0,24,35.27540000000005,23.350900000000024,28.899589166666658,20.72516999999999,61.344441687919065,0.0,0,0,2014,4
2014-04-05,306.4772,297.5824,301.51399499999997,296.16846541666666,0.0,24,33.327200000000005,24.43240000000003,28.36399499999999,23.018465416666686,72.80180207753044,0.0,0,0,2014,4
2014-04-06,306.38934,297.63513,301.4518004166667,296.241575,0.0,24,33.23934000000003,24.485130000000026,28.30180041666671,23.091575000000034,73.39012887966122,0.0,0,0,2014,4
2014-04-07,305.08728,298.67154,301.4258566666667,296.09095874999997,0.0,24,31.937280000000044,25.521540000000016,28.275856666666698,22.940958749999993,72.83358026577024,0.0,0,0,2014,4
2014-04-08,304.10403,298.74872,301.16060625,295.56032125,0.0,24,30.954030000000046,25.598720000000014,28.010606250000023,22.410321250000038,71.62315105674007,0.0,0,0,2014,4
2014-04-09,304.6175,297.45428,300.46133333333336,294.98407041666667,0.0,24,31.46750000000003,24.304280000000006,27.31133333333338,21.83407041666669,72.03818408890923,0.0,0,0,2014,4
2014-04-10,304.6643,297.2046,300.2728775,294.0374054166667,0.0,24,31.51430000000005,24.05460000000005,27.122877500000016,20.887405416666695,68.7308081269693,0.0,0,0,2014,4
2014-04-11,305.44522,295.38788,299.9835575,292.67266,0.0,24,32.29522000000003,22.23788000000002,26.83355750000004,19.52266000000003,64.24939178073137,0.0,0,0,2014,4
2014-04-12,304.94116,294.9178,299.84856458333337,293.6960829166667,0.0,24,31.791160000000048,21.767800000000022,26.698564583333393,20.546082916666705,69.00149577501668,0.0,0,0,2014,4
2014-04-13,303.893,294.76233,299.7958625,293.56213291666666,0.0,24,30.742999999999995,21.612330000000043,26.64586250000002,20.41213291666668,68.64608604417545,0.0,0,0,2014,4
2014-04-14,304.0697,295.551,299.79034375,293.71952541666667,0.0,24,30.919700000000034,22.40100000000001,26.64034375,20.569525416666693,69.33894413182686,0.0,0,0,2014,4
2014-04-15,303.3492,295.72064,299.93052083333333,294.3985166666667,0.0,24,30.19920000000002,22.570640000000026,26.780520833333355,21.248516666666717,71.7030881628205,0.0,0,0,2014,4
2014-04-16,304.32974,297.99237,300.5723716666667,295.55670125,0.0,24,31.179740000000038,24.842370000000017,27.42237166666672,22.406701250000026,74.11409126617419,0.0,0,0,2014,4
2014-04-17,303.68912,298.39026,300.6892658333333,295.9727970833333,4.7683716e-07,24,30.539120000000025,25.240260000000035,27.53926583333333,22.82279708333334,75.49278776324329,0.00047683716000000004,0,0,2014,4
2014-04-18,304.0111,298.5494,300.79770708333336,295.78902208333335,2.86102298e-06,24,30.86110000000002,25.399400000000014,27.647707083333387,22.639022083333373,74.18280693039559,0.00286102298,0,0,2014,4
2014-04-19,304.5216,298.12604,300.8061470833333,295.84002625,2.62260434e-05,24,31.3716,24.976040000000012,27.656147083333337,22.690026250000017,74.37621545211891,0.0262260434,0,0,2014,4
2014-04-20,305.44366,297.36792,301.0158129166667,296.55346875000004,0.0,24,32.293660000000045,24.21792000000005,27.865812916666698,23.40346875000006,76.7138833176016,0.0,0,0,2014,4
2014-04-21,307.5729,298.59662,302.31439083333333,296.85345875,5.4359436e-05,24,34.42290000000003,25.446619999999996,29.164390833333357,23.70345875000004,72.43348173784757,0.054359436,0,0,2014,4
2014-04-22,308.44464,299.10062,303.4049370833333,296.7442525,3.00407408e-05,24,35.294640000000015,25.950620000000015,30.254937083333346,23.59425250000004,67.57396006288393,0.0300407408,0,0,2014,4
2014-04-23,310.05188,300.4267,304.72712375,294.8521083333333,0.0,24,36.901880000000006,27.276700000000005,31.57712375,21.702108333333342,55.85408782009214,0.0,0,0,2014,4
2014-04-24,308.7102,299.81427,303.89452083333333,295.00242,0.0,24,35.56020000000001,26.664270000000045,30.744520833333354,21.852419999999995,59.11121502210329,0.0,0,0,2014,4
2014-04-25,307.33292,298.85013,302.53440458333336,296.73273708333335,0.0,24,34.182920000000024,25.70013,29.384404583333378,23.58273708333337,70.99913052715273,0.0,0,0,2014,4
2014-04-26,307.39716,298.1588,302.3842241666667,296.0107545833333,0.0,24,34.24716000000001,25.008800000000008,29.234224166666706,22.860754583333346,68.55823779725326,0.0,0,0,2014,4
2014-04-27,306.08887,299.34198,302.32080083333335,297.83716250000003,4.7683716e-07,24,32.93887000000001,26.19198,29.170800833333374,24.687162500000056,76.81203010337575,0.00047683716000000004,0,0,2014,4
2014-04-28,305.69354,299.42188,302.34845875,298.26949458333337,0.0,24,32.54354000000001,26.27188000000001,29.198458750000043,25.119494583333392,78.69519612343073,0.0,0,0,2014,4
2014-04-29,305.68567,299.80438,302.54041416666666,298.29386708333334,4.7683716e-07,24,32.53567000000004,26.654380000000003,29.390414166666687,25.14386708333336,77.93980380876516,0.00047683716000000004,0,0,2014,4
2014-04-30,305.91595,300.20807,302.4011854166667,297.7799166666667,1.4305114800000002e-06,24,32.76595000000003,27.058070000000043,29.251185416666715,24.629916666666702,76.19420832006692,0.0014305114800000002,0,0,2014,4
2014-05-01,306.43256,299.5116,302.3759033333333,297.452615,0.0,24,33.282560000000046,26.36160000000001,29.22590333333335,24.302615000000003,74.82377914701016,0.0,0,0,2014,5
2014-05-02,305.0113,299.84833,302.15368708333335,297.54411416666665,1.9073486200000001e-06,24,31.86130000000003,26.69833,29.003687083333375,24.394114166666668,76.2096672294655,0.00190734862,0,0,2014,5
2014-05-03,305.37137,299.04703,301.89378625,296.74954583333334,0.0,24,32.221370000000036,25.89703000000003,28.743786250000028,23.599545833333366,73.75756040966262,0.0,0,0,2014,5
2014-05-04,305.68768,298.4242,301.6363825,296.3246208333333,0.0,24,32.53768000000002,25.274200000000008,28.486382500000047,23.174620833333336,72.97175692887541,0.0,0,0,2014,5
2014-05-05,306.0306,298.12073,301.80034166666667,297.08598666666666,1.00135803e-05,24,32.880600000000015,24.970730000000003,28.65034166666669,23.93598666666668,75.67707363557224,0.0100135803,0,0,2014,5
2014-05-06,306.36035,299.43967,302.85185458333336,297.59076,0.0,24,33.210350000000005,26.28967,29.701854583333386,24.44076000000001,73.40079682720648,0.0,0,0,2014,5
2014-05-07,306.70306,300.18585,303.0973275,298.7127204166667,9.536743e-07,24,33.553060000000016,27.03585000000004,29.94732750000003,25.562720416666707,77.38227965577268,0.0009536743,0,0,2014,5
2014-05-08,306.3006,301.34897,303.41346541666667,298.24682666666666,4.339218216e-05,24,33.1506,28.19897000000003,30.26346541666669,25.096826666666686,73.91013263105134,0.04339218216,0,0,2014,5
2014-05-09,306.8128,300.67065,303.31393125,297.7919275,6.77108766e-05,24,33.662800000000004,27.520650000000046,30.16393125000002,24.64192750000001,72.3409426051204,0.0677108766,0,0,2014,5
2014-05-10,305.24292,299.95978,302.2860325,296.6217520833333,1.38282777e-05,24,32.09292000000005,26.809780000000046,29.1360325,23.471752083333342,71.54556593310095,0.013828277699999999,0,0,2014,5
2014-05-11,304.95737,298.6232,301.83267041666664,295.77746541666664,1.4781952160000001e-05,24,31.80737000000005,25.47320000000002,28.682670416666667,22.627465416666666,69.79008274546749,0.01478195216,0,0,2014,5
2014-05-12,305.1958,299.5275,302.07487375,295.9104283333333,4.19616701e-05,24,32.04580000000004,26.377499999999998,28.924873750000017,22.760428333333323,69.37393991980362,0.0419616701,0,0,2014,5
2014-05-13,305.57587,299.753,302.4028104166667,296.10310499999997,0.0001697540289,24,32.42587000000003,26.60300000000001,29.252810416666705,22.953104999999994,68.86907212975133,0.1697540289,0,0,2014,5
2014-05-14,305.3855,299.76614,302.289945,296.0781416666667,0.0005745887759999999,24,32.2355,26.61614000000003,29.13994500000001,22.928141666666704,69.2154823591259,0.5745887759999999,0,0,2014,5
2014-05-15,306.01526,300.06934,302.50161916666667,296.12921124999997,0.00012779235892,24,32.865260000000035,26.919340000000034,29.351619166666694,22.97921124999999,68.58518439887752,0.12779235892000002,0,0,2014,5
2014-05-16,305.57578,299.98462,302.31659333333334,296.30305125,0.00047540665130000004,24,32.42578000000003,26.83462000000003,29.166593333333367,23.153051250000033,70.05659829241459,0.47540665130000004,0,0,2014,5
2014-05-17,306.21918,300.00745,302.5864079166667,297.0797483333333,0.00040912628202,24,33.06918000000002,26.85745000000003,29.436407916666724,23.92974833333335,72.28142387082035,0.40912628202,0,0,2014,5
2014-05-18,306.65747,300.62054,303.02082916666666,297.74808041666665,3.814697292e-05,24,33.50747000000001,27.470540000000028,29.87082916666668,24.598080416666676,73.37792209305435,0.03814697292,0,0,2014,5
2014-05-19,309.0212,301.6377,304.69838625,297.78571208333335,0.0001344680788,24,35.871200000000044,28.487700000000018,31.54838625000002,24.635712083333374,66.81180767753143,0.1344680788,0,0,2014,5
2014-05-20,308.396,301.02518,304.0798604166667,298.1152775,7.6293944e-06,24,35.24600000000004,27.87518,30.929860416666713,24.965277500000013,70.5862942455252,0.0076293944,0,0,2014,5
2014-05-21,306.92932,300.73285,303.4788341666667,297.9283341666667,1.8596649199999998e-05,24,33.77932000000004,27.582850000000008,30.328834166666695,24.778334166666696,72.24627438103497,0.0185966492,0,0,2014,5
2014-05-22,305.21887,300.13956,302.8455241666667,297.73339708333333,3.43322755e-05,24,32.068870000000004,26.98956000000004,29.6955241666667,24.583397083333352,74.05763811455209,0.0343322755,0,0,2014,5
2014-05-23,305.72913,299.8265,302.58710541666665,297.1976695833333,1.144409156e-05,24,32.57913000000002,26.676500000000033,29.437105416666668,24.047669583333345,72.79287133868904,0.01144409156,0,0,2014,5
2014-05-24,305.4908,300.2085,302.67478875,297.11835791666664,8.58306886e-06,24,32.3408,27.058500000000038,29.524788750000027,23.968357916666662,72.08071793950936,0.008583068860000001,0,0,2014,5
2014-05-25,305.27435,300.14844,302.65604791666664,297.32267916666666,1.430511472e-05,24,32.12435000000005,26.998440000000016,29.50604791666666,24.172679166666683,73.05025672421324,0.014305114720000001,0,0,2014,5
2014-05-26,305.78555,300.84027,303.0750033333333,297.66760500000004,7.62939463e-05,24,32.63555000000002,27.690269999999998,29.925003333333336,24.51760500000006,72.79780694711981,0.0762939463,0,0,2014,5
2014-05-27,305.8579,301.20773,302.9092541666667,298.42020083333335,0.0001349449155,24,32.707899999999995,28.05773000000005,29.75925416666672,25.270200833333377,76.87518887691928,0.13494491549999998,0,0,2014,5
2014-05-28,305.92297,300.85757,302.90816208333337,298.07451499999996,2.193450932e-05,24,32.77297000000004,27.707570000000032,29.75816208333339,24.924514999999985,75.31126045114243,0.02193450932,0,0,2014,5
2014-05-29,305.7789,301.52988,303.1929225,298.20916708333334,4.577636718e-05,24,32.628900000000044,28.379880000000014,30.04292250000003,25.059167083333364,74.684689253335,0.04577636718,0,0,2014,5
2014-05-30,305.31238,301.53925,303.17499333333336,297.44179041666666,2.050399796e-05,24,32.16238000000004,28.389250000000004,30.024993333333384,24.291790416666686,71.40702026708557,0.02050399796,0,0,2014,5
2014-05-31,305.41278,300.65314,302.91680916666667,297.04833833333333,7.200241206e-05,24,32.26278000000002,27.50314000000003,29.76680916666669,23.898338333333356,70.78286988022144,0.07200241206,0,0,2014,5
2014-06-01,305.6002,300.7434,303.0616654166667,296.90044166666667,1.8596648980000002e-05,24,32.450199999999995,27.59340000000003,29.91166541666672,23.75044166666669,69.57257125447079,0.01859664898,0,0,2014,6
2014-06-02,306.45624,301.6046,303.44450666666665,297.87663333333336,8.440017706e-05,24,33.30624,28.454600000000028,30.294506666666678,24.726633333333382,72.16531024582757,0.08440017706,0,0,2014,6
2014-06-03,306.21075,301.16095,303.16194083333335,298.22977125,0.0002875328081,24,33.06075000000004,28.010950000000037,30.01194083333337,25.07977125000002,74.90988786603758,0.28753280810000004,0,0,2014,6
2014-06-04,305.63455,301.5614,303.31894458333335,298.46735666666666,0.0002532005289,24,32.48455000000001,28.411400000000015,30.16894458333337,25.317356666666683,75.2954502248718,0.2532005289,0,0,2014,6
2014-06-05,305.76447,302.05463,303.4057375,298.51604291666666,0.0003070831291,24,32.61447000000004,28.904629999999997,30.25573750000001,25.366042916666686,75.13852707265715,0.3070831291,0,0,2014,6
2014-06-06,306.04846,302.32153,303.82219541666666,298.56753875,0.00036430358556,24,32.89846,29.17153000000002,30.672195416666682,25.417538750000006,73.59110576165186,0.36430358556000003,0,0,2014,6
2014-06-07,305.72543,301.49146,303.4861545833333,297.6714445833333,3.147125208e-05,24,32.57543000000004,28.34146000000004,30.336154583333325,24.521444583333334,71.1143278884318,0.03147125208,0,0,2014,6
2014-06-08,306.31915,302.0276,303.9814216666667,297.7636875,0.00017499924155999999,24,33.16915,28.87760000000003,30.8314216666667,24.613687500000026,69.5082331898996,0.17499924156,0,0,2014,6
2014-06-09,306.33893,302.53162,303.8745225,298.8573691666667,0.0007309913589,24,33.18893000000003,29.381619999999998,30.724522500000035,25.707369166666695,74.64586865838226,0.7309913589,0,0,2014,6
2014-06-10,307.31467,301.9604,304.0336066666667,297.48003,0.0015072822142,24,34.16467,28.810400000000016,30.883606666666708,24.330030000000022,68.13329861936536,1.5072822142,1,0,2014,6
2014-06-11,306.76093,301.4442,303.70645541666664,297.39429291666664,0.0016193389994600001,24,33.610929999999996,28.294200000000046,30.556455416666665,24.244292916666666,69.06450473026098,1.61933899946,1,0,2014,6
2014-06-12,305.38403,301.00104,302.9772579166667,297.99387666666667,0.0023794174074,24,32.23403000000002,27.851040000000012,29.827257916666724,24.843876666666688,74.6516309845071,2.3794174074,1,0,2014,6
2014-06-13,305.076,300.35938,302.25099,298.0080170833333,0.005521297479,24,31.926000000000045,27.20938000000001,29.100990000000024,24.858017083333323,77.91485475663572,5.521297479,1,0,2014,6
2014-06-14,303.5061,300.10077,301.4989820833333,298.64639416666665,0.007220268196,24,30.356100000000026,26.950770000000034,28.34898208333334,25.496394166666676,84.54874968214956,7.220268196,1,0,2014,6
2014-06-15,302.55145,299.90576,301.10106625,298.32369416666666,0.00978183748,24,29.40145000000001,26.75576000000001,27.951066249999997,25.173694166666678,84.88672813367718,9.78183748,1,0,2014,6
2014-06-16,303.03073,299.90338,301.12833458333336,298.27974333333333,0.01029539109,24,29.880730000000028,26.75338000000005,27.97833458333338,25.12974333333335,84.52991836165016,10.295391089999999,1,0,2014,6
2014-06-17,303.6662,299.40933,301.36762416666664,298.1995054166667,0.005510807033,24,30.516200000000026,26.259330000000034,28.217624166666667,25.049505416666705,82.96032437524765,5.510807033,1,0,2014,6
2014-06-18,303.01837,299.95392,301.3234875,298.5256175,0.006729125974,24,29.868370000000027,26.803920000000005,28.17348750000002,25.375617500000033,84.80609954014959,6.7291259740000005,1,0,2014,6
2014-06-19,303.1995,299.8547,301.47346875,298.5519525,0.00860548018,24,30.049500000000023,26.704700000000003,28.323468750000018,25.40195250000005,84.20010240067005,8.605480179999999,1,0,2014,6
2014-06-20,303.8509,301.17813,302.36584875,298.4586229166667,0.00620841981,24,30.700900000000047,28.028130000000033,29.21584875000002,25.308622916666707,79.50704912843418,6.20841981,1,0,2014,6
2014-06-21,303.3777,301.19717,302.16468583333335,298.6829833333333,0.0069875716600000005,24,30.227700000000027,28.04717000000005,29.014685833333374,25.532983333333334,81.51934662641763,6.98757166,1,0,2014,6
2014-06-22,303.53033,300.89825,302.14796625,298.40573166666667,0.00569963456,24,30.380330000000015,27.74825000000004,28.997966250000047,25.25573166666669,80.26314433207155,5.69963456,1,0,2014,6
2014-06-23,303.84628,301.27347,302.25134541666665,298.26545166666665,0.005019664774,24,30.69628,28.123469999999998,29.101345416666675,25.115451666666672,79.11970073537897,5.019664774,1,0,2014,6
2014-06-24,303.58954,301.03674,302.1930683333333,298.2210395833333,0.0039644241225,24,30.439540000000022,27.88674000000003,29.043068333333338,25.071039583333345,79.17717741389978,3.9644241225,1,0,2014,6
2014-06-25,303.54462,301.08032,302.07299666666665,298.0038633333333,0.004329681422,24,30.39462000000003,27.930319999999995,28.922996666666677,24.853863333333322,78.70298233086697,4.329681422,1,0,2014,6
2014-06-26,303.92303,300.85114,302.30716,297.88519083333335,0.0018048286169,24,30.773030000000006,27.70114000000001,29.157160000000033,24.735190833333377,77.09383685872501,1.8048286168999998,1,0,2014,6
2014-06-27,304.28204,300.29108,302.15951666666666,298.03475041666667,0.0019431114042,24,31.132040000000018,27.141080000000045,29.009516666666684,24.88475041666669,78.45394586045862,1.9431114042,1,0,2014,6
2014-06-28,303.88733,300.38953,302.1747179166667,298.09113333333335,0.0018124580406,24,30.737330000000043,27.239530000000002,29.024717916666702,24.94113333333337,78.6492688613354,1.8124580406,1,0,2014,6
2014-06-29,304.1167,300.8934,302.42391749999996,297.91076625,0.0026955604563,24,30.966700000000003,27.74340000000001,29.273917499999982,24.760766250000017,76.69204599142105,2.6955604563,1,0,2014,6
2014-06-30,304.10123,300.21582,301.97505416666667,298.07955375,0.00347375868,24,30.95123000000001,27.06582000000003,28.82505416666669,24.929553750000025,79.5099715043685,3.47375868,1,0,2014,6
2014-07-01,303.47876,300.49884,301.8978525,298.28504541666666,0.003355503076,24,30.328760000000045,27.348839999999996,28.747852500000022,25.135045416666685,80.85230367666807,3.3555030759999998,1,0,2014,7
2014-07-02,302.99942,299.6737,300.86459874999997,297.77182875,0.0068874359,24,29.84942000000001,26.52370000000002,27.714598749999993,24.62182875000002,83.27727828132414,6.8874359,1,0,2014,7
2014-07-03,301.2437,299.14087,299.91485375,297.48481833333335,0.007980823513,24,28.093700000000013,25.99087000000003,26.764853750000043,24.334818333333374,86.5505680567858,7.980823513,1,0,2014,7
2014-07-04,302.07495,299.06314,300.4951875,298.0318404166667,0.005235195152,24,28.924950000000024,25.91314,27.34518750000001,24.881840416666705,86.43220355691157,5.235195152,1,0,2014,7
2014-07-05,303.45996,299.57318,301.2947125,298.19180625,0.00531196598,24,30.309960000000046,26.423180000000002,28.144712500000026,25.041806250000036,83.27541478210554,5.31196598,1,0,2014,7
2014-07-06,303.38275,299.84436,301.33687208333333,298.13546916666667,0.00472021104,24,30.23275000000001,26.694360000000017,28.186872083333355,24.98546916666669,82.79216919681897,4.72021104,1,0,2014,7
2014-07-07,303.1546,299.47687,300.89601208333335,298.1519104166667,0.006423473368,24,30.00460000000004,26.326870000000042,27.74601208333337,25.001910416666703,85.03428475615695,6.423473368,1,0,2014,7
2014-07-08,302.06876,299.2013,300.30368458333334,297.7003745833333,0.00645399096,24,28.91876000000002,26.051300000000026,27.15368458333336,24.550374583333337,85.69341333428217,6.4539909600000005,1,0,2014,7
2014-07-09,301.31958,299.40643,300.2581875,297.78073333333333,0.01020336155,24,28.169579999999996,26.256430000000023,27.108187500000042,24.630733333333353,86.33710183139863,10.20336155,1,0,2014,7
2014-07-10,300.05215,299.0033,299.38607041666666,297.65718375,0.04474639895,24,26.902150000000006,25.853300000000047,26.236070416666678,24.507183750000024,90.22169333483086,44.74639895,1,0,2014,7
2014-07-11,300.54575,298.6909,299.5498283333333,297.685385,0.0729870797,24,27.39575000000002,25.540900000000022,26.399828333333346,24.53538500000002,89.50377507024925,72.9870797,1,1,2014,7
2014-07-12,300.80557,298.8774,299.5460954166667,297.7272933333333,0.03361940372,24,27.65557000000001,25.727400000000046,26.396095416666697,24.57729333333333,89.74845132514955,33.61940372,1,0,2014,7
2014-07-13,301.1571,299.1611,299.9943170833333,298.03106166666663,0.01413917544,24,28.007100000000037,26.0111,26.84431708333335,24.881061666666653,89.00975767528169,14.13917544,1,0,2014,7
2014-07-14,301.6602,299.30573,300.24555208333334,298.197615,0.02782535542,24,28.510199999999998,26.155730000000005,27.09555208333336,25.047615000000008,88.58054489401924,27.82535542,1,0,2014,7
2014-07-15,300.75757,299.37302,300.0152670833333,298.05318875,0.0650873183,24,27.60757000000001,26.22302000000002,26.865267083333322,24.903188750000027,89.01762741535931,65.0873183,1,1,2014,7
2014-07-16,300.60095,299.0852,299.83871166666665,298.12361416666664,0.0478210447,24,27.450950000000034,25.93520000000001,26.688711666666677,24.973614166666664,90.32720326124615,47.8210447,1,0,2014,7
2014-07-17,301.6236,299.50403,300.39475166666665,298.56701333333336,0.02677965158,24,28.473600000000033,26.354030000000023,27.244751666666673,25.417013333333387,89.76170031432241,26.77965158,1,0,2014,7
2014-07-18,301.1958,299.21777,300.07001833333334,298.26223125,0.01694488513,24,28.045800000000042,26.067769999999996,26.92001833333336,25.112231250000036,89.84516207987608,16.94488513,1,0,2014,7
2014-07-19,300.97775,299.41394,300.10782125,297.86207666666667,0.0094566345,24,27.827750000000037,26.263940000000048,26.957821249999995,24.71207666666669,87.52863179856844,9.4566345,1,0,2014,7
2014-07-20,301.74866,298.8935,300.09059333333335,297.76575541666665,0.01081037524,24,28.598659999999995,25.74350000000004,26.940593333333368,24.615755416666673,87.11388511411529,10.810375239999999,1,0,2014,7
2014-07-21,300.1801,298.53098,299.2261383333333,297.19586250000003,0.0096182823,24,27.030100000000004,25.380980000000022,26.076138333333347,24.045862500000055,88.59288745117905,9.618282299999999,1,0,2014,7
2014-07-22,300.24036,298.6752,299.35837541666666,297.29759583333333,0.012515544944,24,27.090360000000032,25.52520000000004,26.208375416666684,24.147595833333355,88.44127928698761,12.515544944,1,0,2014,7
2014-07-23,300.2897,298.5055,299.52651541666665,297.2689525,0.03641223901,24,27.139700000000005,25.355500000000006,26.376515416666678,24.118952500000034,87.41606936527099,36.41223901,1,0,2014,7
2014-07-24,300.8609,297.82895,299.60078875,297.21332416666667,0.01707124696,24,27.710900000000038,24.678950000000043,26.450788750000015,24.06332416666669,86.74302318221937,17.07124696,1,0,2014,7
2014-07-25,301.62155,298.4148,299.70748,297.5110829166667,0.00745916368,24,28.471550000000036,25.264800000000037,26.557479999999998,24.361082916666703,87.75324759297281,7.4591636800000005,1,0,2014,7
2014-07-26,301.54712,298.71732,300.0121441666667,297.70028291666665,0.007230281885,24,28.39712000000003,25.567319999999995,26.862144166666724,24.550282916666674,87.17459860091151,7.230281885,1,0,2014,7
2014-07-27,300.7823,298.54837,299.5399229166667,297.77082583333333,0.02822589877,24,27.632300000000043,25.39837,26.389922916666706,24.620825833333356,90.01544563734684,28.22589877,1,0,2014,7
2014-07-28,300.03833,298.76898,299.42401708333335,297.70180166666665,0.039742469530000005,24,26.888329999999996,25.618980000000022,26.274017083333376,24.551801666666677,90.26036511311231,39.74246953000001,1,0,2014,7
2014-07-29,299.6181,298.9535,299.3503870833333,297.79756875,0.1099472042,24,26.46810000000005,25.803500000000042,26.20038708333334,24.647568750000005,91.17541985461801,109.9472042,1,1,2014,7
2014-07-30,299.92145,299.07883,299.456905,298.0310329166667,0.0594506259,24,26.771450000000016,25.928830000000005,26.30690500000003,24.881032916666697,91.87649774779773,59.4506259,1,1,2014,7
2014-07-31,300.06787,298.84515,299.35536958333336,298.04464708333336,0.0870995517,24,26.91787000000005,25.695150000000012,26.20536958333338,24.894647083333382,92.50493992016733,87.0995517,1,1,2014,7
2014-08-01,300.79904,298.9945,299.7751533333333,297.87410958333334,0.032648563480000004,24,27.649040000000014,25.84450000000004,26.625153333333344,24.72410958333336,89.32467492103534,32.64856348000001,1,0,2014,8
2014-08-02,301.12134,299.12836,299.85880208333333,298.03492958333334,0.01809453967,24,27.971339999999998,25.97836000000001,26.708802083333353,24.88492958333336,89.74380018541441,18.09453967,1,0,2014,8
2014-08-03,301.07056,298.98236,299.88089625000003,297.94123916666666,0.03631639487,24,27.920560000000023,25.83236000000005,26.730896250000058,24.791239166666685,89.12666993706127,36.316394869999996,1,0,2014,8
2014-08-04,300.24823,298.54614,299.4399358333333,297.8151125,0.03450775164,24,27.09823,25.396140000000003,26.289935833333345,24.66511250000002,90.78915284392946,34.50775164,1,0,2014,8
2014-08-05,300.2262,298.43225,299.21789416666667,297.48691916666667,0.02392387417,24,27.07620000000003,25.282250000000033,26.06789416666669,24.33691916666669,90.19877072992949,23.92387417,1,0,2014,8
2014-08-06,299.94086,298.33932,299.0623225,297.37376375,0.01827239986,24,26.79086000000001,25.18932000000001,25.912322500000016,24.223763750000046,90.41795438211493,18.27239986,1,0,2014,8
2014-08-07,299.9181,298.3839,299.08418208333336,297.29597458333336,0.01651239397,24,26.768100000000004,25.233900000000006,25.934182083333383,24.145974583333384,89.88006591286975,16.51239397,1,0,2014,8
2014-08-08,300.37,298.00705,299.01271541666665,297.13566958333337,0.01307249072,24,27.220000000000027,24.857050000000015,25.862715416666674,23.98566958333339,89.39625230857662,13.07249072,1,0,2014,8
2014-08-09,300.90765,297.94766,299.24835708333336,297.2239270833333,0.00885534291,24,27.757650000000012,24.797660000000008,26.098357083333383,24.07392708333333,88.62579337131163,8.85534291,1,0,2014,8
2014-08-10,300.6347,298.0669,299.28113041666666,297.27594,0.01006412511,24,27.484700000000032,24.9169,26.13113041666668,24.125940000000014,88.73090598813566,10.06412511,1,0,2014,8
2014-08-11,300.79504,297.91785,299.3008958333333,297.36812208333333,0.0077118873,24,27.645039999999995,24.76785000000001,26.150895833333323,24.218122083333355,89.11915721429988,7.7118873,1,0,2014,8
2014-08-12,300.96698,298.26953,299.45836791666665,297.34870333333333,0.01158189774,24,27.81698,25.119529999999997,26.30836791666667,24.198703333333356,88.1901839058139,11.581897739999999,1,0,2014,8
2014-08-13,301.31992,298.14874,299.68211541666665,297.3905070833333,0.00935745231,24,28.169920000000047,24.998739999999998,26.53211541666667,24.24050708333334,87.2512187548616,9.35745231,1,0,2014,8
2014-08-14,300.88074,298.78418,299.72320375,297.43992625,0.01009941104,24,27.730740000000026,25.634180000000015,26.573203750000005,24.289926250000008,87.29848085778515,10.099411040000001,1,0,2014,8
2014-08-15,301.22223,298.51227,299.47528875,297.3052525,0.01275110244,24,28.072230000000047,25.362270000000024,26.325288750000027,24.155252500000017,87.87245548981235,12.75110244,1,0,2014,8
2014-08-16,300.90277,297.997,299.3605870833333,297.24703875,0.006628036489,24,27.752769999999998,24.847000000000037,26.210587083333337,24.097038750000024,88.16153951058895,6.628036488999999,1,0,2014,8
2014-08-17,301.3083,298.159,299.72603291666667,297.3961425,0.005099773405,24,28.158299999999997,25.009000000000015,26.57603291666669,24.24614250000002,87.05488167486129,5.099773405,1,0,2014,8
2014-08-18,302.10962,298.03207,300.06321791666664,297.35377750000004,0.001394748682,24,28.95962000000003,24.88207,26.913217916666667,24.203777500000058,85.12583539675833,1.394748682,1,0,2014,8
2014-08-19,302.45032,298.7417,300.565945,297.96300833333333,0.0025038719112,24,29.30032,25.591700000000003,27.415945000000022,24.813008333333357,85.72105730668017,2.5038719112,1,0,2014,8
2014-08-20,303.54785,299.28534,300.8451145833333,298.34143291666663,0.006236553228,24,30.397850000000005,26.135340000000042,27.69511458333335,25.191432916666656,86.257293526266,6.236553228,1,0,2014,8
2014-08-21,303.39795,299.6919,300.9170795833333,298.4131008333333,0.00685262677976,24,30.247950000000003,26.5419,27.767079583333327,25.26310083333334,86.26256384388375,6.8526267797600005,1,0,2014,8
2014-08-22,302.23483,299.37225,300.17313666666666,298.28558333333336,0.0116472243182,24,29.08483000000001,26.22225000000003,27.023136666666687,25.135583333333386,89.42633641063306,11.647224318200001,1,0,2014,8
2014-08-23,302.88678,299.01855,300.87535375,298.43411291666666,0.00038290023889999997,24,29.73678000000001,25.868550000000027,27.72535375000001,25.284112916666686,86.58160206345039,0.38290023889999997,0,0,2014,8
2014-08-24,302.95865,298.88123,300.58361541666665,298.24918333333335,0.01362705221346,24,29.80865,25.73123000000004,27.43361541666667,25.09918333333337,87.10792891843785,13.62705221346,1,0,2014,8
2014-08-25,301.4632,299.523,300.2568841666667,298.22079875000003,0.01691293723,24,28.313199999999995,26.373000000000047,27.106884166666703,25.07079875000005,88.64409672061419,16.91293723,1,0,2014,8
2014-08-26,299.7569,298.81012,299.21670625,297.39244791666664,0.03995370875,24,26.606899999999996,25.660120000000006,26.06670625000004,24.242447916666663,89.69525827971984,39.95370875,1,0,2014,8
2014-08-27,299.4322,298.32755,298.81659833333333,297.0189708333333,0.03657770154,24,26.282200000000046,25.177549999999997,25.666598333333354,23.86897083333332,89.80999538511867,36.57770154,1,0,2014,8
2014-08-28,301.52094,297.97095,299.1890608333333,297.33469291666665,0.025944709804,24,28.37094000000002,24.82095000000004,26.039060833333338,24.184692916666677,89.53125168848179,25.944709804,1,0,2014,8
2014-08-29,302.15567,298.43463,300.0648420833333,297.7697775,0.013692379006999999,24,29.00567000000001,25.28463000000005,26.914842083333326,24.619777499999998,87.26697389381506,13.692379007,1,0,2014,8
2014-08-30,301.22345,299.0478,299.98445833333335,297.97940666666665,0.021974086639,24,28.073450000000037,25.897800000000018,26.834458333333373,24.82940666666667,88.78699526125574,21.974086639,1,0,2014,8
2014-08-31,300.80182,298.85632,299.512975,297.8218504166667,0.1059384351,24,27.651820000000043,25.706320000000005,26.362975000000006,24.6718504166667,90.43456414335998,105.9384351,1,1,2014,8
2014-09-01,299.9241,298.6444,299.19804708333334,297.48385833333333,0.1226587294,24,26.774100000000033,25.49440000000004,26.04804708333336,24.333858333333353,90.28826139154174,122.6587294,1,1,2014,9
2014-09-02,299.92023,298.63907,299.2880245833333,297.5863616666667,0.02820205687,24,26.770230000000026,25.489070000000027,26.138024583333333,24.4363616666667,90.36225096858156,28.20205687,1,0,2014,9
2014-09-03,301.08008,298.72385,299.59764208333337,297.73920291666667,0.01883602144,24,27.930080000000032,25.57385000000005,26.447642083333392,24.589202916666693,89.53948218236249,18.83602144,1,0,2014,9
2014-09-04,300.7025,298.8639,299.53202,297.72108041666667,0.01702308643,24,27.55250000000001,25.713900000000024,26.38202000000001,24.57108041666669,89.78969570422915,17.02308643,1,0,2014,9
2014-09-05,300.57956,298.5232,299.2047054166667,297.6047879166667,0.04226112372,24,27.429560000000038,25.373199999999997,26.054705416666707,24.454787916666703,90.90938266644035,42.26112372,1,0,2014,9
2014-09-06,302.32007,298.38312,300.11173333333335,297.70641458333336,0.00701189045,24,29.17007000000001,25.233120000000042,26.96173333333337,24.55641458333338,86.69707835029907,7.01189045,1,0,2014,9
2014-09-07,301.84265,299.1688,300.28862291666667,297.30146666666667,0.004012107844,24,28.692650000000015,26.0188,27.13862291666669,24.151466666666693,83.74172217826126,4.012107844,1,0,2014,9
2014-09-08,300.32468,298.559,299.2340858333333,297.316665,0.011530399284,24,27.174680000000023,25.40900000000005,26.084085833333347,24.166665000000023,89.19625697596665,11.530399284000001,1,0,2014,9
2014-09-09,300.16916,298.03345,298.9227470833333,296.8475291666667,0.010564327205,24,27.01916,24.88345000000004,25.772747083333343,23.697529166666698,88.32908502960538,10.564327205,1,0,2014,9
2014-09-10,300.23895,298.11084,298.9142091666667,296.9404445833333,0.008312225425,24,27.08895000000001,24.96084000000002,25.764209166666717,23.79044458333334,88.86992409008629,8.312225425,1,0,2014,9
2014-09-11,300.7437,297.66956,298.99050125,297.08907375,0.00444412229,24,27.593700000000013,24.519560000000013,25.840501250000045,23.939073750000034,89.26358415325697,4.44412229,1,0,2014,9
2014-09-12,301.0816,298.0323,299.25371708333336,297.17622916666664,0.005893945675,24,27.931600000000003,24.882300000000043,26.10371708333338,24.026229166666667,88.34403364269414,5.893945674999999,1,0,2014,9
2014-09-13,300.71286,298.0188,299.4187895833333,297.37268166666667,0.0058302879,24,27.56286,24.86880000000002,26.26878958333333,24.222681666666688,88.52409936264523,5.8302879,1,0,2014,9
2014-09-14,301.9875,298.04886,299.67102666666665,297.14477,0.0020952224788,24,28.837500000000034,24.898860000000013,26.52102666666667,23.994770000000017,86.02885786996397,2.0952224788,1,0,2014,9
2014-09-15,301.80762,297.73737,299.94168375,296.82444333333336,0.002022266395,24,28.65762000000001,24.58737000000002,26.791683750000004,23.674443333333386,83.04991637047833,2.022266395,1,0,2014,9
2014-09-16,302.2553,297.9098,299.96265375,296.90303166666666,0.003486156494,24,29.1053,24.75980000000004,26.812653750000038,23.753031666666686,83.34115889208061,3.486156494,1,0,2014,9
2014-09-17,302.5365,297.82886,300.14684416666665,296.7610270833333,0.001729488375,24,29.386500000000012,24.678860000000043,26.996844166666676,23.61102708333334,81.7401165779658,1.7294883749999999,1,0,2014,9
2014-09-18,302.1631,298.82147,300.60475291666665,296.94598333333334,0.0014815330553,24,29.01310000000001,25.67147,27.454752916666678,23.795983333333368,80.46395445561939,1.4815330553,1,0,2014,9
2014-09-19,302.37866,298.6175,300.4479058333333,297.18335958333336,0.0024566650425,24,29.228660000000048,25.46750000000003,27.297905833333346,24.03335958333338,82.37559823896163,2.4566650425,1,0,2014,9
2014-09-20,302.08124,299.07242,300.38657,297.0212666666667,0.003035068543,24,28.931240000000003,25.922420000000045,27.23657000000003,23.871266666666713,81.87050829710324,3.035068543,1,0,2014,9
2014-09-21,302.4242,298.25818,300.17869875,297.08674583333334,0.002237796776,24,29.274200000000008,25.108180000000004,27.028698750000046,23.93674583333336,83.20358290748368,2.237796776,1,0,2014,9
2014-09-22,303.01642,298.0066,300.72572041666666,297.201295,0.0011177062916,24,29.866420000000005,24.856600000000014,27.575720416666684,24.05129500000004,81.13249870759962,1.1177062916,1,0,2014,9
2014-09-23,303.3852,298.5418,300.83498000000003,297.11713541666666,0.00036764144766,24,30.23520000000002,25.391800000000046,27.684980000000053,23.96713541666668,80.20842034808999,0.36764144766,0,0,2014,9
2014-09-24,303.96594,298.91437,301.16672958333334,297.4641425,0.00048112869226,24,30.815940000000012,25.764370000000042,28.01672958333336,24.314142500000003,80.32542281345133,0.48112869226000005,0,0,2014,9
2014-09-25,304.44815,299.37396,301.433595,297.87604416666665,0.00157547001476,24,31.29815000000002,26.223960000000034,28.283595000000048,24.726044166666668,81.06065268573464,1.5754700147599998,1,0,2014,9
2014-09-26,305.14062,299.09357,301.69173,298.28269458333335,0.00224685669456,24,31.990620000000035,25.943570000000022,28.54173000000003,25.132694583333375,81.81482914591474,2.24685669456,1,0,2014,9
2014-09-27,306.58765,299.3125,302.41347666666667,298.34420041666664,0.0,24,33.43765000000002,26.162500000000023,29.26347666666669,25.19420041666666,78.7497080706626,0.0,0,0,2014,9
2014-09-28,307.69165,298.62097,303.0564445833333,297.4062220833333,0.0,24,34.541650000000004,25.470970000000023,29.906444583333325,24.25622208333334,71.74244261290215,0.0,0,0,2014,9
2014-09-29,306.76135,299.38214,302.78393166666666,297.84925791666666,0.0,24,33.611350000000016,26.232140000000015,29.633931666666683,24.69925791666668,74.83820951379425,0.0,0,0,2014,9
2014-09-30,305.5296,299.7356,302.0340654166667,298.70750208333334,0.00017738342212,24,32.37960000000004,26.5856,28.884065416666715,25.55750208333336,82.25870069976064,0.17738342212000002,0,0,2014,9
2014-10-01,304.5682,299.63428,301.6785258333333,298.6497179166667,0.0007772445659,24,31.418200000000013,26.484280000000012,28.528525833333333,25.499717916666725,83.68666077811977,0.7772445659,0,0,2014,10
2014-10-02,306.6533,299.69742,302.6100533333333,298.6902283333333,5.72204596e-06,24,33.503300000000024,26.547420000000045,29.46005333333335,25.540228333333346,79.4803573076153,0.00572204596,0,0,2014,10
2014-10-03,306.72357,300.476,303.1347275,298.8847533333333,6.19888316e-06,24,33.57357000000002,27.326000000000022,29.98472750000002,25.734753333333344,78.0089789803103,0.00619888316,0,0,2014,10
2014-10-04,305.23962,300.19446,302.47624125,299.062785,0.0010528564513,24,32.089620000000025,27.044460000000015,29.32624125000001,25.912785000000042,81.88832014874332,1.0528564513,1,0,2014,10
2014-10-05,306.19067,299.7124,302.62316833333335,298.77681,0.00125122070956,24,33.040670000000034,26.562400000000025,29.473168333333376,25.626810000000035,79.82985891590049,1.25122070956,1,0,2014,10
2014-10-06,306.54636,299.9093,302.6369625,298.39502125,4.7683716e-07,24,33.396360000000016,26.759299999999996,29.486962500000004,25.245021250000036,77.97504423883973,0.00047683716000000004,0,0,2014,10
2014-10-07,304.7528,299.6279,301.85107999999997,297.87891541666664,0.0011463165245600001,24,31.602800000000002,26.477900000000034,28.70107999999999,24.728915416666666,79.1297228454007,1.1463165245600002,1,0,2014,10
2014-10-08,302.542,298.16614,300.39517916666665,297.42146083333336,0.0065727234327,24,29.391999999999996,25.016140000000007,27.245179166666674,24.27146083333338,83.82104918742372,6.5727234327,1,0,2014,10
2014-10-09,304.33643,298.72845,301.29929250000004,297.650195,0.0004944801337200001,24,31.18643000000003,25.578450000000032,28.14929250000006,24.50019500000002,80.6006219232672,0.49448013372000005,0,0,2014,10
2014-10-10,305.18552,299.41797,302.0624604166667,298.3164254166667,0.00125598904626,24,32.03552000000002,26.267970000000048,28.912460416666704,25.166425416666698,80.23381045494712,1.25598904626,1,0,2014,10
2014-10-11,306.62146,300.07074,302.46198791666666,298.87220916666666,0.00012111664045999999,24,33.471460000000036,26.920740000000023,29.31198791666668,25.722209166666687,81.03451915905792,0.12111664045999998,0,0,2014,10
2014-10-12,306.36298,298.13376,301.97414541666666,297.35161583333337,0.0,24,33.212980000000016,24.983760000000018,28.82414541666668,24.201615833333392,76.12289035313145,0.0,0,0,2014,10
2014-10-13,305.37433,298.43695,301.46325458333337,297.8919825,0.0,24,32.22433000000001,25.286950000000047,28.31325458333339,24.741982500000006,80.99790945610636,0.0,0,0,2014,10
2014-10-14,304.78085,297.6363,301.07715666666667,297.3627154166667,7.6293945e-06,24,31.63085000000001,24.48630000000003,27.92715666666669,24.212715416666697,80.25659378420583,0.0076293945,0,0,2014,10
2014-10-15,306.28674,298.09195,301.94191041666664,297.8294320833333,4.7683716e-07,24,33.13674000000003,24.94195000000002,28.791910416666667,24.679432083333324,78.48095223208526,0.00047683716000000004,0,0,2014,10
2014-10-16,307.73224,300.38135,303.25480458333334,298.05071291666667,0.0002174377458,24,34.58224000000001,27.23135000000002,30.10480458333336,24.90071291666669,73.71889937061052,0.2174377458,0,0,2014,10
2014-10-17,306.86987,300.13132,303.39460333333335,297.6543625,2.861023e-06,24,33.719870000000014,26.98132000000004,30.244603333333373,24.504362500000013,71.41589840061057,0.002861023,0,0,2014,10
2014-10-18,306.5443,299.58728,302.81798499999996,296.84309041666666,0.0,24,33.394300000000044,26.437280000000044,29.667984999999987,23.693090416666678,70.31272835789834,0.0,0,0,2014,10
2014-10-19,306.56665,299.97104,302.92915375,296.4218491666667,1.859664876e-05,24,33.416650000000004,26.82104000000004,29.779153750000035,23.271849166666698,68.10959396419537,0.018596648759999997,0,0,2014,10
2014-10-20,308.15918,300.13287,303.63335624999996,296.8735091666667,4.2915344e-06,24,35.009180000000015,26.982870000000048,30.483356249999986,23.7235091666667,67.21600381598415,0.0042915344,0,0,2014,10
2014-10-21,308.22946,299.8076,303.5126625,295.9741325,0.0,24,35.07946000000004,26.657600000000002,30.3626625,22.82413250000002,64.10088686032583,0.0,0,0,2014,10
2014-10-22,308.23846,299.74792,303.54564666666664,295.99175083333336,1.66893e-05,24,35.08846,26.597920000000045,30.395646666666664,22.84175083333338,64.04813295004469,0.0166893,0,0,2014,10
2014-10-23,308.12067,299.3902,303.096825,295.40354083333335,0.0,24,34.97067000000004,26.240200000000016,29.946825000000047,22.253540833333375,63.41261920478579,0.0,0,0,2014,10
2014-10-24,306.7509,298.83148,302.3621125,295.78953083333334,0.00015974044816,24,33.600900000000024,25.681480000000022,29.212112500000046,22.639530833333367,67.73042094136281,0.15974044816000002,0,0,2014,10
2014-10-25,301.81628,298.47827,300.05988,293.2910425,0.0012316703873,24,28.66628000000003,25.328270000000032,26.909880000000044,20.141042500000026,66.46327394400103,1.2316703873000001,1,0,2014,10
2014-10-26,304.3559,298.8394,300.4753225,292.43967291666667,0.00032854080400000004,24,31.205900000000042,25.689400000000035,27.325322500000027,19.28967291666669,61.520385112244696,0.328540804,0,0,2014,10
2014-10-27,302.1696,298.25464,299.902815,293.95864375,0.0001273155208,24,29.019600000000025,25.104640000000018,26.752815,20.808643750000044,69.90372247300056,0.1273155208,0,0,2014,10
2014-10-28,305.20325,297.29822,300.6935125,294.279675,0.0,24,32.05325000000005,24.148220000000038,27.54351250000002,21.12967500000002,68.06224109091633,0.0,0,0,2014,10
2014-10-29,306.1796,296.09705,300.8642633333333,293.90662291666666,0.0,24,33.029600000000016,22.947050000000047,27.71426333333335,20.756622916666686,65.85631785320928,0.0,0,0,2014,10
2014-10-30,306.77625,296.58594,300.94679291666665,292.92271875,0.0,24,33.62625000000003,23.435940000000016,27.796792916666675,19.772718750000024,61.67014379503942,0.0,0,0,2014,10
2014-10-31,306.27634,296.28302,300.78705041666666,292.38164875,0.0,24,33.12634000000003,23.133020000000045,27.637050416666682,19.231648750000033,60.188846469530496,0.0,0,0,2014,10
2014-11-01,306.06204,296.43564,300.88340416666665,292.8340808333333,0.0,24,32.91204000000005,23.28564,27.733404166666674,19.684080833333326,61.55938040441676,0.0,0,0,2014,11
2014-11-02,306.0987,296.41028,301.004205,293.75536,0.0,24,32.94870000000003,23.260280000000023,27.854205000000036,20.60536000000002,64.71341437278674,0.0,0,0,2014,11
2014-11-03,307.89462,296.9692,301.99064333333337,293.7150295833333,0.0,24,34.74462,23.819200000000023,28.84064333333339,20.56502958333334,60.94964374270902,0.0,0,0,2014,11
2014-11-04,307.09204,296.88327,301.6349829166667,293.33440125,0.0,24,33.94204000000002,23.733270000000005,28.484982916666695,20.184401250000008,60.7755155433706,0.0,0,0,2014,11
2014-11-05,306.47427,298.26172,301.56136541666666,293.0998275,0.0,24,33.32427000000001,25.111720000000048,28.411365416666683,19.949827500000026,60.155992973460094,0.0,0,0,2014,11
2014-11-06,306.00592,296.78967,300.93207625,293.5484075,0.0,24,32.855920000000026,23.639670000000024,27.782076250000046,20.39840750000002,64.1618278454955,0.0,0,0,2014,11
2014-11-07,306.28046,296.40933,300.92313041666665,292.71202458333335,0.0,24,33.13046000000003,23.259330000000034,27.773130416666675,19.56202458333337,60.95243355449624,0.0,0,0,2014,11
2014-11-08,306.5667,296.15857,301.1070404166667,291.8878966666667,0.0,24,33.41670000000005,23.00857000000002,27.9570404166667,18.7378966666667,57.279714482875036,0.0,0,0,2014,11
2014-11-09,306.63873,295.7776,301.12321000000003,291.66365,0.0,24,33.48873000000003,22.62760000000003,27.97321000000005,18.51365000000004,56.42769238103797,0.0,0,0,2014,11
2014-11-10,306.5608,296.82068,301.590035,293.23261958333336,0.0,24,33.410799999999995,23.670680000000004,28.440035000000023,20.082619583333383,60.551897993888396,0.0,0,0,2014,11
2014-11-11,305.10712,298.30203,301.7424270833333,295.95676875,0.0008606910757600001,24,31.95712000000003,25.152030000000025,28.592427083333348,22.806768750000003,70.92481941951152,0.86069107576,0,0,2014,11
2014-11-12,306.39493,299.39282,302.4420979166667,296.76396958333333,1.66893003e-05,24,33.24493000000001,26.242819999999995,29.292097916666705,23.613969583333358,71.5135233734032,0.0166893003,0,0,2014,11
2014-11-13,306.89313,299.56912,301.95652375000003,296.69386000000003,0.0032978057952,24,33.74313000000001,26.41912000000002,28.806523750000053,23.543860000000052,73.2430361508296,3.2978057952,1,0,2014,11
2014-11-14,305.15112,299.27838,301.76051708333335,295.65586291666665,0.0,24,32.001120000000014,26.12838000000005,28.610517083333377,22.505862916666672,69.5671645952742,0.0,0,0,2014,11
2014-11-15,302.95142,299.07437,300.49212416666666,296.06054166666667,0.0022940635874,24,29.801420000000007,25.92437000000001,27.34212416666668,22.91054166666669,76.77760852537197,2.2940635874,1,0,2014,11
2014-11-16,303.86606,298.7621,300.6979566666667,296.30997333333335,0.000399112707,24,30.716060000000027,25.612099999999998,27.54795666666672,23.15997333333337,77.01160666613129,0.399112707,0,0,2014,11
2014-11-17,305.60034,299.11142,301.84860958333337,296.2023208333333,1.23977661e-05,24,32.45034000000004,25.961420000000032,28.698609583333393,23.05232083333334,71.54564686577443,0.0123977661,0,0,2014,11
2014-11-18,306.4665,299.19556,302.40706666666665,296.4171204166667,0.0,24,33.31650000000002,26.045560000000023,29.257066666666674,23.267120416666728,70.17337070460377,0.0,0,0,2014,11
2014-11-19,306.1527,299.50696,302.339215,295.89912375,0.0,24,33.002700000000004,26.356960000000015,29.189215000000047,22.749123750000024,68.2730296166906,0.0,0,0,2014,11
2014-11-20,306.8107,298.29318,301.98425875,294.53880541666666,0.0,24,33.66070000000002,25.14318000000003,28.834258750000004,21.388805416666685,64.1414391425726,0.0,0,0,2014,11
2014-11-21,305.8734,297.41202,301.2387654166667,292.85307916666665,0.0,24,32.72340000000003,24.262020000000007,28.088765416666718,19.70307916666667,60.365995748133855,0.0,0,0,2014,11
2014-11-22,306.05908,296.2033,300.9132633333333,292.1751258333333,0.0,24,32.90908000000002,23.053300000000036,27.763263333333327,19.025125833333334,58.981303553512916,0.0,0,0,2014,11
2014-11-23,305.52704,296.37012,300.62095458333334,292.90229500000004,0.0,24,32.37704000000002,23.22012000000001,27.470954583333366,19.75229500000006,62.777884757664346,0.0,0,0,2014,11
2014-11-24,306.71954,296.95312,301.4507475,292.91418333333337,0.0,24,33.56954000000002,23.803120000000035,28.3007475,19.764183333333392,59.851371843283665,0.0,0,0,2014,11
2014-11-25,306.1092,296.1781,300.71073125,292.17587875,0.0,24,32.95920000000001,23.028099999999995,27.560731250000003,19.025878750000004,59.687282042955104,0.0,0,0,2014,11
2014-11-26,306.12677,295.10205,300.15777625000004,290.47885875000003,0.0,24,32.976770000000045,21.952050000000042,27.007776250000063,17.32885875000005,55.419556524673695,0.0,0,0,2014,11
2014-11-27,305.76398,294.115,299.75690208333333,290.50346874999997,0.0,24,32.613980000000026,20.965000000000032,26.606902083333352,17.35346874999999,56.83175038640805,0.0,0,0,2014,11
2014-11-28,305.63873,294.78906,299.6686279166667,291.01581458333334,0.0,24,32.48873000000003,21.63906000000003,26.51862791666673,17.86581458333336,59.00583431493083,0.0,0,0,2014,11
2014-11-29,305.35117,295.37677,299.7483941666667,291.6179075,0.0,24,32.20117000000005,22.226770000000045,26.598394166666708,18.467907500000024,60.993432821890615,0.0,0,0,2014,11
2014-11-30,305.85294,295.14935,299.75634125,290.55038083333335,0.0,24,32.70294000000001,21.99935000000005,26.606341250000014,17.400380833333372,57.00244024679174,0.0,0,0,2014,11
2014-12-01,305.15317,293.7173,299.0373575,288.3978829166667,0.0,24,32.00317000000001,20.567300000000046,25.887357500000007,15.247882916666697,51.85325794686586,0.0,0,0,2014,12
2014-12-02,305.7946,294.3626,299.78194125,289.99327999999997,0.0,24,32.644600000000025,21.21260000000001,26.63194125000001,16.843279999999993,54.94291549819388,0.0,0,0,2014,12
2014-12-03,305.92633,294.91144,300.11673708333336,291.41987916666665,0.0,24,32.77633000000003,21.76144000000005,26.966737083333385,18.26987916666667,58.947464850741085,0.0,0,0,2014,12
2014-12-04,305.64343,295.8852,300.3513825,292.24234625,0.0,24,32.493430000000046,22.73520000000002,27.201382500000022,19.09234625000005,61.21173502894738,0.0,0,0,2014,12
2014-12-05,306.26935,294.4115,299.72617125,290.41870375,0.0,24,33.11935,21.261500000000012,26.576171250000016,17.268703750000043,56.630404758549126,0.0,0,0,2014,12
2014-12-06,306.14197,293.63086,299.2768541666667,289.64731750000004,0.0,24,32.99197000000004,20.480860000000007,26.126854166666703,16.497317500000065,55.37570973693836,0.0,0,0,2014,12
2014-12-07,305.65237,293.00928,298.83135,289.6436029166667,0.0,24,32.50237000000004,19.859280000000012,25.68135000000001,16.493602916666703,56.844260932002065,0.0,0,0,2014,12
2014-12-08,305.67993,293.69864,299.08708666666666,290.37064458333333,0.0,24,32.529930000000036,20.548640000000034,25.937086666666687,17.220644583333353,58.63268203149085,0.0,0,0,2014,12
2014-12-09,305.54254,294.265,299.457905,291.72321,0.0,24,32.39254,21.11500000000001,26.307905000000005,18.573210000000017,62.45938832392655,0.0,0,0,2014,12
2014-12-10,305.3275,295.8988,299.8388725,292.6850133333333,0.0,24,32.17750000000001,22.748800000000017,26.688872500000002,19.535013333333325,64.84913085649362,0.0,0,0,2014,12
2014-12-11,304.27667,296.1891,299.92364875,293.57302,0.0,24,31.126670000000047,23.03910000000002,26.773648750000007,20.423020000000008,68.17693103093758,0.0,0,0,2014,12
2014-12-12,303.07907,296.95752,299.4121425,296.10230874999996,0.0063304900758,24,29.929070000000024,23.80752000000001,26.26214250000004,22.952308749999986,82.02665926939821,6.3304900758,1,0,2014,12
2014-12-13,301.7317,296.12823,298.46285958333334,294.95918458333335,0.00504922867746,24,28.581700000000012,22.978229999999996,25.312859583333363,21.809184583333376,80.94691256705097,5.0492286774599995,1,0,2014,12
2014-12-14,301.99866,293.4878,297.40103625,288.96245125,6.19888296e-06,24,28.848659999999995,20.337800000000016,24.251036250000027,15.812451250000038,59.277611596104244,0.00619888296,0,0,2014,12
2014-12-15,302.15826,290.6729,295.8432975,283.3979679166667,0.0,24,29.008260000000007,17.52290000000005,22.69329750000003,10.24796791666671,45.25934982158133,0.0,0,0,2014,12
2014-12-16,303.4322,291.8273,297.20902375,287.4909,0.0,24,30.282200000000046,18.677300000000002,24.059023749999994,14.340900000000033,54.54723659854184,0.0,0,0,2014,12
2014-12-17,302.29395,292.8672,296.9787116666667,288.04716666666667,0.0,24,29.143950000000018,19.717200000000048,23.82871166666672,14.897166666666692,57.3311989576495,0.0,0,0,2014,12
2014-12-18,302.68597,291.02496,296.23377416666665,285.477075,0.0,24,29.53597000000002,17.874960000000044,23.08377416666667,12.327075000000036,50.73105297927636,0.0,0,0,2014,12
2014-12-19,303.53937,291.73874,297.1648158333333,287.08514625,0.0,24,30.389370000000042,18.58874000000003,24.01481583333333,13.935146250000003,53.27265440424731,0.0,0,0,2014,12
2014-12-20,303.6277,293.5082,297.79141208333334,288.67200625000004,0.0,24,30.477700000000027,20.35820000000001,24.641412083333364,15.52200625000006,56.839485742546195,0.0,0,0,2014,12
2014-12-21,303.43274,292.5641,297.3645608333333,288.8071058333333,0.0,24,30.282740000000047,19.41410000000002,24.214560833333337,15.657105833333333,58.81960104334692,0.0,0,0,2014,12
2014-12-22,303.52173,291.63766,296.98867,287.49675666666667,0.0,24,30.371730000000014,18.487660000000005,23.838670000000036,14.346756666666693,55.29601942926598,0.0,0,0,2014,12
2014-12-23,302.94275,291.1828,296.7228825,288.2181166666667,0.0,24,29.792750000000012,18.03280000000001,23.57288250000005,15.068116666666697,58.86644148683215,0.0,0,0,2014,12
2014-12-24,303.40866,291.5337,296.99670833333334,289.2755183333333,0.0,24,30.25866000000002,18.383700000000033,23.846708333333368,16.125518333333332,61.96333309573673,0.0,0,0,2014,12
2014-12-25,303.53583,291.5036,297.3419979166667,289.94267333333335,0.0,24,30.38583,18.35360000000003,24.191997916666708,16.79267333333337,63.32375968639823,0.0,0,0,2014,12
2014-12-26,303.25183,292.47266,297.55370166666665,288.71791791666664,0.0,24,30.101830000000007,19.32266000000004,24.403701666666677,15.567917916666659,57.82451366730622,0.0,0,0,2014,12
2014-12-27,302.31012,292.0791,296.6941308333333,286.76843833333334,0.0,24,29.160120000000006,18.929100000000005,23.544130833333327,13.618438333333359,53.68775529287321,0.0,0,0,2014,12
2014-12-28,302.52444,290.77582,296.1073670833333,286.1417420833333,0.0,24,29.37444000000005,17.625820000000033,22.957367083333338,12.99174208333335,53.39826442304485,0.0,0,0,2014,12
2014-12-29,302.61145,290.20837,296.172935,286.67105250000003,0.0,24,29.461450000000013,17.058370000000025,23.022935000000018,13.521052500000053,55.0560756568887,0.0,0,0,2014,12
2014-12-30,300.9408,291.96405,296.13027791666667,289.1901295833333,0.0,24,27.790800000000047,18.81405000000001,22.980277916666694,16.04012958333334,64.93701939217385,0.0,0,0,2014,12
2014-12-31,299.64917,292.76282,295.84660041666666,289.98938125,4.7683716e-07,24,26.49917000000005,19.61282,22.696600416666683,16.83938125000003,69.51338526974504,0.00047683716000000004,0,0,2014,12
2015-01-01,298.7635,292.87695,295.70153999999997,288.5132145833333,0.0003952980031,24,25.613500000000045,19.726950000000045,22.55153999999999,15.363214583333331,63.82127867561635,0.3952980031,0,0,2015,1
2015-01-02,299.1598,292.50433,295.6975904166666,289.80951166666665,9.059906099999999e-06,24,26.00980000000004,19.354330000000004,22.54759041666665,16.659511666666674,69.34858513763177,0.009059906099999999,0,0,2015,1
2015-01-03,299.9153,292.68234,296.0142275,290.95490708333335,0.0,24,26.765300000000025,19.532340000000033,22.864227500000027,17.804907083333376,73.14291043944557,0.0,0,0,2015,1
2015-01-04,302.42938,292.41046,297.0454275,290.84456875,0.0,24,29.279380000000003,19.260460000000023,23.89542750000004,17.69456875000003,68.24915279974486,0.0,0,0,2015,1
2015-01-05,302.73053,293.62073,297.6462079166667,290.2831595833333,0.0,24,29.58053000000001,20.470730000000003,24.49620791666672,17.133159583333338,63.53621634735058,0.0,0,0,2015,1
2015-01-06,303.00726,293.04437,297.5691591666667,290.8411183333333,0.0,24,29.857259999999997,19.894370000000038,24.419159166666702,17.69111833333335,66.12141225392108,0.0,0,0,2015,1
2015-01-07,301.68698,292.67615,296.42058625,289.52207916666663,0.0,24,28.536980000000028,19.52615000000003,23.270586250000008,16.37207916666665,65.17155027470581,0.0,0,0,2015,1
2015-01-08,302.5567,291.4978,296.4089391666667,287.84175875,0.0,24,29.4067,18.347800000000007,23.25893916666672,14.69175875000002,58.55550792268468,0.0,0,0,2015,1
2015-01-09,302.9037,291.1754,296.9943016666667,286.871505,0.0,24,29.753700000000038,18.025400000000047,23.844301666666695,13.721505000000036,53.07997298292555,0.0,0,0,2015,1
2015-01-10,303.50336,290.8053,296.47699416666666,286.4526579166666,0.0,24,30.35336000000001,17.65530000000001,23.32699416666668,13.302657916666647,53.28843244634682,0.0,0,0,2015,1
2015-01-11,303.07904,289.656,296.0748883333333,286.2222120833333,0.0,24,29.929040000000043,16.50600000000003,22.924888333333342,13.07221208333334,53.7857170956522,0.0,0,0,2015,1
2015-01-12,303.25403,289.59793,295.72577375,286.32453208333334,0.0,24,30.104030000000023,16.447930000000042,22.575773749999996,13.17453208333336,55.30606711000786,0.0,0,0,2015,1
2015-01-13,302.09155,289.63306,295.3163783333334,287.29396083333336,0.0,24,28.941550000000007,16.483060000000023,22.166378333333398,14.14396083333338,60.393151238696,0.0,0,0,2015,1
2015-01-14,301.81696,291.53082,295.9203525,288.21432999999996,0.0,24,28.666960000000017,18.38082000000003,22.7703525,15.064329999999984,61.78024302320092,0.0,0,0,2015,1
2015-01-15,302.56314,290.8159,296.16536541666665,288.00776541666664,0.0,24,29.41314,17.665900000000022,23.01536541666667,14.857765416666666,60.06478965245638,0.0,0,0,2015,1
2015-01-16,303.03244,290.66193,296.5008266666667,289.16660333333334,0.0,24,29.88244000000003,17.511930000000007,23.350826666666705,16.016603333333364,63.40193661953894,0.0,0,0,2015,1
2015-01-17,303.05585,291.0364,296.79422625,288.6428104166667,0.0,24,29.905850000000044,17.886400000000037,23.64422625000003,15.492810416666714,60.23510239797381,0.0,0,0,2015,1
2015-01-18,302.59503,291.6178,296.49601916666666,288.5745229166667,0.0,24,29.44503000000003,18.46780000000001,23.34601916666668,15.424522916666717,61.06096491740458,0.0,0,0,2015,1
2015-01-19,301.60928,292.58746,296.5684429166667,289.83889375,0.0,24,28.459280000000035,19.437460000000044,23.41844291666672,16.688893750000034,65.90727458466736,0.0,0,0,2015,1
2015-01-20,300.22488,291.10687,295.94477166666667,290.50966,5.72204582e-06,24,27.074880000000007,17.956870000000038,22.79477166666669,17.35966000000002,71.41610746476648,0.0057220458200000004,0,0,2015,1
2015-01-21,301.00366,291.6737,296.15745875,290.3635725,0.0,24,27.853660000000048,18.52370000000002,23.007458750000012,17.213572499999998,69.85255608179953,0.0,0,0,2015,1
2015-01-22,299.73352,292.89984,296.2387595833333,291.86528875,1.716613766e-05,24,26.58352000000002,19.749840000000006,23.088759583333342,18.715288750000013,76.39966695593584,0.01716613766,0,0,2015,1
2015-01-23,300.9831,292.59998,296.3042091666667,290.36932375,0.0,24,27.8331,19.44998000000004,23.154209166666703,17.21932375,69.25987517319061,0.0,0,0,2015,1
2015-01-24,302.01434,293.6515,296.9237979166667,290.30326833333334,0.0,24,28.864340000000027,20.50150000000002,23.773797916666695,17.153268333333358,66.4385937054878,0.0,0,0,2015,1
2015-01-25,301.53305,293.95728,297.08554,291.71000208333334,0.0,24,28.383050000000026,20.80728000000005,23.935540000000003,18.56000208333336,71.8910817246022,0.0,0,0,2015,1
2015-01-26,301.30286,292.28815,296.37331875,289.3328941666667,0.0,24,28.152860000000032,19.138149999999996,23.223318750000033,16.1828941666667,64.57447918846943,0.0,0,0,2015,1
2015-01-27,300.62018,291.9673,295.7397179166667,288.28074291666667,0.0,24,27.470180000000028,18.817300000000046,22.5897179166667,15.13074291666669,62.72914366604788,0.0,0,0,2015,1
2015-01-28,301.53473,292.26898,296.2076779166667,290.78168625,0.0,24,28.384730000000047,19.118980000000022,23.057677916666705,17.63168625000003,71.50515612676087,0.0,0,0,2015,1
2015-01-29,301.96765,292.18512,296.39585458333335,290.32483333333334,0.0,24,28.817650000000015,19.035120000000006,23.24585458333337,17.174833333333368,68.68325318433544,0.0,0,0,2015,1
2015-01-30,303.4986,293.0374,297.7926966666667,290.31840125,0.0,24,30.348600000000033,19.887400000000014,24.642696666666723,17.168401250000045,63.12210687523914,0.0,0,0,2015,1
2015-01-31,303.8559,293.29364,298.0487825,290.073225,0.0,24,30.705900000000042,20.143640000000005,24.89878250000004,16.923225000000002,61.20453349127593,0.0,0,0,2015,1
2015-02-01,303.45358,293.3213,297.81423375,290.0981658333333,0.0,24,30.30358000000001,20.17130000000003,24.66423375000005,16.94816583333335,62.16702235261908,0.0,0,0,2015,2
2015-02-02,302.36276,292.84406,296.97344833333335,290.21154916666666,0.0,24,29.212760000000003,19.694060000000036,23.823448333333374,17.06154916666668,65.85646135974527,0.0,0,0,2015,2
2015-02-03,303.417,293.58844,298.0392145833333,290.7183145833333,0.0,24,30.266999999999996,20.438440000000014,24.88921458333334,17.568314583333347,63.79133244832823,0.0,0,0,2015,2
2015-02-04,303.77313,294.0753,298.3220025,290.55922208333334,0.0,24,30.623130000000003,20.92530000000005,25.17200250000002,17.40922208333336,62.096786918130874,0.0,0,0,2015,2
2015-02-05,303.90057,292.5105,297.6705358333333,290.44482666666664,0.0,24,30.75057000000004,19.360500000000002,24.520535833333327,17.294826666666665,64.09628449474404,0.0,0,0,2015,2
2015-02-06,302.31702,292.74228,297.10614791666666,291.23530375,0.0,24,29.167020000000036,19.592280000000017,23.95614791666668,18.085303750000037,69.69425325895072,0.0,0,0,2015,2
2015-02-07,301.79218,293.49872,296.91733208333335,292.1077891666667,0.0,24,28.642179999999996,20.348720000000014,23.767332083333372,18.957789166666714,74.45255394429526,0.0,0,0,2015,2
2015-02-08,301.50565,292.58374,296.7054808333333,290.20262291666666,0.0,24,28.355650000000026,19.43374,23.55548083333332,17.052622916666678,66.8908424360483,0.0,0,0,2015,2
2015-02-09,303.372,292.242,297.2819358333333,288.200105,0.0,24,30.222000000000037,19.09200000000004,24.13193583333333,15.05010500000003,56.85244104838922,0.0,0,0,2015,2
2015-02-10,303.01727,292.7121,297.74024583333335,291.3256383333333,0.0,24,29.86727000000002,19.562100000000044,24.59024583333337,18.175638333333325,67.47423222585444,0.0,0,0,2015,2
2015-02-11,302.56354,292.8551,297.29827041666664,291.96462625,0.0,24,29.413540000000012,19.705100000000016,24.148270416666662,18.814626250000003,72.117882399238,0.0,0,0,2015,2
2015-02-12,303.69348,293.57825,297.68313666666666,290.66484541666665,0.0,24,30.543480000000045,20.428250000000048,24.533136666666678,17.514845416666674,64.94486073988918,0.0,0,0,2015,2
2015-02-13,303.83563,293.1785,297.9886616666667,290.58950166666665,0.0,24,30.685630000000003,20.028500000000008,24.838661666666724,17.439501666666672,63.46583297198328,0.0,0,0,2015,2
2015-02-14,303.3707,293.61304,297.9337091666667,291.27872,0.0,24,30.220700000000022,20.463040000000035,24.78370916666671,18.128720000000044,66.50144949052098,0.0,0,0,2015,2
2015-02-15,303.26514,293.62717,297.8799695833333,290.79994416666665,0.0,24,30.115139999999997,20.47717,24.729969583333343,17.64994416666667,64.73399716072815,0.0,0,0,2015,2
2015-02-16,304.3615,293.00217,298.07650375,291.6109608333333,0.0,24,31.2115,19.85217,24.926503749999995,18.46096083333333,67.3262299526584,0.0,0,0,2015,2
2015-02-17,304.65372,293.71375,298.39533083333333,291.29759416666667,0.0,24,31.503720000000044,20.563750000000027,25.245330833333355,18.147594166666693,64.7712797222168,0.0,0,0,2015,2
2015-02-18,303.2306,293.19476,297.5599020833333,292.0321329166667,0.0,24,30.080600000000004,20.044759999999997,24.40990208333335,18.882132916666706,71.29478185914122,0.0,0,0,2015,2
2015-02-19,303.04156,293.74097,297.7936379166667,292.9945470833333,0.0,24,29.891560000000027,20.590970000000027,24.643637916666705,19.84454708333334,74.64571780447848,0.0,0,0,2015,2
2015-02-20,303.24548,293.10596,297.6317579166667,292.5923945833333,1.668930026e-05,24,30.09548000000001,19.955960000000005,24.48175791666671,19.44239458333334,73.51265309451819,0.016689300259999998,0,0,2015,2
2015-02-21,306.3617,293.61685,299.8490570833333,290.79452125,0.0,24,33.21170000000001,20.466850000000022,26.699057083333344,17.644521250000025,57.57254256248357,0.0,0,0,2015,2
2015-02-22,306.37213,294.3698,299.8039875,291.5690041666667,0.0,24,33.22213000000005,21.21980000000002,26.653987500000028,18.419004166666696,60.60767089071309,0.0,0,0,2015,2
2015-02-23,304.6633,295.65228,299.628975,292.99491875,0.0,24,31.513300000000015,22.50228000000004,26.478975000000048,19.844918750000033,66.93312665831924,0.0,0,0,2015,2
2015-02-24,303.90033,294.7378,298.8925704166667,293.42521958333333,0.0,24,30.75033000000002,21.587800000000016,25.742570416666695,20.275219583333353,71.80372231533978,0.0,0,0,2015,2
2015-02-25,303.32788,295.23712,298.4275425,293.2131083333333,1.9073486200000001e-06,24,30.177880000000016,22.087120000000027,25.277542500000038,20.063108333333332,72.85402335166864,0.00190734862,0,0,2015,2
2015-02-26,301.72162,293.86655,297.2850095833333,290.456475,0.0,24,28.571619999999996,20.71655000000004,24.13500958333333,17.306475000000034,65.64412315887448,0.0,0,0,2015,2
2015-02-27,301.51532,293.7829,297.10904958333333,289.6333220833333,0.0,24,28.365319999999997,20.632900000000006,23.959049583333353,16.48332208333335,62.96574757313721,0.0,0,0,2015,2
2015-02-28,299.9947,292.68936,295.63418083333335,290.86714166666667,0.00672674184,24,26.844700000000046,19.539360000000045,22.48418083333337,17.71714166666669,74.43774333536368,6.72674184,1,0,2015,2
2015-03-01,297.56696,293.71124,295.40993833333334,292.03071125,0.0110678672846,24,24.416960000000017,20.561239999999998,22.259938333333366,18.880711250000047,81.17911298328211,11.0678672846,1,0,2015,3
2015-03-02,299.39627,294.6491,296.7863745833333,290.66788791666664,0.00046253204365999997,24,26.246270000000038,21.4991,23.63637458333335,17.517887916666666,68.55378751344149,0.46253204365999995,0,0,2015,3
2015-03-03,298.79327,291.5354,295.14059041666667,288.1669641666667,0.0,24,25.64327000000003,18.385400000000004,21.99059041666669,15.016964166666696,64.58579519105702,0.0,0,0,2015,3
2015-03-04,300.50586,291.5432,295.6783070833333,288.71178749999996,0.0,24,27.355860000000007,18.393200000000036,22.528307083333345,15.56178749999998,64.73094560344241,0.0,0,0,2015,3
2015-03-05,302.72137,293.2556,297.62172291666667,290.0704954166667,0.0,24,29.57137,20.105600000000038,24.471722916666693,16.92049541666671,62.777451014873634,0.0,0,0,2015,3
2015-03-06,304.9709,293.33948,298.92578625,289.9208379166667,0.0,24,31.820899999999995,20.189480000000003,25.77578625000001,16.77083791666672,57.531764790450175,0.0,0,0,2015,3
2015-03-07,304.83478,293.55957,298.95163083333335,289.77944875,0.0,24,31.684780000000046,20.40957000000003,25.801630833333377,16.629448749999995,56.9297696013746,0.0,0,0,2015,3
2015-03-08,303.92877,293.6101,298.6667425,291.65432375,0.0,24,30.77877000000001,20.46010000000001,25.51674250000002,18.504323750000026,65.17652777333565,0.0,0,0,2015,3
2015-03-09,305.28583,294.31543,299.41215833333337,291.39460041666666,0.0,24,32.13583,21.165430000000015,26.26215833333339,18.244600416666685,61.35085526128282,0.0,0,0,2015,3
2015-03-10,304.38367,295.6541,300.04270708333337,292.56203166666666,1.7166138e-05,24,31.233670000000018,22.50410000000005,26.89270708333339,19.412031666666678,63.586884158492246,0.017166137999999997,0,0,2015,3
2015-03-11,305.51273,296.68488,300.81354166666665,294.0494516666667,8.4877014e-05,24,32.36273,23.534880000000044,27.663541666666674,20.89945166666672,66.63556298350888,0.084877014,0,0,2015,3
2015-03-12,307.10638,297.73962,301.69856125,293.24541125,0.0,24,33.956380000000024,24.589620000000025,28.548561250000034,20.09541125000004,60.21859567311093,0.0,0,0,2015,3
2015-03-13,306.3097,296.98773,301.2350554166667,292.90431875,0.0003366470331,24,33.15970000000004,23.837730000000022,28.085055416666705,19.75431875000004,60.57148223701289,0.3366470331,0,0,2015,3
2015-03-14,304.09814,297.06866,300.16124958333336,295.0545675,3.33786e-06,24,30.948140000000024,23.918660000000045,27.01124958333338,21.90456750000004,73.6355908700805,0.0033378600000000002,0,0,2015,3
2015-03-15,302.0962,296.83087,299.19897083333336,294.55014708333334,2.38418576e-06,24,28.946200000000033,23.680870000000027,26.048970833333385,21.400147083333366,75.56859358486115,0.00238418576,0,0,2015,3
2015-03-16,302.39764,295.82553,298.6820970833333,292.82418708333336,0.0002765655518,24,29.247640000000047,22.675530000000037,25.532097083333326,19.67418708333338,70.04836302056906,0.2765655518,0,0,2015,3
2015-03-17,304.90582,293.36322,298.8317729166667,289.0263025,0.0,24,31.75582000000003,20.213220000000035,25.681772916666716,15.876302500000008,54.64755094957829,0.0,0,0,2015,3
2015-03-18,306.2625,295.09705,300.3204133333333,290.26604541666666,0.0,24,33.11250000000001,21.947050000000047,27.17041333333333,17.11604541666668,54.15795898682509,0.0,0,0,2015,3
2015-03-19,306.43237,295.23322,300.9675766666667,292.25502208333336,0.0,24,33.282370000000014,22.08322000000004,27.817576666666696,19.10502208333338,59.08822704498059,0.0,0,0,2015,3
2015-03-20,306.95526,296.84412,301.27475583333336,293.45757083333336,0.0,24,33.80526000000003,23.694119999999998,28.12475583333338,20.307570833333386,62.53866991195511,0.0,0,0,2015,3
2015-03-21,306.78885,297.968,301.3527979166667,295.18765916666666,0.0,24,33.63885000000005,24.81800000000004,28.202797916666725,22.037659166666685,69.2345652082508,0.0,0,0,2015,3
2015-03-22,306.6875,297.13068,301.38724333333334,296.5426458333333,0.0,24,33.53750000000002,23.980680000000007,28.237243333333367,23.392645833333347,75.020131737469,0.0,0,0,2015,3
2015-03-23,306.35486,298.4757,301.71582333333333,296.65776458333335,0.0,24,33.20486,25.32570000000004,28.565823333333356,23.50776458333337,74.11249881785716,0.0,0,0,2015,3
2015-03-24,307.47467,297.9745,301.88561541666667,295.4789354166667,0.0,24,34.324670000000026,24.8245,28.73561541666669,22.328935416666695,68.32399898146981,0.0,0,0,2015,3
2015-03-25,309.15704,298.13306,302.81945583333334,294.6084633333333,0.0,24,36.00704000000002,24.983060000000023,29.66945583333336,21.458463333333327,61.37829168269102,0.0,0,0,2015,3
2015-03-26,305.40475,298.79395,301.7176779166667,297.72534875,3.3378600800000003e-06,24,32.25475,25.643950000000018,28.567677916666696,24.575348750000046,79.01597592233502,0.0033378600800000003,0,0,2015,3
2015-03-27,304.77692,299.20978,301.60275041666665,298.1913670833333,6.6757202e-06,24,31.62692000000004,26.059780000000046,28.452750416666674,25.04136708333334,81.79255553052647,0.0066757202,0,0,2015,3
2015-03-28,305.27502,298.59137,301.3984708333333,297.44762083333336,3.3378601599999997e-06,24,32.125020000000006,25.441370000000006,28.24847083333333,24.297620833333383,79.16871981569251,0.0033378601599999996,0,0,2015,3
2015-03-29,306.60583,299.409,301.9007825,296.55853458333337,3.385543789999999e-05,24,33.45583000000005,26.259000000000015,28.750782500000014,23.40853458333339,72.88254962927796,0.03385543789999999,0,0,2015,3
2015-03-30,306.72446,298.8998,302.32012291666666,295.43720375,5.72204586e-06,24,33.574460000000045,25.74980000000005,29.170122916666685,22.287203750000003,66.45561256224755,0.00572204586,0,0,2015,3
2015-03-31,306.82956,297.45117,301.73684,290.5081354166667,0.0,24,33.67956000000004,24.301170000000013,28.586839999999995,17.3581354166667,50.626446983272935,0.0,0,0,2015,3
2015-04-01,304.99268,296.04868,300.39291625000004,291.92979833333334,0.0,24,31.84268000000003,22.898680000000013,27.242916250000064,18.77979833333336,59.88194087168873,0.0,0,0,2015,4
2015-04-02,305.15402,295.6126,300.50937,293.79881416666666,0.0,24,32.004020000000025,22.46260000000001,27.359370000000013,20.648814166666682,66.79420665204776,0.0,0,0,2015,4
2015-04-03,304.25037,296.91785,300.46178625,294.45735625000003,0.0,24,31.100369999999998,23.76785000000001,27.31178625000001,21.307356250000055,69.74986282536523,0.0,0,0,2015,4
2015-04-04,304.47934,296.35312,300.25953499999997,294.592675,0.0,24,31.329340000000002,23.203120000000013,27.109534999999994,21.44267500000001,71.17123274476268,0.0,0,0,2015,4
2015-04-05,303.9282,296.39697,300.1464875,295.4872025,1.001358032e-05,24,30.778200000000027,23.246970000000033,26.9964875,22.337202500000046,75.66986905918208,0.01001358032,0,0,2015,4
2015-04-06,303.98126,296.01837,299.56768958333333,294.0844354166667,1.33514405e-05,24,30.831260000000043,22.868370000000027,26.417689583333356,20.9344354166667,71.85353393032355,0.013351440499999999,0,0,2015,4
2015-04-07,303.619,296.85736,299.7133279166667,294.94273458333333,2.908706736e-05,24,30.46900000000005,23.70736000000005,26.563327916666708,21.792734583333356,75.08908856593737,0.029087067360000003,0,0,2015,4
2015-04-08,303.78485,297.9159,300.43508333333335,295.13756166666667,5.7220459599999994e-06,24,30.63485000000003,24.765900000000045,27.285083333333375,21.987561666666693,72.82881806943831,0.005722045959999999,0,0,2015,4
2015-04-09,303.95688,299.0415,301.01550833333334,296.37065666666666,0.0,24,30.806880000000035,25.891500000000008,27.865508333333366,23.220656666666684,75.87227461231332,0.0,0,0,2015,4
2015-04-10,303.89774,298.85016,301.06998,296.5207775,4.7683716e-07,24,30.74774000000002,25.70016000000004,27.91998000000001,23.37077750000003,76.32066023393465,0.00047683716000000004,0,0,2015,4
2015-04-11,303.25684,298.95526,300.8524770833333,296.0271220833333,2.5272369759999998e-05,24,30.106840000000034,25.805260000000033,27.70247708333335,22.877122083333347,75.02178164137487,0.025272369759999996,0,0,2015,4
2015-04-12,303.06857,298.46454,300.48131666666666,295.55478208333335,9.53674316e-06,24,29.918570000000045,25.314540000000022,27.33131666666668,22.404782083333373,74.50217588118961,0.00953674316,0,0,2015,4
2015-04-13,302.60388,297.7494,300.03978125,295.06891625,0.00011396408292,24,29.453880000000026,24.599400000000003,26.88978125,21.918916249999995,74.22865308899206,0.11396408292,0,0,2015,4
2015-04-14,302.43298,297.19006,300.02416124999996,294.8152116666667,0.0012960433980599999,24,29.28298000000001,24.04006000000004,26.874161249999986,21.66521166666672,73.15345916062199,1.29604339806,1,0,2015,4
2015-04-15,304.16086,297.10388,300.66351625,295.56313916666664,3.19480902e-05,24,31.010860000000037,23.953880000000026,27.51351625000001,22.413139166666667,73.74818126573228,0.0319480902,0,0,2015,4
2015-04-16,306.3135,298.6552,302.5530475,296.4233654166666,4.386902e-05,24,33.1635,25.505200000000002,29.403047500000014,23.27336541666665,69.61000633378785,0.043869019999999995,0,0,2015,4
2015-04-17,306.32935,299.45508,302.5176020833333,297.6198225,1.9073486e-06,24,33.17935,26.305080000000032,29.367602083333338,24.46982250000002,74.96102062949926,0.0019073486,0,0,2015,4
2015-04-18,305.50427,299.02753,302.29420166666665,297.82957166666665,0.0,24,32.35427000000004,25.877530000000036,29.144201666666675,24.679571666666675,76.89544334465936,0.0,0,0,2015,4
2015-04-19,306.5267,299.49585,303.1381891666667,297.08892375,0.0,24,33.37670000000003,26.34585000000004,29.9881891666667,23.938923750000015,70.05731105306505,0.0,0,0,2015,4
2015-04-20,305.8955,299.91986,302.8655508333333,298.3336595833333,0.0,24,32.74550000000005,26.76986000000005,29.71555083333334,25.183659583333338,76.6726887925349,0.0,0,0,2015,4
2015-04-21,305.98926,300.22388,302.86528500000003,298.77900166666666,0.0,24,32.839260000000024,27.07388000000003,29.71528500000005,25.62900166666668,78.73279423675869,0.0,0,0,2015,4
2015-04-22,305.47412,301.106,302.9385516666667,299.1777308333333,1.621246346e-05,24,32.32412000000005,27.956000000000017,29.788551666666706,26.02773083333335,80.27745303482355,0.01621246346,0,0,2015,4
2015-04-23,305.19592,300.7965,302.766015,298.13402583333334,0.00011587142919999999,24,32.045920000000024,27.646500000000003,29.616015000000004,24.984025833333362,76.20123797677334,0.11587142919999999,0,0,2015,4
2015-04-24,304.80945,300.00662,302.1761295833333,297.0311708333333,0.0,24,31.65945000000005,26.85662000000002,29.02612958333333,23.88117083333333,73.8013268169752,0.0,0,0,2015,4
2015-04-25,304.81677,298.35608,301.5618641666667,296.2348191666667,9.5367432e-06,24,31.666770000000042,25.206080000000043,28.411864166666703,23.084819166666705,72.89155405639599,0.009536743200000001,0,0,2015,4
2015-04-26,304.90625,298.54492,301.63204,296.30460375,4.7683716e-07,24,31.756250000000023,25.394920000000013,28.48204000000004,23.154603750000035,72.90183989340396,0.00047683716000000004,0,0,2015,4
2015-04-27,305.36737,300.01465,302.11694166666666,297.20324625,0.0,24,32.21737000000002,26.86465000000004,28.966941666666685,24.05324625000003,74.82527209116769,0.0,0,0,2015,4
2015-04-28,304.79276,299.66962,302.2785958333333,297.53238500000003,2.7179718020000002e-05,24,31.64276000000001,26.51962000000003,29.12859583333335,24.382385000000056,75.60716041292429,0.027179718020000004,0,0,2015,4
2015-04-29,305.30182,299.75583,302.35516,297.840505,7.15255736e-06,24,32.15182000000004,26.605830000000026,29.205160000000035,24.69050500000003,76.67479876631677,0.007152557360000001,0,0,2015,4
2015-04-30,304.96277,299.46582,302.1877979166667,297.4309641666667,6.34193411e-05,24,31.81277,26.31582000000003,29.037797916666705,24.280964166666706,75.54478128497344,0.0634193411,0,0,2015,4
2015-05-01,305.11792,298.7932,302.09231458333335,297.46080958333334,6.675720200000001e-06,24,31.96792000000005,25.643200000000036,28.94231458333337,24.310809583333366,76.10007513224234,0.0066757202000000005,0,0,2015,5
2015-05-02,305.19482,299.0935,302.07574125,297.4639041666667,1.335144032e-05,24,32.044820000000016,25.94350000000003,28.925741250000044,24.313904166666703,76.18736775279297,0.01335144032,0,0,2015,5
2015-05-03,305.38898,299.88538,302.50868375,298.106255,3.385543806e-05,24,32.238980000000026,26.73538000000002,29.35868375000001,24.956255,77.21373204361296,0.03385543806,0,0,2015,5
2015-05-04,306.14874,299.17917,302.616345,297.59303708333334,0.0,24,32.99874,26.029170000000022,29.466345000000047,24.443037083333365,74.41511868023107,0.0,0,0,2015,5
2015-05-05,305.95627,299.7473,302.9034883333333,297.5942933333333,0.0,24,32.80627000000004,26.59730000000002,29.753488333333337,24.44429333333335,73.19818589736856,0.0,0,0,2015,5
2015-05-06,306.94537,300.33252,303.31387166666667,297.0474070833333,0.0,24,33.79537000000005,27.18252000000001,30.163871666666694,23.89740708333335,69.18029318162237,0.0,0,0,2015,5
2015-05-07,306.76297,300.5769,303.31281583333333,297.97728291666664,0.0,24,33.61297000000002,27.426900000000046,30.162815833333354,24.82728291666666,73.15194489013749,0.0,0,0,2015,5
2015-05-08,306.2443,300.36505,303.34005833333333,298.39372125,0.0,24,33.09430000000003,27.21505000000002,30.190058333333354,25.24372125000002,74.87509006093303,0.0,0,0,2015,5
2015-05-09,307.68433,301.14706,303.80090375000003,297.69501625,0.0,24,34.53433000000001,27.997060000000033,30.650903750000055,24.545016250000003,69.94164529381803,0.0,0,0,2015,5
2015-05-10,306.45844,300.84668,303.30984374999997,297.40160583333335,0.0,24,33.30844000000002,27.696680000000015,30.159843749999993,24.25160583333337,70.68500205254236,0.0,0,0,2015,5
2015-05-11,306.45288,299.44397,302.9200583333333,297.89744083333335,0.0,24,33.302880000000016,26.29397,29.77005833333334,24.74744083333337,74.46751986921524,0.0,0,0,2015,5
2015-05-12,305.55328,300.67218,303.06924375,298.2660383333333,4.81605537e-05,24,32.403279999999995,27.52218000000005,29.91924375000002,25.116038333333336,75.47353996002202,0.0481605537,0,0,2015,5
2015-05-13,305.60034,300.95972,302.7059083333333,297.86129375,2.050399772e-05,24,32.45034000000004,27.809720000000027,29.55590833333332,24.71129375000004,75.22997320132903,0.02050399772,0,0,2015,5
2015-05-14,306.83527,300.34222,303.0572375,297.81498833333336,0.000320434575,24,33.68527,27.19222000000002,29.907237500000008,24.664988333333383,73.51808260763023,0.320434575,0,0,2015,5
2015-05-15,307.632,301.30103,303.92197875,298.3767741666667,7.7247622e-05,24,34.48200000000003,28.15103000000005,30.771978750000017,25.2267741666667,72.34575379504827,0.077247622,0,0,2015,5
2015-05-16,306.4162,301.49524,303.76299208333336,298.94497375,0.0,24,33.266200000000026,28.345240000000047,30.61299208333338,25.794973749999997,75.51554337900575,0.0,0,0,2015,5
2015-05-17,306.33963,300.88342,303.45097875,298.99338958333334,7.152557459999999e-06,24,33.18963000000002,27.733420000000024,30.300978750000013,25.843389583333362,77.09957769065939,0.007152557459999999,0,0,2015,5
2015-05-18,306.14545,300.93292,303.50364083333335,298.4315725,2.19345088e-05,24,32.995450000000005,27.782920000000047,30.353640833333372,25.28157250000004,74.3426841872504,0.0219345088,0,0,2015,5
2015-05-19,305.47095,301.04504,303.14711625,298.35478541666663,0.00010251998856,24,32.32095000000004,27.895039999999995,29.997116250000033,25.204785416666653,75.5346761696216,0.10251998856,0,0,2015,5
2015-05-20,305.53485,301.0523,303.18862416666667,297.83486124999996,3.5762786859999996e-05,24,32.38485000000003,27.902300000000025,30.038624166666693,24.684861249999983,73.05126449897276,0.03576278685999999,0,0,2015,5
2015-05-21,305.00034,301.24384,303.2533329166667,298.103995,0.0001039505,24,31.850340000000017,28.09384,30.103332916666716,24.95399500000002,73.96008220681146,0.1039505,0,0,2015,5
2015-05-22,305.43164,301.4925,303.57294541666664,298.1697066666666,4.625320436e-05,24,32.28164000000004,28.34250000000003,30.422945416666664,25.01970666666665,72.90074524098371,0.046253204359999994,0,0,2015,5
2015-05-23,306.0631,302.46573,303.98623625,298.2537645833333,0.0001540184022,24,32.91310000000004,29.31573000000003,30.836236250000013,25.103764583333316,71.5538134509435,0.1540184022,0,0,2015,5
2015-05-24,305.86438,302.39777,304.01631791666665,298.17179375,0.0002808570872,24,32.714380000000006,29.247770000000003,30.866317916666674,25.02179375000003,71.08243653681244,0.2808570872,0,0,2015,5
2015-05-25,305.49103,302.50732,303.85373666666663,298.19923458333335,0.00055122375606,24,32.341030000000046,29.357320000000016,30.703736666666657,25.049234583333373,71.86402905680069,0.55122375606,0,0,2015,5
2015-05-26,305.7444,301.9942,303.70335166666666,297.8232179166667,0.0001802444456,24,32.59440000000001,28.8442,30.553351666666686,24.673217916666715,70.87527013131904,0.1802444456,0,0,2015,5
2015-05-27,305.94427,301.39325,303.7741233333333,297.58565541666667,5.14984137e-05,24,32.79427000000004,28.243250000000046,30.62412333333333,24.43565541666669,69.59152129976928,0.051498413699999995,0,0,2015,5
2015-05-28,306.11026,302.64014,304.01716749999997,298.03618916666665,8.44001773e-05,24,32.960260000000005,29.490139999999997,30.867167499999994,24.886189166666668,70.50585298665011,0.0844001773,0,0,2015,5
2015-05-29,305.4583,301.531,303.58749416666666,298.3341575,4.3392181759999996e-05,24,32.30830000000003,28.38100000000003,30.43749416666668,25.184157500000026,73.55783949628275,0.043392181759999995,0,0,2015,5
2015-05-30,305.69012,301.7409,303.55770624999997,298.42051166666664,2.81333924e-05,24,32.54012,28.590900000000033,30.40770624999999,25.270511666666664,74.06368048899934,0.0281333924,0,0,2015,5
2015-05-31,305.67566,301.71637,303.5353533333333,298.7937541666667,9.05990602e-06,24,32.525660000000016,28.566370000000006,30.38535333333334,25.643754166666724,75.82345592489173,0.009059906020000001,0,0,2015,5
2015-06-01,305.20648,301.4586,303.3269970833333,298.0168675,0.00017404556359999998,24,32.05648000000002,28.308600000000013,30.176997083333333,24.866867500000012,73.26545519770949,0.17404556359999998,0,0,2015,6
2015-06-02,305.9239,301.3819,303.6269545833333,296.53710041666665,1.1920929e-05,24,32.773900000000026,28.231899999999996,30.476954583333338,23.38710041666667,65.88974204453012,0.011920929,0,0,2015,6
2015-06-03,305.8586,301.048,303.59573625,296.82569666666666,4.29153446e-06,24,32.70860000000005,27.898000000000025,30.44573625000004,23.67569666666668,67.16730116313917,0.00429153446,0,0,2015,6
2015-06-04,306.68063,301.68417,303.7708625,297.66133916666666,0.00023460388500000002,24,33.53063000000003,28.534170000000017,30.620862500000044,24.511339166666687,69.92087281961147,0.234603885,0,0,2015,6
2015-06-05,304.99472,300.71967,302.7040679166667,297.87486666666666,0.00271701812596,24,31.844719999999995,27.56967000000003,29.554067916666725,24.724866666666685,75.29906420621136,2.71701812596,1,0,2015,6
2015-06-06,306.95398,300.2846,303.27535083333333,297.67051250000003,0.0003633499069,24,33.803980000000024,27.134600000000034,30.125350833333357,24.520512500000052,71.97638360844145,0.36334990689999996,0,0,2015,6
2015-06-07,306.6516,301.55124,303.3838308333333,298.2043254166667,0.0033106803494,24,33.501599999999996,28.40124000000003,30.233830833333343,25.0543254166667,73.84854244023423,3.3106803494,1,0,2015,6
2015-06-08,306.94556,300.98093,303.21750333333335,297.8661858333333,0.00385761260356,24,33.79556000000002,27.830930000000023,30.067503333333377,24.716185833333327,73.0668416913291,3.85761260356,1,0,2015,6
2015-06-09,306.125,300.52972,302.9380683333333,297.7576775,0.0049743652073,24,32.97500000000002,27.37972000000002,29.788068333333342,24.607677500000023,73.7708704925964,4.9743652073,1,0,2015,6
2015-06-10,305.71082,299.7852,302.47002,298.20415625000004,0.009905815052,24,32.560820000000035,26.635199999999998,29.32002,25.054156250000062,77.8399514044472,9.905815052,1,0,2015,6
2015-06-11,303.91983,300.278,301.9130108333333,298.4801841666667,0.009319305366,24,30.769830000000013,27.128000000000043,28.76301083333334,25.330184166666697,81.72585319116828,9.319305366,1,0,2015,6
2015-06-12,304.0421,299.44055,301.25145416666663,298.3934266666667,0.014039516456,24,30.892100000000028,26.290549999999996,28.101454166666656,25.24342666666672,84.4953530256618,14.039516456,1,0,2015,6
2015-06-13,300.93268,299.2747,300.1266758333333,298.24688,0.03519010538,24,27.782680000000028,26.12470000000002,26.97667583333333,25.09688,89.46427329034061,35.190105380000006,1,0,2015,6
2015-06-14,300.6662,299.097,299.6774270833333,297.931645,0.1103234294,24,27.516200000000026,25.947000000000003,26.52742708333335,24.781645000000026,90.15069087233753,110.32342940000001,1,1,2015,6
2015-06-15,301.42722,299.055,299.69383791666667,297.6190216666667,0.03725814828,24,28.27722,25.90500000000003,26.54383791666669,24.46902166666672,88.39398778924023,37.25814828,1,0,2015,6
2015-06-16,301.59088,298.71005,300.0024858333333,297.69014375,0.03934431048,24,28.44088000000005,25.560050000000047,26.852485833333333,24.540143750000027,87.17122977590022,39.34431048,1,0,2015,6
2015-06-17,302.24634,299.8059,300.7286470833333,297.8544454166667,0.015344619735,24,29.096339999999998,26.65590000000003,27.57864708333335,24.704445416666715,84.35846976811085,15.344619735,1,0,2015,6
2015-06-18,301.88098,299.64728,300.52795166666664,298.19211208333337,0.02474880229,24,28.730980000000045,26.497280000000046,27.37795166666666,25.042112083333393,87.09565155454591,24.74880229,1,0,2015,6
2015-06-19,300.37048,299.07486,299.80059,297.999295,0.05675411215,24,27.22048000000001,25.924860000000024,26.650590000000022,24.84929500000004,89.8607506195325,56.75411215,1,1,2015,6
2015-06-20,300.8249,299.24466,300.1851775,298.32494791666664,0.05038261418,24,27.674900000000036,26.094660000000033,27.03517750000003,25.174947916666667,89.57300616866884,50.38261418,1,1,2015,6
2015-06-21,301.335,299.82394,300.42558,298.56232625,0.0565247534,24,28.185000000000002,26.673940000000016,27.275580000000048,25.412326250000035,89.5744557345986,56.5247534,1,1,2015,6
2015-06-22,301.05966,299.79053,300.38736124999997,298.5068079166667,0.03696393962,24,27.90966000000003,26.640530000000012,27.237361249999992,25.356807916666696,89.47947910511772,36.96393962,1,0,2015,6
2015-06-23,301.45093,299.41092,300.45436875,298.59654333333333,0.06516885723,24,28.30093000000005,26.26092,27.304368750000037,25.446543333333352,89.60548942850953,65.16885723,1,1,2015,6
2015-06-24,302.23505,300.41656,301.1630929166667,298.80215791666666,0.04733419468,24,29.085050000000024,27.266560000000027,28.01309291666672,25.65215791666668,87.02235435332126,47.334194679999996,1,0,2015,6
2015-06-25,302.6983,300.51056,301.48486125,298.75316375,0.00684165956,24,29.54830000000004,27.36056000000002,28.334861250000017,25.60316375000002,85.1570091470438,6.84165956,1,0,2015,6
2015-06-26,303.1914,300.58588,301.6508791666667,298.6657166666667,0.00546216964,24,30.04140000000001,27.435879999999997,28.50087916666672,25.51571666666672,83.90108095352613,5.46216964,1,0,2015,6
2015-06-27,303.2693,300.12024,301.61667416666666,298.54363875,0.005749225652,24,30.11930000000001,26.970240000000047,28.466674166666678,25.393638750000036,83.45993313836317,5.749225652,1,0,2015,6
2015-06-28,303.6335,300.5365,301.75829791666666,298.5420216666667,0.005228042604,24,30.48350000000005,27.386500000000012,28.608297916666686,25.39202166666672,82.76757532537414,5.228042604,1,0,2015,6
2015-06-29,303.0423,300.0656,301.4017791666667,298.35841166666665,0.005149364468,24,29.892300000000034,26.91560000000004,28.251779166666722,25.208411666666677,83.58357911424287,5.149364468,1,0,2015,6
2015-06-30,302.40475,298.80066,300.81173958333335,297.99023458333335,0.004411220565,24,29.25475,25.650660000000016,27.66173958333337,24.84023458333337,84.63343795704907,4.411220565000001,1,0,2015,6
2015-07-01,303.2107,299.56403,301.3352325,298.35563583333334,0.003654479988,24,30.060699999999997,26.414030000000025,28.18523250000004,25.20563583333336,83.89447880414909,3.654479988,1,0,2015,7
2015-07-02,303.2743,299.97604,301.55296333333337,298.4385604166667,0.003413200405,24,30.124300000000005,26.826040000000035,28.40296333333339,25.288560416666712,83.24750944322433,3.413200405,1,0,2015,7
2015-07-03,303.09814,300.13556,301.497225,298.49554708333335,0.00338888169,24,29.948140000000024,26.98556000000002,28.347225000000037,25.345547083333372,83.8019118270247,3.3888816900000003,1,0,2015,7
2015-07-04,303.242,300.52692,301.71272416666665,298.3637791666667,0.004713535338,24,30.09200000000004,27.37692000000004,28.56272416666667,25.21377916666671,82.11092909620234,4.713535338,1,0,2015,7
2015-07-05,302.98535,300.55048,301.77671625,298.204,0.0041255951006,24,29.835350000000005,27.400480000000016,28.626716250000015,25.05400000000003,81.03050190817913,4.1255951006,1,0,2015,7
2015-07-06,303.15244,300.52832,301.8666170833333,297.98166291666666,0.0063972473100000005,24,30.002440000000036,27.37832000000003,28.716617083333347,24.831662916666687,79.54545720067586,6.397247310000001,1,0,2015,7
2015-07-07,302.64978,301.00812,301.8472533333333,298.24756874999997,0.0070700645599999995,24,29.499780000000044,27.858120000000042,28.69725333333332,25.097568749999994,80.90917034408454,7.07006456,1,0,2015,7
2015-07-08,302.8252,300.63434,301.44454375000004,298.7223875,0.005846023545,24,29.675200000000018,27.48434000000003,28.29454375000006,25.572387500000048,85.20122834925832,5.8460235449999995,1,0,2015,7
2015-07-09,302.61212,300.05856,301.33332375000003,298.885285,0.003588676467,24,29.462120000000027,26.908560000000023,28.183323750000056,25.735285000000033,86.58887951600914,3.588676467,1,0,2015,7
2015-07-10,302.60016,300.08878,301.17001,298.44429166666663,0.0048465728699999995,24,29.45016000000004,26.93878000000001,28.020010000000013,25.294291666666652,85.15541985959976,4.846572869999999,1,0,2015,7
2015-07-11,302.53522,300.11557,301.3156970833333,298.39147083333336,0.004908084855,24,29.385220000000004,26.965570000000014,28.165697083333328,25.24147083333338,84.16959870021768,4.908084854999999,1,0,2015,7
2015-07-12,303.02597,299.96173,301.34018125,298.40050958333336,0.004498004914,24,29.875969999999995,26.81173000000001,28.190181250000023,25.250509583333383,84.09482018241067,4.498004914,1,0,2015,7
2015-07-13,302.89267,299.53915,301.25462875,298.30462166666666,0.003540515886,24,29.742670000000032,26.38915000000003,28.104628750000018,25.154621666666685,84.03380190471786,3.540515886,1,0,2015,7
2015-07-14,303.33627,299.75806,301.56730375,298.30855875,0.002814292911,24,30.186270000000036,26.608060000000023,28.41730375000003,25.158558749999997,82.53626344607441,2.8142929110000003,1,0,2015,7
2015-07-15,302.842,299.2467,301.24424416666665,297.97197124999997,0.004877567254,24,29.692000000000007,26.0967,28.09424416666667,24.82197124999999,82.4316686017327,4.877567254,1,0,2015,7
2015-07-16,302.34814,299.82864,301.14636,298.4956191666667,0.005235195145,24,29.198140000000024,26.67864000000003,27.99636000000004,25.345619166666722,85.5340470582192,5.235195145,1,0,2015,7
2015-07-17,302.4162,300.03912,301.359685,298.6557433333333,0.00517511371,24,29.266200000000026,26.889120000000048,28.209685000000036,25.505743333333328,85.28498160607464,5.17511371,1,0,2015,7
2015-07-18,302.9427,300.06937,301.36323166666665,298.62448,0.00896310808,24,29.792700000000025,26.919370000000015,28.213231666666672,25.474480000000028,85.10898343392194,8.963108080000001,1,0,2015,7
2015-07-19,302.1709,299.9197,301.1079329166667,298.37253375,0.01106214521,24,29.02090000000004,26.7697,27.95793291666672,25.222533750000025,85.10002943164277,11.06214521,1,0,2015,7
2015-07-20,301.27814,299.3516,300.3874279166667,298.2466316666667,0.01203346249,24,28.12814000000003,26.20160000000004,27.237427916666718,25.096631666666724,88.10273899437814,12.03346249,1,0,2015,7
2015-07-21,300.7475,299.57434,300.02266875000004,298.09997625,0.02262163166,24,27.597500000000025,26.42434000000003,26.87266875000006,24.94997625000002,89.22780172251399,22.62163166,1,0,2015,7
2015-07-22,300.87817,299.22498,299.91944374999997,298.25695708333336,0.01945209496,24,27.728170000000034,26.07498000000004,26.769443749999994,25.106957083333384,90.6166246012146,19.45209496,1,0,2015,7
2015-07-23,300.76703,298.93707,299.80156833333336,298.2534820833333,0.01871824268,24,27.61703,25.78707000000003,26.651568333333387,25.103482083333347,91.22935944129853,18.71824268,1,0,2015,7
2015-07-24,301.22314,299.15112,300.01409375,298.42027291666665,0.0158367157,24,28.073140000000024,26.001120000000014,26.864093749999995,25.27027291666667,90.99438818204435,15.836715700000001,1,0,2015,7
2015-07-25,301.37445,299.32352,300.133895,298.10302083333335,0.006274700157,24,28.224450000000047,26.173519999999996,26.983895000000018,24.95302083333337,88.66192258703376,6.274700157,1,0,2015,7
2015-07-26,301.4585,298.9114,300.1292175,297.87298458333333,0.00980186471,24,28.308500000000038,25.761400000000037,26.979217500000004,24.722984583333357,87.47559874933692,9.80186471,1,0,2015,7
2015-07-27,300.87982,299.12775,299.8334570833333,297.6635245833333,0.01661252986,24,27.729820000000018,25.977750000000015,26.683457083333337,24.51352458333332,87.90322879794236,16.61252986,1,0,2015,7
2015-07-28,301.84637,299.41602,300.30775124999997,297.51830624999997,0.01597547537,24,28.69637,26.266020000000026,27.15775124999999,24.36830624999999,84.74331980473833,15.975475369999998,1,0,2015,7
2015-07-29,300.45175,299.21063,299.7335725,297.59404666666666,0.01876449596,24,27.301750000000027,26.060630000000003,26.583572500000002,24.44404666666668,88.05514421233792,18.764495959999998,1,0,2015,7
2015-07-30,301.19418,299.53085,300.29737958333334,297.60875749999997,0.00672960278,24,28.04418000000004,26.38085000000001,27.14737958333336,24.45875749999999,85.25596945924354,6.72960278,1,0,2015,7
2015-07-31,301.0243,298.97925,299.88747083333334,297.75853666666666,0.00889587406,24,27.874300000000005,25.829250000000002,26.73747083333336,24.60853666666668,88.12380403716423,8.895874059999999,1,0,2015,7
2015-08-01,302.00787,298.43445,300.38806458333335,298.00104833333336,0.00593471526,24,28.857870000000048,25.28445000000005,27.23806458333337,24.85104833333338,86.8173394810148,5.93471526,1,0,2015,8
2015-08-02,301.8302,299.83398,300.69667,297.9604375,0.0038690567289999997,24,28.680200000000013,26.68398000000002,27.546670000000006,24.810437500000035,85.05389287911922,3.8690567289999995,1,0,2015,8
2015-08-03,302.21317,299.42102,300.75960125,297.78007041666666,0.00383853911,24,29.063170000000014,26.27102000000002,27.609601250000026,24.630070416666683,83.83185561418289,3.83853911,1,0,2015,8
2015-08-04,301.05487,299.6354,300.29501583333337,297.52113291666666,0.0052099228,24,27.904870000000017,26.485400000000027,27.14501583333339,24.37113291666668,84.82111113614809,5.2099228,1,0,2015,8
2015-08-05,300.82193,298.92535,299.91906625,297.77462625000004,0.01159715655,24,27.67193000000003,25.775350000000003,26.769066250000037,24.624626250000063,88.04467877619597,11.59715655,1,0,2015,8
2015-08-06,300.81723,299.0954,299.97540666666663,297.92355000000003,0.00797128682,24,27.667230000000018,25.945400000000006,26.82540666666665,24.773550000000057,88.53823798327814,7.9712868199999996,1,0,2015,8
2015-08-07,301.79532,299.4254,300.3841095833333,298.13998375,0.00659465788,24,28.645320000000027,26.275400000000047,27.23410958333335,24.98998375000002,87.56097871949035,6.594657880000001,1,0,2015,8
2015-08-08,301.48352,299.2719,300.29173541666665,297.8416745833333,0.006131649016,24,28.33352000000002,26.12190000000004,27.141735416666677,24.691674583333338,86.48187382524469,6.131649016,1,0,2015,8
2015-08-09,300.8984,299.06052,299.82856583333336,297.8281308333333,0.005777835858,24,27.748400000000004,25.91052000000002,26.67856583333338,24.67813083333334,88.79928449849625,5.777835858,1,0,2015,8
2015-08-10,300.89136,298.74295,299.76046291666665,297.6462079166667,0.004917621604,24,27.741360000000043,25.59295000000003,26.610462916666677,24.49620791666672,88.19080707756135,4.917621604,1,0,2015,8
2015-08-11,301.27625,298.75247,300.01303333333334,297.68712875,0.002449035638,24,28.126250000000027,25.60247000000004,26.863033333333362,24.537128750000022,87.10139505566374,2.4490356380000002,1,0,2015,8
2015-08-12,300.8535,298.63928,299.6738316666667,297.48563666666666,0.00603675842,24,27.70350000000002,25.489280000000008,26.523831666666695,24.335636666666687,87.79355952171524,6.03675842,1,0,2015,8
2015-08-13,301.43536,298.72015,300.04842375,297.7343279166667,0.0059089660700000005,24,28.285360000000026,25.570150000000012,26.898423750000006,24.584327916666723,87.16616136836488,5.908966070000001,1,0,2015,8
2015-08-14,300.88712,298.7815,299.7191041666667,297.72167833333333,0.007883548725,24,27.737120000000004,25.631500000000017,26.569104166666705,24.571678333333352,88.80669929868817,7.883548725,1,0,2015,8
2015-08-15,301.49945,298.5162,299.87920708333337,297.90712083333335,0.006386756889999999,24,28.349450000000047,25.36620000000005,26.729207083333392,24.757120833333374,88.95391671696072,6.386756889999999,1,0,2015,8
2015-08-16,301.51074,298.3251,299.78454708333334,297.84251708333335,0.0047559738,24,28.36074000000002,25.175100000000043,26.63454708333336,24.69251708333337,89.10667475332728,4.7559738000000005,1,0,2015,8
2015-08-17,301.80438,298.25262,300.04517208333334,297.85133583333334,0.006309032421,24,28.654380000000003,25.10262,26.895172083333364,24.70133583333336,87.79543380609101,6.3090324209999995,1,0,2015,8
2015-08-18,302.41263,298.8887,300.6350066666667,297.8234425,0.0025596618575,24,29.26263,25.738699999999994,27.48500666666672,24.67344250000002,84.66525952565583,2.5596618574999996,1,0,2015,8
2015-08-19,303.13306,299.01306,300.8888904166667,298.04459,0.0015039443945,24,29.983060000000023,25.86306000000002,27.73889041666672,24.89459000000005,84.52635615715788,1.5039443945,1,0,2015,8
2015-08-20,303.0276,298.91043,300.8372404166667,297.97088625,0.0033111572240000003,24,29.87760000000003,25.760430000000042,27.687240416666725,24.82088625,84.40960009266634,3.3111572240000005,1,0,2015,8
2015-08-21,302.8278,299.44794,301.0593341666667,297.8973316666667,0.003353118907,24,29.677800000000047,26.29794000000004,27.909334166666724,24.747331666666696,82.95523034487626,3.353118907,1,0,2015,8
2015-08-22,301.70123,299.66876,300.53804125,298.11369458333337,0.00519227983,24,28.551230000000032,26.518760000000043,27.388041250000015,24.963694583333393,86.63771978058669,5.19227983,1,0,2015,8
2015-08-23,301.6925,299.213,300.44286166666666,298.0442483333333,0.006378173815,24,28.542500000000018,26.063000000000045,27.29286166666668,24.894248333333337,86.76221081925603,6.378173814999999,1,0,2015,8
2015-08-24,302.54077,299.44214,300.70690291666665,297.82917875,0.003792762752,24,29.390770000000032,26.292140000000018,27.556902916666672,24.679178750000005,84.33838054926983,3.792762752,1,0,2015,8
2015-08-25,300.1739,298.8468,299.51100583333334,297.42974250000003,0.00737380981,24,27.023900000000026,25.696799999999996,26.361005833333365,24.279742500000054,88.34496849834831,7.37380981,1,0,2015,8
2015-08-26,302.78802,299.0307,300.7030691666667,297.71517124999997,0.004873275766,24,29.63802000000004,25.880700000000047,27.553069166666717,24.56517124999999,83.78366997506326,4.873275766,1,0,2015,8
2015-08-27,301.72058,299.2264,300.28927416666664,297.59443541666667,0.004601001734,24,28.570580000000007,26.076400000000035,27.139274166666667,24.444435416666693,85.2233942394714,4.6010017340000005,1,0,2015,8
2015-08-28,301.07733,298.67746,299.7756641666667,297.6804075,0.003483772298,24,27.92733000000004,25.52746000000002,26.625664166666695,24.530407500000024,88.29247240129953,3.4837722980000003,1,0,2015,8
2015-08-29,301.30786,298.51196,299.69232958333333,297.71181625,0.0049161910949999995,24,28.157860000000028,25.36196000000001,26.542329583333355,24.56181625000005,88.89458306442059,4.916191094999999,1,0,2015,8
2015-08-30,301.24002,298.29218,299.47583000000003,297.55858875,0.006961345634,24,28.090020000000038,25.142179999999996,26.325830000000053,24.408588750000035,89.21554959259092,6.961345634,1,0,2015,8
2015-08-31,301.1591,298.1938,299.59593333333333,297.56866083333335,0.004285812378,24,28.009100000000046,25.043800000000033,26.445933333333357,24.418660833333377,88.63833775135916,4.285812378,1,0,2015,8
2015-09-01,302.11627,298.2016,300.1107125,297.54985958333333,0.003009319304,24,28.96627000000001,25.051600000000008,26.9607125,24.399859583333352,85.89281745118018,3.009319304,1,0,2015,9
2015-09-02,301.72888,298.10938,299.8042570833333,297.2417083333333,0.003302574151,24,28.578880000000026,24.95938000000001,26.654257083333334,24.091708333333315,85.85428123203509,3.302574151,1,0,2015,9
2015-09-03,302.59894,297.03162,300.0608608333333,296.8287016666667,0.0012655258153,24,29.44894000000005,23.881619999999998,26.910860833333345,23.67870166666671,82.49047184421386,1.2655258153,1,0,2015,9
2015-09-04,303.26636,298.4696,300.72515458333334,296.800475,0.0003075599687,24,30.116360000000043,25.319600000000037,27.575154583333358,23.65047500000003,79.20098257329644,0.30755996869999996,0,0,2015,9
2015-09-05,303.688,298.45898,301.03479458333334,297.01386833333333,7.629394606e-05,24,30.53800000000001,25.30898000000002,27.88479458333336,23.863868333333357,78.7858431375042,0.07629394606,0,0,2015,9
2015-09-06,303.15384,298.78876,300.7490979166667,297.13445583333333,0.0003652572652,24,30.003840000000025,25.638760000000048,27.59909791666672,23.984455833333357,80.69659749427744,0.3652572652,0,0,2015,9
2015-09-07,302.85913,298.62836,300.59591,297.13724666666667,0.0010695457471,24,29.709130000000016,25.47836000000001,27.445910000000026,23.987246666666692,81.43763256676488,1.0695457471,1,0,2015,9
2015-09-08,302.41687,298.1715,300.3373491666667,296.81007166666666,0.001739978798,24,29.26687000000004,25.021500000000003,27.187349166666706,23.66007166666668,81.06953992308318,1.7399787979999999,1,0,2015,9
2015-09-09,301.74542,299.28754,300.29596875,297.49355583333335,0.009227275921,24,28.595420000000047,26.13754,27.14596875000001,24.34355583333337,84.67621210540675,9.227275921,1,0,2015,9
2015-09-10,301.78183,298.85516,300.14422583333334,297.757345,0.0079860686976,24,28.631830000000036,25.705160000000035,26.99422583333336,24.60734500000001,86.79581046032148,7.9860686975999995,1,0,2015,9
2015-09-11,302.7697,298.74652,300.4787325,297.89922958333335,0.0068526268202999995,24,29.619700000000023,25.596519999999998,27.3287325,24.749229583333374,85.83270421385285,6.852626820299999,1,0,2015,9
2015-09-12,302.23248,298.4536,299.83720875,297.52163291666665,0.018267631529999998,24,29.082480000000032,25.303600000000017,26.687208750000025,24.37163291666667,87.1396228091772,18.26763153,1,0,2015,9
2015-09-13,301.78775,298.4842,300.19904708333337,297.9567333333333,0.01510620119,24,28.63775000000004,25.33420000000001,27.04904708333339,24.80673333333334,87.55447833217994,15.10620119,1,0,2015,9
2015-09-14,301.4923,299.00027,300.074555,297.9083004166667,0.0186076163156,24,28.342300000000023,25.850270000000023,26.924554999999998,24.758300416666714,87.94284999231202,18.6076163156,1,0,2015,9
2015-09-15,302.09467,298.5306,300.05593416666665,297.73284333333334,0.021181106458,24,28.94467000000003,25.380600000000015,26.90593416666667,24.582843333333358,87.11990277699907,21.181106458000002,1,0,2015,9
2015-09-16,301.92123,298.85577,300.44299875,298.0765308333333,0.01025819783,24,28.771230000000003,25.70577000000003,27.292998750000038,24.926530833333345,86.92894934739391,10.25819783,1,0,2015,9
2015-09-17,301.99472,299.52325,300.86664333333334,298.31421,0.005631446886,24,28.844719999999995,26.37325000000004,27.716643333333366,25.164210000000026,86.00906135754552,5.631446886,1,0,2015,9
2015-09-18,301.07373,300.03754,300.6865941666667,298.13851375,0.01441478717,24,27.923730000000035,26.88754,27.536594166666703,24.98851375000004,86.01409798480185,14.41478717,1,0,2015,9
2015-09-19,302.4945,299.42798,300.655735,297.4951766666667,0.0137133599575,24,29.34450000000004,26.277980000000014,27.505735000000016,24.345176666666703,82.91594492784489,13.713359957500002,1,0,2015,9
2015-09-20,301.01117,298.6126,299.74778541666666,297.40217,0.0072407722199999995,24,27.861170000000016,25.46260000000001,26.59778541666668,24.252170000000035,86.97471705526797,7.240772219999999,1,0,2015,9
2015-09-21,301.02542,298.7931,299.8461545833333,297.6271425,0.00474452973,24,27.87542000000002,25.643100000000004,26.69615458333334,24.477142500000014,87.64623089335238,4.74452973,1,0,2015,9
2015-09-22,302.7597,298.60315,300.41215166666666,297.66898125,0.002921104446,24,29.609700000000032,25.45315000000005,27.262151666666682,24.518981250000024,84.98947317086585,2.9211044459999997,1,0,2015,9
2015-09-23,302.77463,298.82764,300.6115454166667,297.65611125000004,0.001358032236,24,29.624630000000025,25.677639999999997,27.461545416666695,24.50611125000006,83.93668857624112,1.3580322360000001,1,0,2015,9
2015-09-24,302.71893,298.16742,300.4923675,297.4512125,0.0006980895949999999,24,29.568930000000023,25.017420000000016,27.342367500000023,24.30121250000002,83.49332578459725,0.6980895949999999,0,0,2015,9
2015-09-25,302.63208,298.5537,300.5484775,296.71437166666664,0.000689506539,24,29.482079999999996,25.403700000000015,27.398477500000013,23.56437166666666,79.61066019221822,0.689506539,0,0,2015,9
2015-09-26,303.25,297.47028,300.0059575,295.3657054166667,6.19888306e-06,24,30.100000000000023,24.320280000000025,26.855957500000045,22.215705416666708,75.73554110238882,0.00619888306,0,0,2015,9
2015-09-27,303.60034,296.7594,300.1828545833333,296.0116320833333,0.0,24,30.45034000000004,23.60940000000005,27.032854583333346,22.861632083333348,77.95317670293267,0.0,0,0,2015,9
2015-09-28,304.83472,297.77502,301.03809125000004,297.30237375,0.0,24,31.684720000000027,24.625020000000006,27.88809125000006,24.152373750000038,80.14899877400262,0.0,0,0,2015,9
2015-09-29,306.30405,298.58948,302.3829945833333,297.81124708333334,2.3841858e-06,24,33.15405000000004,25.439480000000003,29.232994583333323,24.661247083333365,76.41755458777418,0.0023841858000000003,0,0,2015,9
2015-09-30,307.25903,299.43524,303.15897208333337,297.07682041666664,0.0,24,34.10903000000002,26.285240000000044,30.00897208333339,23.926820416666658,69.92267941882278,0.0,0,0,2015,9
2015-10-01,306.49744,299.66937,302.74347125,297.4436958333333,4.7683716e-07,24,33.347440000000006,26.519370000000038,29.59347125000005,24.293695833333345,73.21252039101618,0.00047683716000000004,0,0,2015,10
2015-10-02,303.9704,299.86926,301.28806041666667,298.60856916666665,0.00480747225716,24,30.820400000000006,26.71926000000002,28.13806041666669,25.458569166666678,85.40190631222787,4.80747225716,1,0,2015,10
2015-10-03,301.54202,299.54364,300.40167041666666,298.06855875,0.011048316958,24,28.392020000000002,26.393640000000005,27.251670416666684,24.918558750000045,87.09856380664867,11.048316958,1,0,2015,10
2015-10-04,302.13733,298.93152,300.16851625,297.98582541666667,0.021131038553,24,28.987330000000043,25.78152,27.018516250000005,24.835825416666694,87.8643961630771,21.131038553,1,0,2015,10
2015-10-05,303.67142,298.74738,300.70051875,298.2515916666667,0.01141357441076,24,30.521420000000035,25.597380000000044,27.550518750000037,25.101591666666707,86.5257615788497,11.41357441076,1,0,2015,10
2015-10-06,306.41992,299.21918,301.9801908333333,298.8533275,0.0,24,33.26992000000001,26.069180000000017,28.830190833333347,25.7033275,83.23405748530546,0.0,0,0,2015,10
2015-10-07,305.07562,298.06287,301.59553958333333,298.12713875000003,0.0,24,31.925620000000038,24.912869999999998,28.445539583333357,24.97713875000005,81.51383021137185,0.0,0,0,2015,10
2015-10-08,305.0934,298.7124,301.80469666666664,299.25816125,0.0,24,31.943399999999997,25.562400000000025,28.654696666666666,26.108161250000023,86.12880119822975,0.0,0,0,2015,10
2015-10-09,304.60376,300.641,302.20339083333334,299.09541625,0.00099754333012,24,31.453760000000045,27.491000000000042,29.053390833333367,25.94541625000005,83.3524751075609,0.99754333012,0,0,2015,10
2015-10-10,304.47473,300.39392,302.11585083333335,298.54068708333335,0.00039005279072,24,31.324730000000045,27.243920000000003,28.965850833333377,25.390687083333376,81.06139071198821,0.39005279072,0,0,2015,10
2015-10-11,304.2847,298.82428,301.31959125,298.04466874999997,0.00722980506506,24,31.13470000000001,25.67428000000001,28.169591249999996,24.894668749999994,82.42750999341888,7.22980506506,1,0,2015,10
2015-10-12,303.75934,298.6501,301.0381066666667,297.3572625,0.0001130104072,24,30.60934000000003,25.50010000000003,27.888106666666715,24.207262500000013,80.41353352826403,0.1130104072,0,0,2015,10
2015-10-13,304.42947,299.08844,301.57465125,298.2169754166667,0.0003752708486,24,31.279470000000003,25.938440000000014,28.42465125000001,25.066975416666708,82.05164513836506,0.3752708486,0,0,2015,10
2015-10-14,306.0788,299.1875,302.10372041666665,299.22575333333333,1.4305115e-06,24,32.928800000000024,26.037500000000023,28.95372041666667,26.075753333333353,84.48499897124559,0.0014305115,0,0,2015,10
2015-10-15,307.24634,300.18268,302.70365791666666,298.33134083333334,0.0,24,34.09634,27.032680000000028,29.55365791666668,25.181340833333365,77.38124367754322,0.0,0,0,2015,10
2015-10-16,306.9632,298.2091,302.26656833333334,296.97148125,0.0,24,33.813199999999995,25.0591,29.116568333333362,23.821481250000033,73.15248084533954,0.0,0,0,2015,10
2015-10-17,306.739,299.01422,302.5578975,297.36243916666666,0.0,24,33.589,25.864220000000046,29.407897500000047,24.212439166666684,73.64108488239108,0.0,0,0,2015,10
2015-10-18,306.2442,299.5479,302.46952500000003,298.5034170833333,0.000312805176,24,33.0942,26.39790000000005,29.319525000000056,25.35341708333334,79.24283389020063,0.31280517599999996,0,0,2015,10
2015-10-19,306.95505,299.60614,302.85947708333333,297.98019125,0.0,24,33.80505000000005,26.456140000000005,29.709477083333354,24.83019125000004,75.09852174056707,0.0,0,0,2015,10
2015-10-20,306.3827,299.1222,302.4604125,297.42077958333334,0.0,24,33.23270000000002,25.972200000000043,29.31041250000004,24.270779583333365,74.31690699018543,0.0,0,0,2015,10
2015-10-21,307.1745,299.64825,302.864745,297.3418804166667,0.0,24,34.024500000000046,26.49825000000004,29.71474500000005,24.19188041666672,72.25937358712132,0.0,0,0,2015,10
2015-10-22,307.4922,299.38428,302.91826,296.6959845833333,0.0,24,34.34220000000005,26.234280000000012,29.768259999999998,23.545984583333336,69.29012952945479,0.0,0,0,2015,10
2015-10-23,307.67798,299.24695,303.0215441666667,296.36759291666664,0.0001540184,24,34.527980000000014,26.09695000000005,29.871544166666695,23.21759291666666,67.52622656765674,0.1540184,0,0,2015,10
2015-10-24,307.5077,299.66925,302.97123,297.19209875,3.05175785e-05,24,34.35770000000002,26.51925,29.821230000000014,24.042098750000036,71.17404206911802,0.0305175785,0,0,2015,10
2015-10-25,306.9927,300.79608,303.02260625,297.4593345833334,5.2452087260000006e-05,24,33.842700000000036,27.64608000000004,29.872606250000047,24.309334583333396,72.11177689718004,0.05245208726,0,0,2015,10
2015-10-26,307.29913,300.74097,303.13364458333336,296.37679291666666,2.05039977e-05,24,34.149130000000014,27.590970000000027,29.983644583333387,23.226792916666682,67.12932790776676,0.0205039977,0,0,2015,10
2015-10-27,306.74704,299.67456,302.394975,296.1006929166667,7.15255732e-06,24,33.59704000000005,26.524560000000008,29.24497500000001,22.950692916666696,68.8902181925694,0.00715255732,0,0,2015,10
2015-10-28,306.50983,298.67657,301.8750816666667,296.30489625,0.0,24,33.359830000000045,25.52657000000005,28.72508166666671,23.154896250000036,71.8807068996893,0.0,0,0,2015,10
2015-10-29,306.39328,298.41046,301.36780416666664,295.1159195833333,0.0,24,33.24328000000003,25.260460000000023,28.217804166666667,21.965919583333346,68.87180096094079,0.0,0,0,2015,10
2015-10-30,305.5968,296.5738,300.67589749999996,293.78857625,0.0,24,32.446799999999996,23.42380000000003,27.525897499999985,20.63857625000003,66.10369352054444,0.0,0,0,2015,10
2015-10-31,306.17328,296.36566,301.11435708333335,294.62307749999997,0.0,24,33.02328,23.215660000000014,27.96435708333337,21.473077499999988,67.82186283945511,0.0,0,0,2015,10
2015-11-01,306.42828,297.29745,301.392045,295.14454125000003,0.0,24,33.278279999999995,24.14745000000005,28.24204500000002,21.994541250000054,68.89485830136398,0.0,0,0,2015,11
2015-11-02,306.76135,297.37628,301.6776925,294.3406908333333,0.0,24,33.611350000000016,24.22628000000003,28.5276925,21.19069083333335,64.50469951849965,0.0,0,0,2015,11
2015-11-03,306.2524,297.53052,301.0742808333333,294.7270866666667,0.0,24,33.102400000000046,24.380520000000047,27.92428083333334,21.57708666666673,68.4152821410531,0.0,0,0,2015,11
2015-11-04,306.03015,297.68246,301.20658625,296.11947291666667,0.0,24,32.880150000000015,24.532460000000015,28.05658625000001,22.96947291666669,73.89820013779038,0.0,0,0,2015,11
2015-11-05,305.14572,297.78094,301.2181958333333,297.3832008333333,0.0,24,31.995720000000006,24.63094000000001,28.068195833333334,24.233200833333342,79.69652134256567,0.0,0,0,2015,11
2015-11-06,306.8103,298.3771,301.7839354166667,296.1672516666667,0.0,24,33.66030000000001,25.227100000000007,28.633935416666702,23.01725166666671,71.66254989491082,0.0,0,0,2015,11
2015-11-07,306.92047,298.16818,302.0210641666667,292.67753,0.0,24,33.770470000000046,25.01818000000003,28.871064166666713,19.527530000000013,57.054845834758225,0.0,0,0,2015,11
2015-11-08,306.61246,298.1903,301.52042875,293.2769225,0.0,24,33.46246000000002,25.040300000000002,28.37042875000003,20.126922500000035,60.96469417740021,0.0,0,0,2015,11
2015-11-09,306.5697,297.5456,301.2701916666667,293.58915458333337,0.0,24,33.419700000000034,24.3956,28.1201916666667,20.43915458333339,63.06603230029982,0.0,0,0,2015,11
2015-11-10,306.08875,296.76147,300.53656374999997,293.02618208333337,0.0,24,32.93875000000003,23.611469999999997,27.386563749999993,19.87618208333339,63.57609953505354,0.0,0,0,2015,11
2015-11-11,306.62344,296.0207,300.7258904166667,292.40057041666665,0.0,24,33.47344000000004,22.8707,27.57589041666671,19.250570416666676,60.47600842859904,0.0,0,0,2015,11
2015-11-12,307.13776,296.51727,301.10802041666665,292.58393416666667,0.0,24,33.98776000000004,23.36727000000002,27.95802041666667,19.43393416666669,59.81897630325138,0.0,0,0,2015,11
2015-11-13,307.04196,295.72455,300.7023216666667,293.00120541666666,0.0,24,33.89196000000004,22.574550000000045,27.552321666666728,19.851205416666687,62.86407600079234,0.0,0,0,2015,11
2015-11-14,306.64294,295.90582,300.69321625000003,293.04784166666667,0.0,24,33.49294000000003,22.75582000000003,27.543216250000057,19.897841666666693,63.07981897032438,0.0,0,0,2015,11
2015-11-15,306.5179,295.58902,300.6915475,292.74545041666664,0.0,24,33.36790000000002,22.439020000000028,27.541547500000036,19.595450416666665,61.91259675179935,0.0,0,0,2015,11
2015-11-16,306.23398,295.91785,300.58174375,292.3243516666667,0.0,24,33.08398,22.76785000000001,27.43174375000001,19.174351666666723,60.69977390047346,0.0,0,0,2015,11
2015-11-17,306.0301,295.734,300.4636479166667,292.53847708333336,0.0,24,32.88010000000003,22.584000000000003,27.313647916666696,19.388477083333385,61.942534532244025,0.0,0,0,2015,11
2015-11-18,306.40002,295.61444,300.25903,291.08503083333335,0.0,24,33.250020000000006,22.464440000000025,27.10903000000002,17.93503083333337,57.23864904130507,0.0,0,0,2015,11
2015-11-19,305.85046,294.14902,299.3730620833333,289.4155358333333,0.0,24,32.70046000000002,20.99902000000003,26.223062083333332,16.26553583333333,54.25434042822945,0.0,0,0,2015,11
2015-11-20,305.7654,294.5948,300.5920475,290.79264958333334,0.0,24,32.61540000000002,21.444800000000043,27.4420475,17.642649583333366,55.10608570322047,0.0,0,0,2015,11
2015-11-21,304.14218,298.66107,301.0002720833333,295.17483875,0.0044422149259,24,30.99218000000002,25.511070000000018,27.850272083333323,22.024838750000015,70.61842495253599,4.4422149259,1,0,2015,11
2015-11-22,303.52515,298.13626,300.5781495833333,297.1920845833333,0.0054445266196,24,30.37515000000002,24.986260000000016,27.428149583333322,24.04208458333335,81.79167806461601,5.4445266195999995,1,0,2015,11
2015-11-23,303.69135,298.20148,300.8533254166667,297.12658749999997,0.0036230087284600003,24,30.541350000000023,25.051480000000026,27.7033254166667,23.976587499999994,80.1679425776014,3.6230087284600003,1,0,2015,11
2015-11-24,304.35394,299.0147,301.20092708333334,296.69927958333335,0.0007085800169,24,31.203940000000046,25.864700000000028,28.050927083333363,23.549279583333373,76.56010229049342,0.7085800168999999,0,0,2015,11
2015-11-25,304.66263,298.5801,301.0229404166667,296.8512729166667,0.00099468229566,24,31.51263,25.43010000000004,27.872940416666722,23.70127291666671,78.07213270679559,0.99468229566,0,0,2015,11
2015-11-26,305.91345,298.6545,301.4094275,296.40801166666665,0.0,24,32.763450000000034,25.504500000000007,28.259427500000015,23.258011666666675,74.31608942873855,0.0,0,0,2015,11
2015-11-27,304.99463,298.24182,300.77744041666665,294.89660375,0.0,24,31.844629999999995,25.09182000000004,27.627440416666673,21.74660375000002,70.33891713811208,0.0,0,0,2015,11
2015-11-28,303.90015,296.8669,299.50144083333333,290.8487641666667,0.0,24,30.75015000000002,23.71690000000001,26.351440833333356,17.698764166666706,58.96713404954141,0.0,0,0,2015,11
2015-11-29,304.943,296.47318,299.7489375,292.93065125,0.0,24,31.793000000000006,23.323180000000036,26.598937500000034,19.780651250000005,66.19649180984888,0.0,0,0,2015,11
2015-11-30,304.92224,296.19913,299.8447095833333,294.1814841666667,0.0,24,31.77224000000001,23.049130000000048,26.69470958333335,21.0314841666667,71.11198847824268,0.0,0,0,2015,11
2015-12-01,305.72382,296.76935,300.50182416666667,295.07627083333335,0.0,24,32.57382000000001,23.619349999999997,27.351824166666688,21.926270833333376,72.27324761218603,0.0,0,0,2015,12
2015-12-02,305.46057,296.84692,300.66526749999997,294.67076583333335,0.0,24,32.31057000000004,23.696920000000034,27.515267499999993,21.52076583333337,69.83047868960925,0.0,0,0,2015,12
2015-12-03,305.4131,296.64966,300.14523249999996,293.8960083333333,0.0,24,32.26310000000001,23.499660000000006,26.995232499999986,20.74600833333335,68.64800247449247,0.0,0,0,2015,12
2015-12-04,305.52637,295.98425,300.00489166666665,293.2557425,0.0,24,32.37637000000001,22.834249999999997,26.854891666666674,20.10574250000002,66.53315335065216,0.0,0,0,2015,12
2015-12-05,305.34183,294.89255,299.59140541666665,292.5847058333333,0.0,24,32.19183000000004,21.74255000000005,26.44140541666667,19.43470583333334,65.39343954456145,0.0,0,0,2015,12
2015-12-06,305.44672,294.61746,299.60470833333335,292.28905416666663,0.0,24,32.29672000000005,21.467460000000017,26.45470833333337,19.139054166666654,64.14946033903851,0.0,0,0,2015,12
2015-12-07,305.25873,294.2718,299.18871416666667,291.1707745833333,0.0,24,32.10873000000004,21.121800000000007,26.038714166666693,18.02077458333332,61.298925637578975,0.0,0,0,2015,12
2015-12-08,305.10867,294.34598,299.1042504166667,291.2932375,0.0,24,31.95867000000004,21.19598000000002,25.954250416666696,18.143237499999998,62.08265924098667,0.0,0,0,2015,12
2015-12-09,304.92526,294.13248,298.8829220833333,291.58128500000004,0.0,24,31.775260000000003,20.98248000000001,25.732922083333335,18.43128500000006,64.05088640800538,0.0,0,0,2015,12
2015-12-10,304.00842,294.80017,298.8107116666667,293.16796791666667,0.0,24,30.858420000000024,21.650170000000003,25.660711666666714,20.01796791666669,71.01367869503954,0.0,0,0,2015,12
2015-12-11,302.03003,295.85153,298.6209870833333,293.47702833333335,0.0,24,28.880030000000033,22.701530000000048,25.47098708333334,20.327028333333374,73.20584653971012,0.0,0,0,2015,12
2015-12-12,302.78455,295.1234,298.4847879166667,290.5744829166667,0.0,24,29.634550000000047,21.973400000000026,25.3347879166667,17.424482916666705,61.55688060349517,0.0,0,0,2015,12
2015-12-13,303.128,294.18042,298.14973875,288.83911958333334,0.0,24,29.97800000000001,21.03042000000005,24.999738750000006,15.689119583333365,56.23430046843118,0.0,0,0,2015,12
2015-12-14,303.33936,294.90823,298.49153125,290.70787958333335,0.0,24,30.189360000000022,21.758230000000026,25.341531250000003,17.557879583333374,62.05284319997728,0.0,0,0,2015,12
2015-12-15,304.16885,295.31253,299.1556475,292.66358125,0.0,24,31.018850000000043,22.162530000000004,26.00564750000001,19.513581250000016,67.43074409879321,0.0,0,0,2015,12
2015-12-16,303.12708,295.61884,298.5607875,292.6898875,0.0,24,29.97708,22.46884,25.410787500000026,19.53988750000002,69.96907218616154,0.0,0,0,2015,12
2015-12-17,303.6349,293.3884,297.730885,287.30112916666667,0.0,24,30.48490000000004,20.238400000000013,24.580885000000023,14.151129166666692,52.22032802751467,0.0,0,0,2015,12
2015-12-18,303.51202,292.57697,297.62305625,287.8273041666667,0.0,24,30.36202000000003,19.42697000000004,24.473056250000013,14.677304166666715,54.37825089248014,0.0,0,0,2015,12
2015-12-19,303.5777,293.24805,298.09052875,291.9842675,0.0,24,30.427700000000016,20.09805,24.94052875,18.83426750000001,68.86066999270533,0.0,0,0,2015,12
2015-12-20,302.86685,294.53717,297.86343791666667,292.8879983333333,0.0,24,29.716850000000022,21.387170000000026,24.71343791666669,19.737998333333337,73.84469254225708,0.0,0,0,2015,12
2015-12-21,303.0133,294.2804,297.8193825,289.15001291666664,0.0,24,29.863300000000038,21.13040000000001,24.66938250000004,16.000012916666662,58.5075488543498,0.0,0,0,2015,12
2015-12-22,301.33145,292.32526,296.00779083333333,286.5740420833333,0.0,24,28.18145000000004,19.175260000000037,22.857790833333354,13.424042083333347,55.259511925547436,0.0,0,0,2015,12
2015-12-23,301.65216,289.85773,295.0715029166667,286.58516333333336,0.0,24,28.502160000000003,16.707730000000026,21.921502916666725,13.435163333333378,58.54221459722818,0.0,0,0,2015,12
2015-12-24,302.42133,290.26523,295.62836375,285.76484750000003,0.0,24,29.271330000000034,17.115229999999997,22.478363750000028,12.614847500000053,53.633443312306696,0.0,0,0,2015,12
2015-12-25,302.65103,291.73807,296.2160275,284.9664804166667,0.0,24,29.501030000000014,18.588070000000016,23.06602750000002,11.816480416666707,49.10584736536219,0.0,0,0,2015,12
2015-12-26,302.0774,289.96906,295.3087491666667,284.68029958333335,0.0,24,28.927400000000034,16.819060000000036,22.158749166666723,11.530299583333374,50.91676938002114,0.0,0,0,2015,12
2015-12-27,303.03918,289.93304,295.42369333333335,285.9490591666667,0.0,24,29.88918000000001,16.783040000000028,22.27369333333337,12.799059166666723,54.96545536936643,0.0,0,0,2015,12
2015-12-28,304.30182,290.24713,296.44728541666666,287.37497833333333,0.0,24,31.151820000000043,17.09713000000005,23.297285416666682,14.224978333333354,56.683027853454796,0.0,0,0,2015,12
2015-12-29,305.46622,291.37146,297.63132875,288.33376208333334,0.0,24,32.316220000000044,18.221460000000036,24.481328750000046,15.183762083333363,56.153932381650144,0.0,0,0,2015,12
2015-12-30,306.40698,292.02396,297.86871333333335,288.87207666666666,0.0,24,33.25698,18.87396000000001,24.71871333333337,15.72207666666668,57.30726194818397,0.0,0,0,2015,12
2015-12-31,306.4235,292.2044,298.37625166666663,289.6280675,0.0,24,33.27350000000001,19.054400000000044,25.226251666666656,16.47806750000001,58.34631418996479,0.0,0,0,2015,12
2016-01-01,306.49365,292.31494,298.38877041666666,289.7272491666667,0.0,24,33.343650000000025,19.16494,25.238770416666682,16.577249166666718,58.67195020854667,0.0,0,0,2016,1
2016-01-02,305.31088,292.41342,297.96084833333333,290.0054979166667,0.0,24,32.16088000000002,19.263419999999996,24.810848333333354,16.855497916666707,61.263070472849876,0.0,0,0,2016,1
2016-01-03,304.01096,291.4828,296.8371125,290.04970875,0.0,24,30.860960000000034,18.33280000000002,23.687112500000012,16.899708750000002,65.72158701088588,0.0,0,0,2016,1
2016-01-04,304.27322,291.02032,297.1032079166667,289.80321583333335,0.0,24,31.123220000000003,17.87032000000005,23.953207916666713,16.653215833333377,63.67232975174054,0.0,0,0,2016,1
2016-01-05,304.27588,291.56586,297.7726841666667,290.0002991666667,0.0,24,31.125879999999995,18.41586000000001,24.622684166666716,16.85029916666673,61.935967126570524,0.0,0,0,2016,1
2016-01-06,303.8811,292.33948,297.9301454166667,290.9954379166667,0.0,24,30.731100000000026,19.189480000000003,24.7801454166667,17.845437916666697,65.34041568560366,0.0,0,0,2016,1
2016-01-07,304.0301,293.15027,297.7242429166667,291.7619466666667,0.0,24,30.880100000000027,20.00027,24.57424291666672,18.61194666666671,69.41299602479485,0.0,0,0,2016,1
2016-01-08,303.64758,292.8866,297.5487954166667,291.29890125000003,0.0,24,30.497580000000028,19.73660000000001,24.3987954166667,18.14890125000005,68.13799169922729,0.0,0,0,2016,1
2016-01-09,303.774,292.84555,297.47835249999997,289.03640416666667,0.0,24,30.624000000000024,19.695550000000026,24.328352499999994,15.886404166666694,59.28304793088688,0.0,0,0,2016,1
2016-01-10,303.5998,291.8257,297.27956875,289.2341579166667,0.0,24,30.44980000000004,18.675700000000006,24.129568750000033,16.084157916666697,60.75761798325067,0.0,0,0,2016,1
2016-01-11,303.68414,292.52277,297.4549170833333,290.07955291666667,0.0,24,30.534140000000036,19.372770000000003,24.30491708333335,16.929552916666694,63.44487820226793,0.0,0,0,2016,1
2016-01-12,301.91373,292.8683,296.4540666666667,291.7262958333333,0.0,24,28.76373000000001,19.7183,23.3040666666667,18.576295833333347,74.75763998336937,0.0,0,0,2016,1
2016-01-13,301.3388,292.12265,296.36529666666667,291.27978,0.0,24,28.188800000000015,18.972650000000044,23.21529666666669,18.12978000000004,73.08326960022922,0.0,0,0,2016,1
2016-01-14,300.14282,292.91736,296.1205595833333,291.03993541666665,0.0,24,26.992819999999995,19.767359999999996,22.97055958333334,17.889935416666674,73.06326500622856,0.0,0,0,2016,1
2016-01-15,299.9285,291.9743,295.73837625,290.94094624999997,9.536743e-07,24,26.778500000000008,18.82430000000005,22.58837625000001,17.79094624999999,74.31266016241518,0.0009536743,0,0,2016,1
2016-01-16,299.88348,293.4624,296.16950541666665,290.68220291666665,0.0,24,26.733480000000043,20.312400000000025,23.019505416666675,17.532202916666677,71.22200582476763,0.0,0,0,2016,1
2016-01-17,299.46188,291.62555,295.46591374999997,289.91694708333335,0.0,24,26.31188000000003,18.47555,22.315913749999993,16.766947083333378,70.81480289666811,0.0,0,0,2016,1
2016-01-18,299.47406,291.29443,295.33487291666665,289.24487958333333,0.0,24,26.32406000000003,18.14443,22.184872916666677,16.094879583333352,68.39177801143073,0.0,0,0,2016,1
2016-01-19,300.1219,290.99725,295.20163333333335,287.38977833333337,0.0,24,26.971900000000005,17.84725000000003,22.05163333333337,14.23977833333339,61.19602614285238,0.0,0,0,2016,1
2016-01-20,300.59003,289.8919,294.7738404166667,284.51733458333337,0.0,24,27.440030000000036,16.741900000000044,21.623840416666724,11.367334583333388,52.04359641803272,0.0,0,0,2016,1
2016-01-21,301.64407,290.3155,295.68158375,285.30060875,0.0,24,28.494070000000022,17.16550000000001,22.53158375000004,12.150608750000004,51.85388934423877,0.0,0,0,2016,1
2016-01-22,302.9049,290.67706,296.05472833333334,285.62563041666664,0.0,24,29.75490000000002,17.527060000000006,22.904728333333367,12.475630416666661,51.78736611039998,0.0,0,0,2016,1
2016-01-23,303.25732,290.70514,296.5463858333333,287.0379375,0.0,24,30.107320000000016,17.555139999999994,23.39638583333334,13.887937500000021,55.12622725128225,0.0,0,0,2016,1
2016-01-24,303.4036,292.09943,297.05021416666665,288.01181333333335,0.0,24,30.253600000000006,18.949430000000007,23.90021416666667,14.861813333333373,56.95506835998814,0.0,0,0,2016,1
2016-01-25,301.99518,291.45105,296.25603375,287.7083416666667,0.0,24,28.845180000000028,18.301050000000032,23.106033749999995,14.558341666666706,58.59270054999074,0.0,0,0,2016,1
2016-01-26,301.1596,290.86957,295.5361070833333,286.76469833333334,0.0,24,28.009600000000034,17.719570000000033,22.386107083333343,13.614698333333365,57.576541989472176,0.0,0,0,2016,1
2016-01-27,300.97964,290.4889,295.0832475,288.40727375,0.0,24,27.82964000000004,17.338900000000024,21.93324750000005,15.257273750000024,65.82190207600652,0.0,0,0,2016,1
2016-01-28,302.90155,290.08533,295.99652083333336,289.48081958333336,0.0,24,29.75155000000001,16.93533000000002,22.846520833333386,16.33081958333338,66.69121420899752,0.0,0,0,2016,1
2016-01-29,303.71588,291.90118,297.3007983333333,291.4885220833333,0.0,24,30.56588000000005,18.751180000000033,24.15079833333334,18.338522083333316,69.98809348786419,0.0,0,0,2016,1
2016-01-30,304.3012,292.9097,297.73803291666667,292.1175025,0.0,24,31.151200000000017,19.75970000000001,24.58803291666669,18.967502500000023,70.9152684000003,0.0,0,0,2016,1
2016-01-31,304.52448,292.71832,297.9463983333333,291.3505333333333,0.0,24,31.374480000000005,19.56832000000003,24.796398333333343,18.20053333333334,66.75158779179255,0.0,0,0,2016,1
2016-02-01,303.88165,293.1721,297.65418125,290.79740583333336,0.0,24,30.731650000000002,20.022100000000023,24.504181250000045,17.64740583333338,65.60425195937313,0.0,0,0,2016,2
2016-02-02,303.82385,291.87085,296.99401916666665,289.89998083333336,0.0,24,30.673850000000016,18.72085000000004,23.84401916666667,16.74998083333338,64.48740613990068,0.0,0,0,2016,2
2016-02-03,303.65005,291.68066,296.4770691666667,288.85125958333333,0.0,24,30.500050000000044,18.53066000000001,23.327069166666718,15.701259583333353,62.22516396168777,0.0,0,0,2016,2
2016-02-04,302.3757,291.06848,296.03753916666665,289.00380666666666,0.0,24,29.225700000000018,17.918480000000045,22.88753916666667,15.853806666666685,64.52992806041637,0.0,0,0,2016,2
2016-02-05,300.79266,291.95477,295.8105458333333,291.56264416666664,0.0,24,27.642660000000035,18.80477000000002,22.660545833333344,18.412644166666666,76.93677553925448,0.0,0,0,2016,2
2016-02-06,299.96735,291.9045,295.74155791666664,291.3556904166667,4.7683716e-07,24,26.817350000000033,18.754500000000007,22.59155791666666,18.205690416666698,76.26272179579094,0.00047683716000000004,0,0,2016,2
2016-02-07,299.98682,291.40704,295.35338583333333,290.04959625,0.0,24,26.836820000000046,18.257040000000018,22.203385833333357,16.899596250000002,71.90491002102581,0.0,0,0,2016,2
2016-02-08,301.84238,291.59753,296.3171575,290.19003583333335,0.0,24,28.692380000000014,18.44753000000003,23.16715750000003,17.040035833333377,68.42415450644086,0.0,0,0,2016,2
2016-02-09,302.9878,293.02118,297.26446708333333,292.05907125,0.0,24,29.837800000000016,19.871180000000038,24.114467083333352,18.90907125000001,72.69235119398537,0.0,0,0,2016,2
2016-02-10,301.46655,294.049,297.201535,292.74939,0.0,24,28.316550000000007,20.899,24.051535,19.599390000000028,76.17546987921699,0.0,0,0,2016,2
2016-02-11,300.099,293.5003,296.7049925,292.43489208333335,3.8146972e-06,24,26.949000000000012,20.350300000000004,23.554992500000026,19.284892083333375,76.96636114507896,0.0038146972,0,0,2016,2
2016-02-12,299.15045,292.4558,295.4293341666667,290.49995041666665,0.0,24,26.00045,19.305800000000033,22.27933416666673,17.349950416666672,73.64412239466023,0.0,0,0,2016,2
2016-02-13,299.98514,291.61194,295.449975,289.64560208333336,0.0,24,26.835140000000024,18.461940000000027,22.299975000000018,16.49560208333338,69.67108510787189,0.0,0,0,2016,2
2016-02-14,302.3568,291.99423,296.95079791666666,288.79766875,0.0,24,29.206800000000044,18.84423000000004,23.80079791666668,15.647668750000037,60.264820261656666,0.0,0,0,2016,2
2016-02-15,303.13806,293.32172,297.33125083333334,288.29684375,0.0,24,29.98806000000002,20.17172000000005,24.181250833333365,15.146843750000016,57.038218633054456,0.0,0,0,2016,2
2016-02-16,303.10815,293.79825,297.78026083333333,290.82639666666665,0.0,24,29.958150000000046,20.64825000000002,24.630260833333352,17.676396666666676,65.23005271085843,0.0,0,0,2016,2
2016-02-17,301.6588,294.97888,297.8730454166667,293.66875583333336,0.0,24,28.508800000000008,21.828880000000026,24.723045416666707,20.518755833333387,77.45718001168677,0.0,0,0,2016,2
2016-02-18,302.85388,294.64575,298.4652525,293.78929416666665,0.0,24,29.703880000000026,21.495750000000044,25.315252500000042,20.639294166666673,75.32580625509978,0.0,0,0,2016,2
2016-02-19,302.15787,295.4895,298.54562791666666,294.70142875,0.0,24,29.007870000000025,22.339500000000044,25.395627916666683,21.551428750000014,79.28870165688717,0.0,0,0,2016,2
2016-02-20,302.7384,295.90198,299.1739954166667,293.94285041666666,0.0,24,29.588400000000036,22.751980000000003,26.023995416666708,20.79285041666668,72.90794274009326,0.0,0,0,2016,2
2016-02-21,304.45236,296.9314,300.09699041666664,292.14870041666666,0.0,24,31.30236000000002,23.78140000000002,26.946990416666665,18.99870041666668,61.77164148704549,0.0,0,0,2016,2
2016-02-22,303.8756,294.9461,298.5098004166667,288.0463520833333,0.0,24,30.725600000000043,21.796100000000024,25.3598004166667,14.89635208333334,52.307288885466946,0.0,0,0,2016,2
2016-02-23,303.67194,293.6554,297.48802625,290.59413125,0.0,24,30.52194000000003,20.50540000000001,24.33802625000004,17.444131249999998,65.41589463334329,0.0,0,0,2016,2
2016-02-24,302.06268,292.89645,297.237825,293.1953779166667,0.0,24,28.912680000000023,19.74645000000004,24.08782500000001,20.045377916666723,78.14243540910013,0.0,0,0,2016,2
2016-02-25,301.9866,293.01633,297.12050416666665,292.64886666666666,1.525878892e-05,24,28.836600000000033,19.866330000000005,23.97050416666667,19.498866666666686,76.07051500025695,0.01525878892,0,0,2016,2
2016-02-26,303.77133,293.65552,297.96565125,292.9358191666667,9.5367432e-07,24,30.62133,20.505520000000047,24.81565125000003,19.785819166666727,73.61301534109359,0.0009536743200000001,0,0,2016,2
2016-02-27,305.3516,294.81754,299.30506875,294.3413229166667,0.0,24,32.20160000000004,21.66754000000003,26.155068749999998,21.191322916666707,74.13931483335082,0.0,0,0,2016,2
2016-02-28,304.78607,295.79993,299.59985958333334,295.73412333333334,0.0,24,31.636070000000018,22.64993000000004,26.449859583333364,22.584123333333366,79.32941970515671,0.0,0,0,2016,2
2016-02-29,304.73044,296.62994,299.9703533333333,295.49631958333333,0.0,24,31.58044000000001,23.47994,26.820353333333344,22.346319583333354,76.50066147300194,0.0,0,0,2016,2
2016-03-01,305.3792,296.88666,300.41460916666665,295.57491583333336,0.0002112388615,24,32.22920000000005,23.73666000000003,27.264609166666673,22.424915833333387,74.88603528875316,0.2112388615,0,0,2016,3
2016-03-02,304.85443,297.21625,300.7719525,296.27128999999996,0.000570774079,24,31.704430000000002,24.066250000000025,27.62195250000002,23.121289999999988,76.49938362579832,0.570774079,0,0,2016,3
2016-03-03,305.65582,297.49512,301.00903666666665,295.9074854166667,5.2452087e-06,24,32.50582000000003,24.34512000000001,27.85903666666667,22.757485416666725,73.80064479845652,0.0052452087,0,0,2016,3
2016-03-04,306.1375,298.09573,301.62143625,295.02325125,4.7683716e-07,24,32.98750000000001,24.945730000000026,28.47143625000001,21.87325125000001,67.47922790934166,0.00047683716000000004,0,0,2016,3
2016-03-05,305.318,297.37292,300.98869833333333,294.1984420833333,0.0,24,32.168000000000006,24.222920000000045,27.838698333333355,21.048442083333327,66.56377499297078,0.0,0,0,2016,3
2016-03-06,304.51788,295.28204,299.60184208333334,292.68625541666665,0.0,24,31.367880000000014,22.132040000000018,26.45184208333336,19.536255416666677,65.7673348056346,0.0,0,0,2016,3
2016-03-07,305.07452,294.32477,299.47585666666663,292.1501133333333,0.0,24,31.92452000000003,21.174770000000024,26.325856666666652,19.00011333333333,64.08149894924077,0.0,0,0,2016,3
2016-03-08,305.69043,295.41302,300.0580283333333,291.7165283333333,0.0,24,32.540430000000015,22.26302000000004,26.908028333333334,18.566528333333338,60.26227238090802,0.0,0,0,2016,3
2016-03-09,305.12375,295.7558,300.19234375,292.2251504166667,0.0,24,31.973749999999995,22.605800000000045,27.042343750000043,19.075150416666702,61.72008657769542,0.0,0,0,2016,3
2016-03-10,306.5041,294.94107,300.30161291666667,292.29081708333337,0.0,24,33.35410000000002,21.791070000000047,27.151612916666693,19.14081708333339,61.57682888660166,0.0,0,0,2016,3
2016-03-11,307.236,296.99713,300.96279791666666,293.8786675,0.0,24,34.08600000000001,23.84713000000005,27.812797916666682,20.72866750000003,65.36527439190523,0.0,0,0,2016,3
2016-03-12,304.4594,296.34265,299.94861125,294.41792833333335,0.0,24,31.30940000000004,23.192650000000015,26.79861125000002,21.267928333333373,71.7121292936755,0.0,0,0,2016,3
2016-03-13,302.27582,296.88098,298.85577083333334,293.7851445833333,4.43458558e-05,24,29.125820000000033,23.730980000000045,25.70577083333336,20.63514458333333,73.57815254842384,0.0443458558,0,0,2016,3
2016-03-14,302.3705,294.56146,298.37036333333333,293.3588291666667,1.71661379e-05,24,29.220500000000015,21.411460000000034,25.220363333333353,20.208829166666703,73.76503899901216,0.0171661379,0,0,2016,3
2016-03-15,303.59827,295.9407,299.46916208333334,293.42454208333334,0.0,24,30.448270000000036,22.790700000000015,26.319162083333367,20.27454208333336,69.39013319057025,0.0,0,0,2016,3
2016-03-16,303.51556,296.02112,299.2994504166667,294.52030291666665,0.0,24,30.365560000000016,22.87112000000002,26.149450416666696,21.370302916666674,74.98308671589575,0.0,0,0,2016,3
2016-03-17,303.5641,296.0432,299.7345916666667,295.1888216666667,0.0,24,30.41410000000002,22.893200000000036,26.58459166666671,22.038821666666706,76.13068064947427,0.0,0,0,2016,3
2016-03-18,304.96918,296.68573,300.50229375,295.47361666666666,0.0,24,31.819180000000017,23.53573,27.35229375,22.32361666666668,74.04383199170104,0.0,0,0,2016,3
2016-03-19,306.95984,296.87,301.83539875,294.1085133333333,0.0,24,33.80984000000001,23.720000000000027,28.685398750000047,20.958513333333315,63.01056844497536,0.0,0,0,2016,3
2016-03-20,307.24207,297.6217,302.0368125,292.89209,0.0,24,34.092070000000035,24.4717,28.88681250000002,19.74209000000002,57.76786708555653,0.0,0,0,2016,3
2016-03-21,306.08997,297.64178,301.0345633333333,293.50828916666666,0.0,24,32.93997000000002,24.491780000000006,27.884563333333347,20.35828916666668,63.620762795333675,0.0,0,0,2016,3
2016-03-22,305.66922,295.7864,300.64182166666666,292.49357625,0.0,24,32.51922000000002,22.636400000000037,27.49182166666668,19.343576250000012,61.12770113951865,0.0,0,0,2016,3
2016-03-23,308.5069,297.92242,302.43010125,292.1275641666667,0.0,24,35.356899999999996,24.77242000000001,29.28010125000003,18.977564166666696,53.84180412751224,0.0,0,0,2016,3
2016-03-24,304.7984,296.5878,300.43000083333334,295.91365,0.0,24,31.648400000000038,23.43780000000004,27.28000083333336,22.76365000000004,76.37442404996388,0.0,0,0,2016,3
2016-03-25,304.0441,298.1133,300.61846791666665,296.78710416666667,0.0,24,30.894100000000037,24.963300000000004,27.46846791666667,23.63710416666669,79.63326925698993,0.0,0,0,2016,3
2016-03-26,305.05917,297.77243,300.93563625,296.82792624999996,0.0,24,31.909170000000017,24.62243000000001,27.78563625000004,23.677926249999985,78.36116972723809,0.0,0,0,2016,3
2016-03-27,306.5266,298.2741,301.9660783333333,295.9849375,0.00018882751,24,33.376599999999996,25.1241,28.816078333333337,22.834937500000024,70.12939203380975,0.18882751,0,0,2016,3
2016-03-28,306.794,298.4508,301.9049429166667,294.91297875000004,0.0,24,33.644000000000005,25.300800000000038,28.75494291666672,21.76297875000006,65.93079625191501,0.0,0,0,2016,3
2016-03-29,305.61566,296.11502,301.1338495833333,294.73277291666665,0.0,24,32.465660000000014,22.965020000000038,27.983849583333324,21.58277291666667,68.20147224876726,0.0,0,0,2016,3
2016-03-30,305.08875,296.96713,300.81657333333334,295.58328124999997,0.0,24,31.938750000000027,23.81713000000002,27.66657333333336,22.433281249999993,73.1798978092577,0.0,0,0,2016,3
2016-03-31,305.40512,296.9099,300.6184754166667,295.01631291666666,0.0,24,32.25512000000003,23.759900000000016,27.468475416666706,21.866312916666686,71.51825303593786,0.0,0,0,2016,3
2016-04-01,305.16772,296.13068,300.34527583333335,295.29192125000003,0.0,24,32.01772,22.980680000000007,27.19527583333337,22.141921250000053,73.90649211994328,0.0,0,0,2016,4
2016-04-02,304.39453,296.73138,300.3132425,295.782625,0.0,24,31.244529999999997,23.581380000000024,27.163242500000024,22.63262500000002,76.29036714062208,0.0,0,0,2016,4
2016-04-03,304.73218,298.59122,301.0928608333333,296.90538666666663,9.536743e-07,24,31.58218000000005,25.441220000000044,27.942860833333327,23.755386666666652,78.00785675440726,0.0009536743,0,0,2016,4
2016-04-04,305.35086,298.75702,301.67674125,296.6685108333333,0.0,24,32.200860000000034,25.607020000000034,28.526741250000043,23.518510833333323,74.32927016116119,0.0,0,0,2016,4
2016-04-05,305.28973,299.25757,301.67621916666667,296.68888625,4.7683716e-07,24,32.13973000000004,26.10757000000001,28.526219166666692,23.53888625000002,74.4229728908853,0.00047683716000000004,0,0,2016,4
2016-04-06,304.9621,299.12415,301.3216683333333,295.21650916666664,0.0,24,31.812100000000044,25.97415000000001,28.171668333333344,22.066509166666663,69.48251038047381,0.0,0,0,2016,4
2016-04-07,305.79755,297.6439,301.30866125,295.06910666666664,0.00021743774,24,32.647550000000024,24.493899999999996,28.158661250000023,21.919106666666664,68.9123641958027,0.21743774000000002,0,0,2016,4
2016-04-08,306.88074,297.32547,301.85486,292.78117249999997,0.0,24,33.730740000000026,24.17547000000002,28.704859999999996,19.63117249999999,57.980201262817296,0.0,0,0,2016,4
2016-04-09,307.3824,297.4212,301.90734125,293.28950583333335,0.0,24,34.23240000000004,24.27120000000002,28.757341250000025,20.139505833333374,59.65530068572089,0.0,0,0,2016,4
2016-04-10,306.52936,298.29443,302.0164720833333,295.27749083333333,0.0,24,33.37936000000002,25.14443,28.86647208333335,22.127490833333354,66.97992194915399,0.0,0,0,2016,4
2016-04-11,306.87213,298.77795,302.6588775,295.34697124999997,0.0,24,33.72213000000005,25.62795,29.50887750000004,22.19697124999999,64.80980280895967,0.0,0,0,2016,4
2016-04-12,307.51068,298.2749,302.53022791666666,295.16862291666666,0.0,24,34.36068,25.124900000000025,29.380227916666684,22.018622916666686,64.58677250253393,0.0,0,0,2016,4
2016-04-13,305.9456,298.81436,301.7044375,296.3812229166667,0.0,24,32.795600000000036,25.664360000000045,28.554437500000006,23.231222916666695,72.93284343108208,0.0,0,0,2016,4
2016-04-14,305.2504,297.97302,301.52686416666666,296.49850583333335,0.0,24,32.100400000000036,24.823020000000042,28.376864166666678,23.348505833333377,74.21441968883086,0.0,0,0,2016,4
2016-04-15,306.27582,297.49957,301.54978124999997,295.91449458333335,0.0,24,33.12582000000003,24.34957000000003,28.39978124999999,22.764494583333374,71.54017544515456,0.0,0,0,2016,4
2016-04-16,304.82968,297.02588,300.861375,296.35601291666666,0.0,24,31.67968000000002,23.875879999999995,27.711375000000032,23.20601291666668,76.49126366078318,0.0,0,0,2016,4
2016-04-17,304.44736,297.86078,300.9021154166667,296.21642333333335,6.389617946e-05,24,31.297360000000026,24.71078,27.752115416666697,23.066423333333375,75.66728089777358,0.06389617946000001,0,0,2016,4
2016-04-18,305.45114,299.28082,302.06678791666667,297.2530125,7.15255748e-06,24,32.30114000000003,26.13082000000003,28.916787916666692,24.103012500000034,75.26789437373446,0.00715255748,0,0,2016,4
2016-04-19,306.46765,299.20917,302.44855416666667,297.13978583333335,0.0,24,33.317650000000015,26.059169999999995,29.29855416666669,23.98978583333337,73.12311058825273,0.0,0,0,2016,4
2016-04-20,305.27396,300.35193,302.4616654166667,297.30929791666665,0.0,24,32.12396000000001,27.201930000000004,29.3116654166667,24.159297916666674,73.81584906149368,0.0,0,0,2016,4
2016-04-21,304.6294,299.86713,301.7961158333333,297.1092508333333,0.0,24,31.4794,26.717129999999997,28.64611583333334,23.95925083333333,75.80165756022542,0.0,0,0,2016,4
2016-04-22,303.56424,299.0206,301.12097708333334,296.35469166666667,7.295608576e-05,24,30.414240000000007,25.870600000000024,27.970977083333366,23.20469166666669,75.33355682559872,0.07295608576,0,0,2016,4
2016-04-23,304.014,298.7729,301.14988208333335,295.94191374999997,1.0013580299999999e-05,24,30.864000000000033,25.622900000000016,27.999882083333375,22.791913749999992,73.34916987206572,0.010013580299999998,0,0,2016,4
2016-04-24,303.32715,299.13904,301.06509,296.00962250000003,2.2888183020000002e-05,24,30.17715000000004,25.989040000000045,27.91509000000002,22.859622500000057,74.01660043467392,0.02288818302,0,0,2016,4
2016-04-25,304.0705,298.58008,301.1638116666667,295.80939708333335,3.14712522e-05,24,30.920500000000004,25.430080000000032,28.013811666666697,22.659397083333374,72.70233584166625,0.0314712522,0,0,2016,4
2016-04-26,306.0968,298.5304,301.71806499999997,295.55153416666667,0.0,24,32.946799999999996,25.38040000000001,28.56806499999999,22.401534166666693,69.29782524064493,0.0,0,0,2016,4
2016-04-27,308.74734,299.2525,303.50029208333336,295.15834291666664,0.0,24,35.59734000000003,26.10250000000002,30.350292083333386,22.008342916666663,61.039956510106926,0.0,0,0,2016,4
2016-04-28,307.33557,299.42612,303.0801808333334,296.17272958333336,0.0,24,34.18557000000004,26.27612000000005,29.930180833333395,23.022729583333387,66.50960118969952,0.0,0,0,2016,4
2016-04-29,305.42828,298.98633,302.11145791666667,297.69935541666666,0.0,24,32.278279999999995,25.836330000000032,28.96145791666669,24.549355416666685,77.11033191984676,0.0,0,0,2016,4
2016-04-30,305.27045,299.26346,302.14187625,297.23700375,2.28881831e-05,24,32.120450000000005,26.113460000000032,28.99187625000002,24.087003750000008,74.86896420099255,0.0228881831,0,0,2016,4
2016-05-01,305.32462,299.12985,301.91328791666666,297.177345,5.2452087200000005e-06,24,32.174620000000004,25.97985,28.763287916666684,24.027345000000025,75.59655942396394,0.00524520872,0,0,2016,5
2016-05-02,305.2544,299.66272,302.36752083333334,297.5991266666667,4.7683716e-07,24,32.1044,26.51272,29.217520833333367,24.4491266666667,75.52061253436283,0.00047683716000000004,0,0,2016,5
2016-05-03,305.78302,299.08307,302.2767975,297.66495541666666,0.0,24,32.633020000000045,25.933070000000043,29.12679750000001,24.51495541666668,76.21816523974731,0.0,0,0,2016,5
2016-05-04,305.18835,299.42694,302.1589020833333,297.81836,7.152557359999999e-06,24,32.03835000000004,26.276940000000025,29.00890208333334,24.668360000000007,77.44834059730901,0.00715255736,0,0,2016,5
2016-05-05,305.22913,300.29926,302.5535879166667,297.55518666666666,1.716613742e-05,24,32.07913000000002,27.149260000000027,29.40358791666671,24.40518666666668,74.51609676283257,0.017166137419999998,0,0,2016,5
2016-05-06,304.89,299.74823,301.95403375,297.0514170833333,7.629394559999999e-06,24,31.74000000000001,26.59823,28.80403375000003,23.901417083333342,74.84894893468741,0.007629394559999999,0,0,2016,5
2016-05-07,304.61453,299.74103,302.16684541666666,297.1141845833333,5.4359435300000004e-05,24,31.464530000000025,26.591030000000046,29.016845416666683,23.96418458333335,74.21075204051449,0.0543594353,0,0,2016,5
2016-05-08,305.33435,300.20856,302.4738025,297.7768908333333,5.6266784000000004e-05,24,32.184349999999995,27.05856,29.3238025,24.626890833333334,75.86121565977487,0.05626678400000001,0,0,2016,5
2016-05-09,305.15677,300.16138,302.3580675,297.8447770833333,5.7220458e-06,24,32.00677000000002,27.01138000000003,29.208067500000027,24.69477708333335,76.6814957308261,0.0057220458,0,0,2016,5
2016-05-10,305.83508,300.18527,302.89126375,298.06511374999997,6.43730158e-05,24,32.68508000000003,27.035270000000025,29.74126375000003,24.91511374999999,75.34232165713601,0.0643730158,0,0,2016,5
2016-05-11,305.97827,300.90698,302.71773666666667,298.13761,9.05990606e-06,24,32.82827000000003,27.75698,29.56773666666669,24.987610000000018,76.43012557988236,0.00905990606,0,0,2016,5
2016-05-12,305.89368,300.90576,303.03079125,298.46591083333334,0.0,24,32.74368000000004,27.75576000000001,29.880791250000016,25.315910833333362,76.54702587589772,0.0,0,0,2016,5
2016-05-13,305.8012,301.25278,303.33920666666666,299.17095875,1.716613776e-05,24,32.65120000000002,28.102779999999996,30.189206666666678,26.020958750000034,78.41694363970923,0.01716613776,0,0,2016,5
2016-05-14,306.4217,301.5471,303.7663975,298.9908320833333,2.05039977e-05,24,33.27170000000001,28.397100000000023,30.616397500000005,25.84083208333334,75.70648664736444,0.0205039977,0,0,2016,5
2016-05-15,306.78674,300.9916,303.46186374999996,299.41426333333334,1.049041756e-05,24,33.63674000000003,27.841600000000028,30.311863749999986,26.26426333333336,78.99589454256225,0.010490417560000001,0,0,2016,5
2016-05-16,306.56342,300.83966,303.2397825,299.05710708333334,1.764297486e-05,24,33.41342000000003,27.689660000000003,30.089782500000013,25.907107083333358,78.33595381113655,0.01764297486,0,0,2016,5
2016-05-17,306.35303,301.2845,303.33748083333336,299.08563458333333,6.29425047e-05,24,33.20303000000001,28.134500000000003,30.18748083333338,25.935634583333353,78.02924588269592,0.0629425047,0,0,2016,5
2016-05-18,305.36093,301.57538,303.489425,299.34501666666665,9.727477911999999e-05,24,32.21093000000002,28.42538000000002,30.339425000000006,26.195016666666675,78.54872266877335,0.09727477911999999,0,0,2016,5
2016-05-19,305.6186,301.9724,303.7208704166667,299.3483325,0.00031423568236,24,32.46860000000004,28.822400000000016,30.570870416666708,26.19833250000005,77.52858008525801,0.31423568236,0,0,2016,5
2016-05-20,305.13385,302.5683,303.7652404166667,299.35304916666666,0.0007596016046,24,31.983850000000018,29.418300000000045,30.615240416666722,26.203049166666688,77.35339778826082,0.7596016046,0,0,2016,5
2016-05-21,305.38843,302.39886,303.89690041666665,298.740635,0.0004930496232,24,32.23843000000005,29.248860000000036,30.746900416666676,25.59063500000002,74.03525996522555,0.4930496232,0,0,2016,5
2016-05-22,305.7066,302.1715,303.92277916666666,298.7815616666667,0.0005116462733,24,32.5566,29.021500000000003,30.77277916666668,25.6315616666667,74.10571646272793,0.5116462733,0,0,2016,5
2016-05-23,305.77753,302.78143,304.08832625,299.1478608333333,0.0006508827196,24,32.627530000000036,29.631430000000023,30.938326250000046,25.997860833333334,75.02033772613818,0.6508827196,0,0,2016,5
2016-05-24,305.69083,302.10022,303.91834958333334,299.52393,0.0010275840749,24,32.54083000000003,28.95022,30.76834958333336,26.37393000000003,77.45703684598712,1.0275840749,1,0,2016,5
2016-05-25,305.9961,302.2475,303.95418083333334,299.26915375,0.0020132064833,24,32.846100000000035,29.097500000000025,30.804180833333362,26.11915375000001,76.14266277215961,2.0132064833,1,0,2016,5
2016-05-26,306.11383,301.43002,303.87705666666665,298.97374083333335,0.0033111572312,24,32.96383000000003,28.280020000000036,30.72705666666667,25.823740833333375,75.15225321262291,3.3111572312,1,0,2016,5
2016-05-27,305.98102,301.4897,303.8261725,299.17345458333335,0.00157070161476,24,32.831020000000024,28.33970000000005,30.676172500000007,26.023454583333375,76.26894510451982,1.57070161476,1,0,2016,5
2016-05-28,305.7362,302.07416,303.8443145833333,299.1038820833333,0.0019364356823,24,32.58620000000002,28.92416000000003,30.694314583333323,25.953882083333326,75.8763975085522,1.9364356823,1,0,2016,5
2016-05-29,305.9933,301.94656,303.76427416666667,299.27783208333335,0.002435207355,24,32.8433,28.79656,30.61427416666669,26.127832083333374,77.01416831717074,2.4352073549999997,1,0,2016,5
2016-05-30,306.09003,301.64612,303.85395124999997,299.0946670833333,0.0024456978095,24,32.940030000000036,28.49612000000002,30.70395124999999,25.944667083333343,75.7931622951436,2.4456978095000004,1,0,2016,5
2016-05-31,306.34216,301.54108,303.87492541666666,299.07691625,0.0023007392983,24,33.19216,28.391080000000045,30.72492541666668,25.926916250000033,75.62265082940583,2.3007392983000003,1,0,2016,5
2016-06-01,306.1844,302.17828,303.9763454166667,298.87671625,0.0009994506833,24,33.034400000000005,29.028279999999995,30.826345416666697,25.726716250000038,74.29769352467333,0.9994506833,0,0,2016,6
2016-06-02,306.3872,302.28973,304.08852375,298.48976708333333,0.0005860328659,24,33.23720000000003,29.139730000000043,30.93852375,25.339767083333356,72.14414803424197,0.5860328659,0,0,2016,6
2016-06-03,306.98468,301.77173,304.2014425,298.51001125,0.0003614425706,24,33.83468000000005,28.621730000000014,31.051442500000007,25.360011250000014,71.76688357610804,0.3614425706,0,0,2016,6
2016-06-04,306.87225,302.38422,304.46747583333337,298.61272833333334,0.00032854079956,24,33.72225000000003,29.23422000000005,31.31747583333339,25.46272833333336,71.11968642757351,0.32854079956000004,0,0,2016,6
2016-06-05,305.80023,301.82715,303.9871483333333,298.50975416666665,0.00037670135641999997,24,32.65023000000002,28.67715000000004,30.837148333333346,25.359754166666676,72.64971135432896,0.37670135641999997,0,0,2016,6
2016-06-06,305.24396,302.68457,303.90868625,298.70238875,0.00047111511015999997,24,32.09396000000004,29.53457000000003,30.75868625000004,25.552388750000034,73.81738795501744,0.47111511015999996,0,0,2016,6
2016-06-07,306.37976,302.62915,304.34601833333335,298.9929416666667,0.0004024505595,24,33.22976,29.479150000000004,31.19601833333337,25.842941666666718,73.24931000802324,0.40245055949999997,0,0,2016,6
2016-06-08,306.11322,302.1936,304.3005454166667,298.83050875,0.0004615783683,24,32.963220000000035,29.043600000000026,31.150545416666716,25.68050875,72.73498658935385,0.4615783683,0,0,2016,6
2016-06-09,306.67566,302.48276,304.38286375,298.8081466666667,0.00107431411,24,33.525660000000016,29.332760000000007,31.232863750000035,25.65814666666671,72.29829464844902,1.07431411,1,0,2016,6
2016-06-10,305.84424,302.33667,303.77187166666664,298.8440316666667,0.0037651062053,24,32.694240000000036,29.18667000000005,30.621871666666664,25.694031666666717,75.02630954975876,3.7651062053,1,0,2016,6
2016-06-11,303.75623,300.7783,301.89108208333334,299.07339875,0.00839853292,24,30.60623000000004,27.628300000000024,28.741082083333367,25.923398750000047,84.76503843860726,8.39853292,1,0,2016,6
2016-06-12,304.44785,300.63562,302.4719029166667,299.37233875,0.007736682883,24,31.29785000000004,27.48562000000004,29.321902916666716,26.222338750000006,83.42400122087957,7.736682883,1,0,2016,6
2016-06-13,305.74536,300.7202,303.2934979166667,298.98553291666667,0.00414037703816,24,32.59536000000003,27.5702,30.143497916666718,25.835532916666693,77.76375529488631,4.1403770381600005,1,0,2016,6
2016-06-14,305.37143,301.501,303.3774741666667,298.86154458333334,0.00530099868,24,32.22143,28.351,30.227474166666696,25.711544583333364,76.82224010956507,5.30099868,1,0,2016,6
2016-06-15,304.7204,301.88947,303.14178166666665,299.42196916666666,0.005531787869,24,31.570400000000006,28.73947000000004,29.991781666666668,26.27196916666668,80.49879867341322,5.531787869,1,0,2016,6
2016-06-16,305.31848,301.1673,303.28989458333336,299.13079625,0.003413677243,24,32.168480000000045,28.017300000000034,30.139894583333387,25.980796250000026,78.45253786660484,3.413677243,1,0,2016,6
2016-06-17,304.82852,301.47937,302.94972208333337,298.76060624999997,0.005117893201,24,31.67852000000005,28.32937000000004,29.799722083333393,25.61060624999999,78.26507538979571,5.117893200999999,1,0,2016,6
2016-06-18,304.0644,301.01392,302.69500208333335,298.74350291666667,0.0036625862445999998,24,30.9144,27.863920000000007,29.545002083333372,25.593502916666694,79.34234662092835,3.6625862446,1,0,2016,6
2016-06-19,304.17737,301.28116,302.2429729166667,298.89260541666664,0.00766515735,24,31.02737000000002,28.131160000000023,29.092972916666724,25.742605416666663,82.16730766170184,7.66515735,1,0,2016,6
2016-06-20,301.73175,298.5974,300.20611,297.91003916666665,0.029124259995,24,28.58175,25.447400000000016,27.056110000000047,24.760039166666672,87.27418566311684,29.124259995,1,0,2016,6
2016-06-21,302.7438,299.5885,301.0406654166667,298.34360499999997,0.0410575857155,24,29.593800000000044,26.438500000000033,27.890665416666707,25.19360499999999,85.28786353143919,41.0575857155,1,0,2016,6
2016-06-22,302.9788,300.005,301.18541708333333,297.9304383333333,0.0241012572083,24,29.8288,26.855000000000018,28.035417083333357,24.780438333333336,82.50998979958752,24.101257208299998,1,0,2016,6
2016-06-23,302.94986,299.57965,301.1014029166667,298.09106291666666,0.022738933721000002,24,29.799860000000024,26.429650000000038,27.951402916666723,24.94106291666668,83.71515431605488,22.738933721000002,1,0,2016,6
2016-06-24,301.9972,299.30457,300.6204670833333,298.30020666666667,0.04783534996,24,28.847200000000043,26.154570000000035,27.470467083333347,25.15020666666669,87.18484445964351,47.83534996,1,0,2016,6
2016-06-25,300.64636,299.2368,299.83095125,298.01622541666666,0.0820202828,24,27.49636000000004,26.08680000000004,26.68095125000002,24.86622541666668,89.79084477604275,82.02028279999999,1,1,2016,6
2016-06-26,300.9532,298.8266,299.69612375,297.97493125,0.03925085053,24,27.803200000000004,25.676600000000008,26.54612375000005,24.82493125000002,90.28457577736988,39.25085053,1,0,2016,6
2016-06-27,300.68887,299.17398,299.92561958333334,297.991625,0.03587007534,24,27.53887000000003,26.023979999999995,26.775619583333366,24.841625000000022,89.16024033810369,35.87007534,1,0,2016,6
2016-06-28,301.05603,299.3778,300.24014875,298.3744266666667,0.05295133602,24,27.906030000000044,26.227800000000002,27.090148750000026,25.224426666666716,89.5477178249276,52.95133602000001,1,1,2016,6
2016-06-29,300.10144,299.28345,299.74449875,297.8910054166667,0.0409355163,24,26.951440000000048,26.13345000000004,26.594498750000014,24.741005416666724,89.57676444564741,40.9355163,1,0,2016,6
2016-06-30,301.35614,299.44797,300.1738808333333,298.17736375,0.03366851804,24,28.206140000000005,26.29797000000002,27.02388083333335,25.027363750000006,88.84707036172655,33.668518039999995,1,0,2016,6
2016-07-01,301.16556,299.54718,300.2592329166667,298.57137666666665,0.04176378241,24,28.01556000000005,26.39718000000005,27.109232916666713,25.421376666666674,90.50241239278905,41.76378241,1,0,2016,7
2016-07-02,300.45007,299.5276,299.90700375,298.58755583333334,0.04270982765,24,27.300070000000005,26.37760000000003,26.757003750000024,25.437555833333363,92.48638973685875,42.709827649999994,1,0,2016,7
2016-07-03,302.1344,299.75555,300.33907708333334,298.74478208333335,0.02879333488,24,28.98440000000005,26.60555000000005,27.18907708333336,25.59478208333337,91.01249445643971,28.79333488,1,0,2016,7
2016-07-04,300.75253,299.7917,300.2198008333333,298.900255,0.05359458909,24,27.60253,26.641700000000014,27.069800833333318,25.75025500000004,92.50258775348799,53.59458909,1,1,2016,7
2016-07-05,300.97272,299.4525,299.9762270833333,298.40371875,0.016869068089999998,24,27.822720000000004,26.30250000000001,26.826227083333322,25.25371875000002,91.10757947831823,16.86906809,1,0,2016,7
2016-07-06,300.99084,299.32794,300.20198750000003,298.33875041666664,0.00716781618,24,27.840840000000014,26.177940000000035,27.051987500000052,25.188750416666664,89.5581821209386,7.16781618,1,0,2016,7
2016-07-07,301.5926,300.12262,300.68309166666666,298.53538208333333,0.00565862656,24,28.442600000000027,26.972620000000006,27.533091666666678,25.385382083333354,88.09092441282827,5.65862656,1,0,2016,7
2016-07-08,301.5451,299.8877,300.7099808333333,298.26214125,0.006491184269,24,28.395100000000014,26.737700000000018,27.559980833333327,25.112141250000036,86.5322513336493,6.491184269,1,0,2016,7
2016-07-09,301.33508,299.87286,300.371565,298.43606708333334,0.02819108966,24,28.185080000000028,26.722860000000026,27.221565,25.286067083333364,89.18605675279838,28.191089660000003,1,0,2016,7
2016-07-10,301.54388,299.75128,300.51067416666666,298.4614291666667,0.02737236019,24,28.393880000000024,26.60128000000003,27.360674166666684,25.3114291666667,88.59474428830903,27.372360190000002,1,0,2016,7
2016-07-11,301.49915,299.24628,300.1314233333333,298.24150041666667,0.02484130851,24,28.34915000000001,26.096280000000036,26.98142333333334,25.09150041666669,89.41060606677132,24.84130851,1,0,2016,7
2016-07-12,300.87167,299.08963,299.7197375,298.00558458333336,0.02154970152,24,27.721670000000017,25.939630000000022,26.56973750000003,24.855584583333382,90.32417715661246,21.54970152,1,0,2016,7
2016-07-13,301.0091,298.9118,299.7905329166667,297.85888916666664,0.01351451876,24,27.859100000000012,25.76180000000005,26.6405329166667,24.708889166666665,89.16250664404433,13.51451876,1,0,2016,7
2016-07-14,301.79816,298.67474,299.8095354166667,297.971125,0.01062250136,24,28.64816000000002,25.52474000000001,26.6595354166667,24.821124999999995,89.66231625812341,10.62250136,1,0,2016,7
2016-07-15,301.55078,298.86804,299.9892883333333,297.96760125,0.00550603868,24,28.400779999999997,25.71804000000003,26.839288333333343,24.817601249999996,88.69915149887737,5.5060386800000005,1,0,2016,7
2016-07-16,301.72867,298.76666,300.19318208333334,297.97182208333334,0.01176786418,24,28.578670000000045,25.616660000000024,27.043182083333363,24.82182208333336,87.66368693752598,11.76786418,1,0,2016,7
2016-07-17,300.88904,298.82965,299.60931708333334,297.93710875,0.01147556292,24,27.739040000000045,25.679650000000038,26.45931708333336,24.787108750000016,90.5434058796915,11.47556292,1,0,2016,7
2016-07-18,300.7047,299.10776,299.62151208333336,297.66021666666666,0.01865243912,24,27.554700000000025,25.957760000000007,26.47151208333338,24.51021666666668,88.99146481638515,18.65243912,1,0,2016,7
2016-07-19,299.528,298.56885,299.17102833333337,297.5150991666667,0.02666568757,24,26.378000000000043,25.41885000000002,26.02102833333339,24.36509916666671,90.60244922874777,26.66568757,1,0,2016,7
2016-07-20,300.35785,298.5678,299.4617279166667,297.65575375,0.01408672325,24,27.207850000000008,25.4178,26.31172791666671,24.505753749999997,89.81134970382641,14.08672325,1,0,2016,7
2016-07-21,299.90134,298.15002,298.987015,297.34139458333334,0.01128101351,24,26.751340000000027,25.000020000000006,25.837015000000008,24.191394583333363,90.64628283458048,11.28101351,1,0,2016,7
2016-07-22,300.06857,298.41492,299.13389916666665,297.50483041666666,0.01531076437,24,26.918570000000045,25.264920000000018,25.983899166666674,24.354830416666687,90.74605087650336,15.310764370000001,1,0,2016,7
2016-07-23,300.8318,298.3907,299.3318404166667,297.37415208333334,0.011393547030000001,24,27.68180000000001,25.240700000000004,26.181840416666716,24.224152083333365,88.98834388457311,11.39354703,1,0,2016,7
2016-07-24,301.30518,298.55365,299.7601495833333,297.63584958333337,0.009935379079999999,24,28.15518000000003,25.403650000000027,26.61014958333334,24.48584958333339,88.13772484020535,9.935379079999999,1,0,2016,7
2016-07-25,301.5423,299.01038,300.07962125,297.98165166666666,0.009918689701,24,28.392300000000034,25.86038000000002,26.929621250000025,24.831651666666687,88.30295547444497,9.918689701,1,0,2016,7
2016-07-26,300.78076,298.69952,299.62668708333337,297.66473083333335,0.00946617127,24,27.63076000000001,25.54952000000003,26.47668708333339,24.514730833333374,88.98834166916905,9.46617127,1,0,2016,7
2016-07-27,300.1579,298.5855,299.16607833333336,297.44378875,0.01479434969,24,27.007900000000006,25.435500000000047,26.016078333333382,24.293788750000033,90.24219618276166,14.79434969,1,0,2016,7
2016-07-28,300.19675,298.3107,299.19474875,297.45991875,0.02910232556,24,27.04675000000003,25.16070000000002,26.044748749999997,24.30991875000001,90.17631102463359,29.10232556,1,0,2016,7
2016-07-29,300.94836,298.25073,299.2587233333333,297.3709170833333,0.06944227215,24,27.798360000000002,25.10073,26.10872333333333,24.220917083333347,89.35686012181128,69.44227215,1,1,2016,7
2016-07-30,300.5856,298.30737,299.19978208333333,297.5996575,0.03114461886,24,27.435600000000022,25.157370000000014,26.049782083333355,24.4496575,90.90793703190026,31.14461886,1,0,2016,7
2016-07-31,299.48776,298.44678,299.04347583333333,297.69054,0.06013154984,24,26.337760000000003,25.296780000000012,25.893475833333355,24.54054000000002,92.25472120663247,60.13154984,1,1,2016,7
2016-08-01,299.8004,298.4432,299.11919916666665,297.7198358333333,0.0553689001,24,26.650400000000047,25.293200000000013,25.96919916666667,24.569835833333343,92.00284942851742,55.3689001,1,1,2016,8
2016-08-02,300.37134,299.21198,299.7788229166667,297.55007875,0.06134319282,24,27.221339999999998,26.061980000000005,26.628822916666707,24.400078750000034,87.58932896817825,61.343192820000006,1,1,2016,8
2016-08-03,300.66864,299.1537,299.68858166666666,297.8473558333333,0.04459095014,24,27.518640000000005,26.003700000000038,26.538581666666687,24.697355833333347,89.63842282358361,44.590950140000004,1,0,2016,8
2016-08-04,300.90375,298.79373,299.64761708333333,297.6445341666667,0.01793909068,24,27.753750000000025,25.643730000000005,26.497617083333353,24.49453416666671,88.77100621300673,17.93909068,1,0,2016,8
2016-08-05,299.94934,298.7746,299.24666916666666,297.9028241666667,0.03718805295,24,26.79934000000003,25.624600000000044,26.096669166666686,24.7528241666667,92.31612454714883,37.18805295,1,0,2016,8
2016-08-06,300.35187,298.67505,299.43370416666664,297.82202166666667,0.01521110535,24,27.201870000000042,25.52505000000002,26.283704166666666,24.672021666666694,90.86015574622094,15.21110535,1,0,2016,8
2016-08-07,300.66357,299.06732,299.73598125,297.7034995833333,0.01279020316,24,27.513570000000016,25.917320000000018,26.58598125000003,24.55349958333335,88.6218161560381,12.790203159999999,1,0,2016,8
2016-08-08,300.62845,298.61728,299.768675,297.86346,0.01463174822,24,27.47845000000001,25.467280000000017,26.618674999999996,24.713459999999998,89.30190778148689,14.63174822,1,0,2016,8
2016-08-09,301.32056,298.8105,299.75507124999996,297.7575029166667,0.01549911501,24,28.170560000000023,25.660500000000013,26.60507124999998,24.607502916666704,88.80875965751025,15.49911501,1,0,2016,8
2016-08-10,299.8191,298.66626,299.2398191666667,297.7565475,0.02337694141,24,26.669100000000014,25.516260000000045,26.0898191666667,24.606547500000033,91.5489055189048,23.37694141,1,0,2016,8
2016-08-11,301.10382,298.63348,299.8952704166667,297.91483208333335,0.01309156428,24,27.953820000000007,25.483480000000043,26.7452704166667,24.764832083333374,88.91075197598649,13.09156428,1,0,2016,8
2016-08-12,301.19568,299.26318,300.102515,297.93302083333333,0.00778865814,24,28.045680000000004,26.11318,26.952515000000005,24.783020833333353,87.92816605247589,7.78865814,1,0,2016,8
2016-08-13,301.28027,299.40826,300.30096583333335,297.71004375,0.0057964324800000005,24,28.130269999999996,26.258260000000007,27.150965833333373,24.560043750000034,85.75673741272419,5.796432480000001,1,0,2016,8
2016-08-14,301.6003,299.46686,300.41068916666666,297.4326691666667,0.004301071165,24,28.450300000000027,26.31686000000002,27.26068916666668,24.28266916666672,83.8011208940585,4.301071165,1,0,2016,8
2016-08-15,302.04926,299.33008,300.38681583333334,297.37613375,0.005083084099,24,28.899260000000027,26.180080000000032,27.236815833333367,24.22613375000003,83.63437677022597,5.083084099,1,0,2016,8
2016-08-16,301.66302,298.94104,300.34679625,297.52357416666666,0.004701614374,24,28.51302000000004,25.79104000000001,27.196796250000034,24.373574166666685,84.57594067119032,4.701614374,1,0,2016,8
2016-08-17,301.87225,298.95364,300.21515208333335,297.4383583333333,0.005381107344,24,28.72225000000003,25.80364000000003,27.065152083333373,24.28835833333335,84.79801302299245,5.381107344,1,0,2016,8
2016-08-18,302.14847,298.36243,299.8679725,297.27549625,0.007009983084,24,28.998469999999998,25.21243000000004,26.71797250000003,24.125496250000026,85.70627791287845,7.009983084,1,0,2016,8
2016-08-19,302.22842,298.80124,300.3889125,297.58514083333336,0.003558158881,24,29.07842000000005,25.65124000000003,27.238912500000026,24.435140833333378,84.67903583265542,3.558158881,1,0,2016,8
2016-08-20,300.91528,298.8471,299.8861445833333,297.5812833333333,0.00476932526,24,27.76528000000002,25.697100000000034,26.736144583333328,24.43128333333334,87.19996898236236,4.7693252600000005,1,0,2016,8
2016-08-21,300.86108,298.68622,299.66939541666665,297.5183270833333,0.0059232711950000004,24,27.711080000000038,25.536220000000014,26.51939541666667,24.368327083333327,87.98887905526608,5.923271195000001,1,0,2016,8
2016-08-22,300.67474,298.32294,299.4072004166667,297.5931025,0.005277633685,24,27.52474000000001,25.17294000000004,26.257200416666706,24.44310250000001,89.76372265258061,5.277633685,1,0,2016,8
2016-08-23,300.51727,298.48996,299.61619083333335,297.81097375,0.01529359832,24,27.36727000000002,25.33996000000002,26.46619083333337,24.66097375000004,89.8264971501498,15.293598320000001,1,0,2016,8
2016-08-24,301.38107,298.94437,300.01517416666667,297.78323458333335,0.01114416124,24,28.231070000000045,25.794370000000015,26.86517416666669,24.633234583333376,87.59294743086058,11.14416124,1,0,2016,8
2016-08-25,302.07254,299.12848,300.44107291666666,297.43693125,0.003442287432,24,28.922540000000026,25.978480000000047,27.29107291666668,24.28693125000001,83.67322991429276,3.442287432,1,0,2016,8
2016-08-26,300.98813,298.7425,299.66796416666665,297.63790708333335,0.01328754421,24,27.838130000000035,25.59250000000003,26.517964166666673,24.48790708333337,88.62927549094319,13.28754421,1,0,2016,8
2016-08-27,301.36926,298.7918,299.68478875,297.58277375,0.02283716211,24,28.21926000000002,25.641800000000046,26.53478875000002,24.432773750000024,88.24929008084331,22.83716211,1,0,2016,8
2016-08-28,300.70084,298.675,299.56606833333336,297.7954158333333,0.032241821195,24,27.55084000000005,25.525000000000034,26.416068333333385,24.645415833333345,90.00890789095602,32.241821195,1,0,2016,8
2016-08-29,301.49313,299.1213,300.1692120833333,298.1145154166667,0.006547927865,24,28.34313000000003,25.971300000000042,27.019212083333343,24.9645154166667,88.5387240662682,6.547927865,1,0,2016,8
2016-08-30,302.1151,299.17474,300.44833,297.9387183333333,0.002863883964,24,28.965100000000007,26.02474000000001,27.29833000000002,24.78871833333335,86.1891739008964,2.863883964,1,0,2016,8
2016-08-31,301.57986,299.09747,300.28740999999997,297.70769,0.00303411483,24,28.42986000000002,25.94747000000001,27.13740999999999,24.557690000000036,85.81295538472986,3.0341148299999996,1,0,2016,8
2016-09-01,301.69897,298.63586,299.98778208333334,297.7615891666667,0.00617885592,24,28.548969999999997,25.485860000000002,26.837782083333366,24.611589166666704,87.62072046132529,6.17885592,1,0,2016,9
2016-09-02,301.53278,298.59427,299.92651541666663,297.30372708333334,0.006669044516,24,28.382780000000025,25.444270000000017,26.776515416666655,24.153727083333365,85.55614788170882,6.6690445160000005,1,0,2016,9
2016-09-03,301.35406,298.22803,299.83614,296.9859208333333,0.0032920837385,24,28.204060000000027,25.078030000000012,26.686140000000023,23.83592083333332,84.3848180830641,3.2920837385,1,0,2016,9
2016-09-04,302.3969,299.01495,300.4801341666667,296.53263125,0.0019073486149,24,29.24690000000004,25.86495000000002,27.33013416666671,23.38263125000003,79.05824779288454,1.9073486148999999,1,0,2016,9
2016-09-05,302.02875,298.62332,300.23435,296.7012775,0.001677989964,24,28.878750000000025,25.47332,27.08435000000003,23.551277500000026,81.02816678764901,1.677989964,1,0,2016,9
2016-09-06,300.99747,298.4907,299.6579758333333,296.88096333333334,0.003879547115,24,27.847470000000044,25.340700000000027,26.50797583333332,23.730963333333364,84.73884656650824,3.8795471150000003,1,0,2016,9
2016-09-07,301.58246,298.21802,299.6439720833333,296.66174333333333,0.004543781272,24,28.43246000000005,25.068020000000047,26.493972083333347,23.511743333333357,83.6952016063667,4.543781272,1,0,2016,9
2016-09-08,301.29868,298.30933,299.53723333333335,296.54189875000003,0.003110408796,24,28.148680000000013,25.15933000000001,26.38723333333337,23.391898750000053,83.61713321131755,3.110408796,1,0,2016,9
2016-09-09,301.96967,297.93713,299.8659608333333,297.02859374999997,0.002218723287,24,28.81967000000003,24.787130000000047,26.715960833333327,23.878593749999993,84.45329889824988,2.218723287,1,0,2016,9
2016-09-10,302.29126,298.0517,299.96003916666666,297.00193958333335,0.002079009998,24,29.141260000000045,24.901700000000005,26.810039166666684,23.851939583333376,83.85193567383934,2.079009998,1,0,2016,9
2016-09-11,301.7267,298.08978,299.94388833333335,297.16926666666666,0.003089904795,24,28.576700000000017,24.93978000000004,26.79388833333337,24.01926666666668,84.78086211682431,3.089904795,1,0,2016,9
2016-09-12,302.53925,298.13025,300.0465091666667,296.9476291666667,0.0021657943755,24,29.389250000000004,24.980250000000012,26.896509166666704,23.797629166666695,83.15384082929639,2.1657943755,1,0,2016,9
2016-09-13,302.64722,298.19385,300.5393045833333,297.4724254166667,0.0018734932005,24,29.497220000000027,25.04385000000002,27.38930458333334,24.322425416666704,83.36984324793225,1.8734932005,1,0,2016,9
2016-09-14,302.3235,299.4433,300.6474616666667,297.4951233333333,0.005335330952,24,29.173500000000047,26.293300000000045,27.49746166666671,24.345123333333333,82.95587861702359,5.335330952,1,0,2016,9
2016-09-15,301.3009,298.64075,299.5404283333333,297.6403891666667,0.02849721893,24,28.150900000000036,25.490750000000048,26.39042833333332,24.490389166666716,89.31244148167784,28.49721893,1,0,2016,9
2016-09-16,300.19788,298.21075,299.1772404166667,297.89198833333336,0.12918996827,24,27.04788000000002,25.06075000000004,26.0272404166667,24.74198833333338,92.63638507966569,129.18996827,1,1,2016,9
2016-09-17,299.88327,298.1814,299.12916583333333,297.93762791666666,0.1258926396,24,26.733270000000005,25.03140000000002,25.979165833333354,24.78762791666668,93.15441978576669,125.8926396,1,1,2016,9
2016-09-18,299.74112,298.50858,299.0086925,297.67193208333333,0.1030035017,24,26.591120000000046,25.358580000000018,25.858692500000018,24.521932083333354,92.34222199661612,103.0035017,1,1,2016,9
2016-09-19,300.27066,298.633,299.3732245833333,297.71158375,0.02561998365,24,27.120660000000044,25.483000000000004,26.22322458333332,24.56158375000001,90.58490749157335,25.61998365,1,0,2016,9
2016-09-20,300.98914,298.55005,299.6592533333333,297.52953875,0.021935462994,24,27.839140000000043,25.40005000000002,26.509253333333334,24.379538749999995,88.1007669279906,21.935462993999998,1,0,2016,9
2016-09-21,301.2208,298.21082,299.1506670833333,297.5645329166667,0.0748057364,24,28.07080000000002,25.060820000000035,26.000667083333326,24.4145329166667,90.98104084098553,74.8057364,1,1,2016,9
2016-09-22,300.58572,298.52838,299.5089433333333,297.84142375,0.25142860227,24,27.435720000000003,25.37838000000005,26.358943333333343,24.691423750000013,90.56209070098271,251.42860227000003,1,1,2016,9
2016-09-23,301.01633,298.97192,299.82629375,297.75744249999997,0.017078876619,24,27.866330000000005,25.821920000000034,26.676293750000013,24.60744249999999,88.4362906998021,17.078876619,1,0,2016,9
2016-09-24,300.3609,298.07062,299.1167854166667,297.35276708333333,0.011130332954999999,24,27.210900000000038,24.920620000000042,25.96678541666671,24.202767083333356,90.0130352510578,11.130332954999998,1,0,2016,9
2016-09-25,301.39938,298.0363,299.735755,297.47636916666664,0.006025314363,24,28.24938000000003,24.886300000000006,26.585755000000006,24.326369166666666,87.42479724643097,6.025314363000001,1,0,2016,9
2016-09-26,302.07855,298.92792,300.3720645833333,297.6841645833333,0.0058617591815,24,28.92855000000003,25.777919999999995,27.22206458333335,24.534164583333336,85.26719714531691,5.8617591815,1,0,2016,9
2016-09-27,302.6222,298.9226,300.5642708333333,298.12097458333335,0.0026617050105,24,29.472200000000043,25.77260000000001,27.41427083333332,24.970974583333373,86.54219161905603,2.6617050105,1,0,2016,9
2016-09-28,302.87253,298.78937,300.47734041666666,297.73938875,0.0022969245920999998,24,29.722530000000006,25.639370000000042,27.327340416666686,24.589388750000012,85.02272049524072,2.2969245921,1,0,2016,9
2016-09-29,302.28052,299.00223,300.48357333333337,297.24643041666667,0.00158691407026,24,29.130520000000047,25.85223000000002,27.33357333333339,24.096430416666692,82.51559956090217,1.5869140702600002,1,0,2016,9
2016-09-30,302.32623,298.34863,300.2280308333333,296.84272458333334,0.00312232970046,24,29.176230000000032,25.198630000000037,27.078030833333344,23.69272458333336,81.75258535573033,3.12232970046,1,0,2016,9
2016-10-01,300.0741,298.8416,299.49577375,296.8838395833333,0.02516794197046,24,26.92410000000001,25.69160000000005,26.345773750000035,23.73383958333335,85.56924891101927,25.16794197046,1,0,2016,10
2016-10-02,299.11652,297.56595,298.43885125,296.27629541666664,0.040170669469999996,24,25.966520000000003,24.41595000000001,25.28885125000005,23.126295416666665,87.82411603779433,40.17066946999999,1,0,2016,10
2016-10-03,300.4088,297.96332,298.95853166666666,296.6586595833333,0.007571220411,24,27.258800000000008,24.813320000000033,25.80853166666668,23.508659583333326,87.1434691611608,7.571220411,1,0,2016,10
2016-10-04,299.89594,297.88263,298.41502875,296.2075541666666,0.02610254295,24,26.74594000000002,24.73263000000003,25.26502875,23.057554166666648,87.5835683003729,26.10254295,1,0,2016,10
2016-10-05,301.0863,298.17987,299.4747820833333,296.80181875,0.002990722659,24,27.936300000000017,25.029870000000017,26.324782083333332,23.651818750000018,85.25299276952555,2.990722659,1,0,2016,10
2016-10-06,300.83282,297.8758,299.2927741666667,296.87012124999995,0.004058361057,24,27.68282000000005,24.72580000000005,26.142774166666698,23.720121249999977,86.53105966332711,4.058361057,1,0,2016,10
2016-10-07,302.0841,298.01022,299.99949833333335,297.11109500000003,0.0019655227663,24,28.9341,24.860220000000027,26.849498333333372,23.961095000000057,84.20862750390012,1.9655227663,1,0,2016,10
2016-10-08,302.53314,298.40045,300.41172875,297.2960895833333,0.0018997192241,24,29.383140000000026,25.25045,27.26172875000003,24.14608958333332,83.11174673732215,1.8997192241,1,0,2016,10
2016-10-09,302.04294,299.10138,300.3266433333333,297.57918333333333,0.0022401809625999997,24,28.89294000000001,25.95138000000003,27.176643333333345,24.429183333333356,84.95884823153705,2.2401809625999998,1,0,2016,10
2016-10-10,302.91534,298.82935,300.5906375,297.9045254166667,0.00133275985232,24,29.765340000000037,25.67935,27.440637500000037,24.754525416666695,85.29834559074274,1.33275985232,1,0,2016,10
2016-10-11,302.96863,298.63617,300.68555166666664,297.58761458333333,0.00074672700006,24,29.81863000000004,25.486170000000016,27.535551666666663,24.437614583333357,83.23124499570181,0.7467270000599999,0,0,2016,10
2016-10-12,303.2824,298.07657,300.25028375,297.0278191666667,8.249282912e-05,24,30.13240000000002,24.926570000000027,27.100283750000017,23.87781916666671,82.56099045546108,0.08249282912,0,0,2016,10
2016-10-13,302.96472,297.6897,299.8651541666666,296.66138625,2.5272369e-05,24,29.814720000000023,24.53970000000004,26.71515416666665,23.511386250000044,82.6087634645398,0.025272369,0,0,2016,10
2016-10-14,304.9054,297.25186,300.8734275,296.4898979166667,1.43051148e-05,24,31.75540000000001,24.101860000000045,27.723427500000014,23.3398979166667,77.05858199470185,0.014305114800000001,0,0,2016,10
2016-10-15,304.41998,297.77966,300.993285,296.9163995833333,4.29153438e-06,24,31.269980000000032,24.62966,27.843285000000037,23.76639958333334,78.51501192702261,0.00429153438,0,0,2016,10
2016-10-16,303.9682,298.82733,301.06188333333336,297.9347725,0.0,24,30.818200000000047,25.67733000000004,27.91188333333338,24.78477250000003,83.12875202693462,0.0,0,0,2016,10
2016-10-17,304.74084,299.52295,301.47282791666663,297.56255416666664,0.0,24,31.590840000000014,26.372950000000003,28.322827916666654,24.412554166666666,79.37176351697894,0.0,0,0,2016,10
2016-10-18,305.06216,299.6615,301.6596408333333,296.89928333333336,0.0,24,31.91216000000003,26.511500000000012,28.50964083333332,23.74928333333338,75.44572285466539,0.0,0,0,2016,10
2016-10-19,304.95325,298.8844,301.3434720833333,295.23047583333334,0.0,24,31.803250000000048,25.73440000000005,28.193472083333347,22.080475833333367,69.45340641529747,0.0,0,0,2016,10
2016-10-20,304.9034,297.8847,300.7478433333333,294.52858791666665,0.0,24,31.7534,24.734700000000032,27.597843333333344,21.378587916666675,68.89063862278678,0.0,0,0,2016,10
2016-10-21,304.87845,297.0318,300.4492304166667,295.11399958333334,0.0,24,31.72845000000001,23.8818,27.299230416666717,21.96399958333336,72.66378842161978,0.0,0,0,2016,10
2016-10-22,304.68695,297.55646,300.21303666666665,296.29194875,0.0,24,31.536950000000047,24.40646000000004,27.063036666666676,23.14194875000004,79.14772127417804,0.0,0,0,2016,10
2016-10-23,303.95523,297.60016,300.28733416666665,296.69258874999997,0.0,24,30.805229999999995,24.45016000000004,27.137334166666676,23.542588749999993,80.73397743693663,0.0,0,0,2016,10
2016-10-24,303.5802,297.61227,300.1234904166667,296.34782041666665,0.0,24,30.430200000000013,24.462270000000046,26.97349041666672,23.197820416666673,79.83494994539055,0.0,0,0,2016,10
2016-10-25,302.63257,296.20355,298.95961166666666,294.69595083333337,0.0,24,29.48257000000001,23.05355000000003,25.809611666666683,21.545950833333393,77.33627153459933,0.0,0,0,2016,10
2016-10-26,304.61237,295.33783,299.37250291666663,293.79804958333335,0.0,24,31.46237000000002,22.18783000000002,26.222502916666656,20.648049583333375,71.41617461096094,0.0,0,0,2016,10
2016-10-27,305.34637,295.38046,300.0232329166667,293.5235475,0.0,24,32.19637,22.23046000000005,26.873232916666723,20.37354750000003,67.57149482848634,0.0,0,0,2016,10
2016-10-28,305.485,294.82373,299.57424541666666,293.44901583333336,0.0,24,32.335000000000036,21.673730000000035,26.42424541666668,20.299015833333385,69.06512909130393,0.0,0,0,2016,10
2016-10-29,304.41498,294.50455,299.1154041666667,292.82473166666665,0.0,24,31.264980000000037,21.354550000000017,25.9654041666667,19.674731666666673,68.27218966022342,0.0,0,0,2016,10
2016-10-30,305.28918,293.36743,298.9287683333333,291.34780041666664,0.0,24,32.13918000000001,20.217430000000036,25.778768333333346,18.197800416666666,62.94751596941825,0.0,0,0,2016,10
2016-10-31,305.72778,295.28506,300.44476583333335,293.57452374999997,0.0,24,32.57778000000002,22.13506000000001,27.294765833333372,20.42452374999999,66.12609879623366,0.0,0,0,2016,10
2016-11-01,305.5832,296.37943,300.329795,293.23365916666665,0.0,24,32.4332,23.229430000000036,27.179795000000013,20.083659166666678,65.18503761522676,0.0,0,0,2016,11
2016-11-02,304.68567,294.5493,299.2494129166667,291.7424095833333,0.0,24,31.53567000000004,21.39930000000004,26.099412916666722,18.592409583333335,63.31053525584126,0.0,0,0,2016,11
2016-11-03,304.59015,293.85928,298.87587666666667,291.7988129166667,0.0,24,31.440150000000017,20.709280000000035,25.725876666666693,18.648812916666714,64.9570764109944,0.0,0,0,2016,11
2016-11-04,304.41898,293.0972,298.46152125,291.79621375,0.0,24,31.26898,19.94720000000001,25.31152125,18.646213750000015,66.56630115809143,0.0,0,0,2016,11
2016-11-05,303.63333,294.66052,299.0361833333333,292.59324375,0.0,24,30.483330000000024,21.510520000000042,25.88618333333335,19.443243750000022,67.6133165954996,0.0,0,0,2016,11
2016-11-06,303.71246,293.59552,298.49929333333336,291.7360429166667,0.0,24,30.562460000000044,20.445520000000045,25.349293333333378,18.586042916666713,66.16697463497567,0.0,0,0,2016,11
2016-11-07,303.07147,292.93646,298.28947625,291.8562004166667,0.0,24,29.92147,19.786460000000034,25.13947625000003,18.706200416666718,67.50517465222036,0.0,0,0,2016,11
2016-11-08,304.85748,292.71313,298.36730708333334,290.44572999999997,0.0,24,31.707480000000032,19.56313,25.217307083333367,17.295729999999992,61.48650980578054,0.0,0,0,2016,11
2016-11-09,304.30103,292.6873,298.4128420833334,290.24769125,0.0,24,31.15103000000005,19.537300000000016,25.262842083333396,17.097691250000025,60.55593008388579,0.0,0,0,2016,11
2016-11-10,304.84064,291.99597,298.1048308333333,290.05047541666664,0.0,24,31.69064000000003,18.845970000000023,24.954830833333347,16.900475416666666,60.91204462242937,0.0,0,0,2016,11
2016-11-11,304.5522,292.28906,297.971955,290.01474125,0.0,24,31.40220000000005,19.13906000000003,24.821955000000003,16.86474125000001,61.25834836360191,0.0,0,0,2016,11
2016-11-12,304.38922,292.8167,298.1101683333333,290.2737216666667,0.0,24,31.239220000000046,19.66670000000005,24.960168333333343,17.12372166666671,61.760609843136564,0.0,0,0,2016,11
2016-11-13,304.5735,292.3576,298.24026375,290.57471333333336,0.0,24,31.423500000000047,19.207600000000014,25.09026375000002,17.424713333333386,62.4612856911509,0.0,0,0,2016,11
2016-11-14,304.44904,293.80756,298.69516916666663,292.2168545833333,0.0,24,31.299040000000048,20.657560000000046,25.545169166666653,19.06685458333334,67.39646487168336,0.0,0,0,2016,11
2016-11-15,304.38855,294.81976,299.48222541666667,293.88259625,0.0,24,31.238550000000032,21.669759999999997,26.332225416666688,20.73259625000003,71.3251969350042,0.0,0,0,2016,11
2016-11-16,304.8748,296.21823,300.37880791666663,294.57653875,0.0,24,31.724800000000016,23.068230000000028,27.228807916666653,21.42653875000002,70.60455707332298,0.0,0,0,2016,11
2016-11-17,305.06665,296.35336,300.0248433333333,293.16857583333336,0.0,24,31.916650000000004,23.203360000000032,26.87484333333333,20.018575833333387,66.09723358225986,0.0,0,0,2016,11
2016-11-18,304.28897,294.47272,298.78947875,291.2055270833333,0.0,24,31.13897000000003,21.322720000000004,25.639478750000023,18.055527083333345,62.90511425422042,0.0,0,0,2016,11
2016-11-19,304.57126,293.5128,298.33167291666666,290.34347833333334,0.0,24,31.421260000000018,20.36280000000005,25.181672916666685,17.19347833333336,61.21977874765826,0.0,0,0,2016,11
2016-11-20,304.6181,292.53784,298.10707833333333,290.42770583333333,0.0,24,31.46810000000005,19.38784000000004,24.957078333333357,17.277705833333357,62.37711850585301,0.0,0,0,2016,11
2016-11-21,304.57938,292.2046,298.16549291666666,289.70846166666666,0.0,24,31.429380000000037,19.05460000000005,25.015492916666688,16.558461666666688,59.38726075105063,0.0,0,0,2016,11
2016-11-22,305.0277,292.16696,297.9149916666667,290.11365083333334,0.0,24,31.877700000000004,19.01696000000004,24.76499166666673,16.96365083333336,61.85423295696675,0.0,0,0,2016,11
2016-11-23,304.8841,292.45016,298.19592166666666,290.50221708333333,0.0,24,31.734100000000012,19.300160000000005,25.045921666666686,17.352217083333358,62.34036505852919,0.0,0,0,2016,11
2016-11-24,304.78705,292.9319,298.55458791666666,290.37352,0.0,24,31.637050000000045,19.781900000000007,25.404587916666685,17.223520000000008,60.52744677224312,0.0,0,0,2016,11
2016-11-25,304.82758,292.94986,298.29702791666665,290.0052475,0.0,24,31.677580000000034,19.799860000000024,25.147027916666673,16.85524750000002,60.04499130390589,0.0,0,0,2016,11
2016-11-26,305.14215,292.3913,298.11449458333334,290.1939508333333,0.0,24,31.992150000000038,19.241300000000024,24.964494583333362,17.043950833333326,61.43335511148898,0.0,0,0,2016,11
2016-11-27,305.0171,292.0082,298.33847958333337,289.9257170833333,0.0,24,31.86710000000005,18.85820000000001,25.18847958333339,16.775717083333348,59.5951114900662,0.0,0,0,2016,11
2016-11-28,305.47128,292.11023,298.387155,291.3039933333333,0.0,24,32.32128,18.960230000000024,25.23715500000003,18.153993333333347,64.82890340761338,0.0,0,0,2016,11
2016-11-29,304.42444,293.84583,298.25948791666667,292.467965,0.0,24,31.274440000000027,20.69583,25.109487916666694,19.317965000000015,70.25902181484287,0.0,0,0,2016,11
2016-11-30,304.43292,293.94754,298.3918283333333,292.50487125,0.0,24,31.282920000000047,20.797540000000026,25.24182833333333,19.35487125000003,69.86740614060255,0.0,0,0,2016,11
2016-12-01,304.2323,293.22906,298.02538583333336,291.7747220833333,0.0,24,31.082300000000032,20.079060000000027,24.875385833333382,18.624722083333324,68.22863178227193,0.0,0,0,2016,12
2016-12-02,304.90146,293.1826,298.45202375,291.7118175,0.0,24,31.75146000000001,20.032600000000002,25.302023750000046,18.561817500000018,66.25283092990342,0.0,0,0,2016,12
2016-12-03,305.08746,292.7618,298.7741158333333,290.95796791666663,0.0,24,31.937460000000044,19.611800000000017,25.62411583333335,17.807967916666655,61.98890282800502,0.0,0,0,2016,12
2016-12-04,305.0125,296.74054,300.36229083333336,293.36776208333333,0.0,24,31.86250000000001,23.590540000000033,27.212290833333384,20.217762083333355,65.60307618791023,0.0,0,0,2016,12
2016-12-05,305.04083,296.24298,300.230225,294.42967833333336,0.0,24,31.89083000000005,23.09298000000001,27.08022500000004,21.27967833333338,70.58472999201656,0.0,0,0,2016,12
2016-12-06,304.8659,295.24274,299.1382958333333,291.5431016666667,0.0,24,31.715900000000033,22.09274000000005,25.988295833333325,18.393101666666723,62.93728796675347,0.0,0,0,2016,12
2016-12-07,303.71948,292.28018,297.45513708333334,289.7429358333333,0.0,24,30.56948,19.130179999999996,24.305137083333364,16.592935833333343,62.10186670651839,0.0,0,0,2016,12
2016-12-08,304.08292,292.1598,297.61042875000004,289.76390625,0.0,24,30.932920000000024,19.00980000000004,24.460428750000062,16.613906250000014,61.60843372459256,0.0,0,0,2016,12
2016-12-09,303.73004,292.12485,297.2020616666667,289.54645875,0.0,24,30.580039999999997,18.974850000000004,24.052061666666702,16.396458750000022,62.26920863953935,0.0,0,0,2016,12
2016-12-10,303.43774,291.85297,296.93848166666663,289.6044508333334,0.0,24,30.287740000000042,18.70297000000005,23.788481666666655,16.454450833333397,63.498653084932876,0.0,0,0,2016,12
2016-12-11,303.52716,290.88898,296.9280170833333,288.66288375,0.0,24,30.377160000000003,17.738980000000026,23.77801708333334,15.512883750000015,59.828407401621064,0.0,0,0,2016,12
2016-12-12,303.94366,290.86163,297.33953875000003,289.55987375,0.0,24,30.793660000000045,17.711630000000014,24.189538750000054,16.40987375000003,61.809839565640466,0.0,0,0,2016,12
2016-12-13,304.445,292.07922,297.83579375,288.97202208333334,0.0,24,31.295000000000016,18.929220000000043,24.685793750000016,15.822022083333366,57.78871970106865,0.0,0,0,2016,12
2016-12-14,304.24988,293.65735,299.04057,291.0456654166667,4.7683716e-07,24,31.09988000000004,20.50735000000003,25.890570000000025,17.895665416666702,61.354363472161076,0.00047683716000000004,0,0,2016,12
2016-12-15,303.85162,297.24057,300.1562020833333,293.87468541666664,5.2452088e-06,24,30.701620000000048,24.090570000000014,27.006202083333335,20.72468541666666,68.51364869322563,0.0052452088,0,0,2016,12
2016-12-16,305.3896,296.44943,300.38641416666667,293.5204625,0.0,24,32.239599999999996,23.29943000000003,27.23641416666669,20.37046250000003,66.131686780737,0.0,0,0,2016,12
2016-12-17,305.15634,296.6203,300.2858504166667,293.0242191666667,0.0,24,32.00634000000002,23.47030000000001,27.1358504166667,19.874219166666705,64.5106398841297,0.0,0,0,2016,12
2016-12-18,304.46136,295.0744,299.38709291666663,290.0226775,0.0,24,31.311360000000036,21.92440000000005,26.237092916666654,16.87267750000001,56.3440392695365,0.0,0,0,2016,12
2016-12-19,303.365,293.7915,298.020055,289.77936625,0.0,24,30.215000000000032,20.641500000000008,24.870055000000036,16.629366250000032,60.175979162777,0.0,0,0,2016,12
2016-12-20,304.07327,293.40588,298.067965,290.35115333333334,0.0,24,30.923270000000002,20.255880000000047,24.917965000000038,17.201153333333366,62.22078591766757,0.0,0,0,2016,12
2016-12-21,304.45276,292.43256,297.66461875,290.17742458333333,0.0,24,31.302760000000035,19.282560000000046,24.51461875000001,17.027424583333357,63.04238461703552,0.0,0,0,2016,12
2016-12-22,303.68134,292.44388,297.50074916666665,290.27220208333335,0.0,24,30.53134,19.29388,24.350749166666674,17.122202083333377,64.04812460772492,0.0,0,0,2016,12
2016-12-23,303.66553,292.64984,297.33626875,290.79727625000004,0.0,24,30.515530000000012,19.499840000000006,24.18626875000001,17.64727625000006,66.86656265844738,0.0,0,0,2016,12
2016-12-24,303.92377,292.5326,297.57736,290.9732925,0.0,24,30.773770000000013,19.382600000000025,24.42736000000002,17.823292500000036,66.6418664377588,0.0,0,0,2016,12
2016-12-25,303.87842,292.59418,297.46438083333334,290.87282375,0.0,24,30.72842000000003,19.444180000000017,24.31438083333336,17.722823750000032,66.67133254041721,0.0,0,0,2016,12
2016-12-26,304.2223,292.36957,297.63804666666664,290.0646408333333,0.0,24,31.07230000000004,19.219570000000033,24.488046666666662,16.91464083333335,62.692791899103824,0.0,0,0,2016,12
2016-12-27,304.03293,291.9687,297.12005875,288.87203958333333,0.0,24,30.882930000000044,18.818700000000035,23.97005875000002,15.722039583333355,59.938895794846374,0.0,0,0,2016,12
2016-12-28,303.9472,290.92957,296.72948333333335,288.03786958333336,0.0,24,30.797200000000032,17.779570000000035,23.57948333333337,14.887869583333384,58.16390817916502,0.0,0,0,2016,12
2016-12-29,303.9227,291.0694,297.16348375,288.4550854166667,0.0,24,30.772700000000043,17.919399999999996,24.013483750000034,15.305085416666714,58.205116524615086,0.0,0,0,2016,12
2016-12-30,304.71082,291.28125,297.3112770833333,289.32648208333336,0.0,24,31.560820000000035,18.131250000000023,24.161277083333346,16.176482083333383,61.000434467127,0.0,0,0,2016,12
2016-12-31,303.8296,291.87787,297.5964883333333,290.43722625000004,0.0,24,30.67960000000005,18.727869999999996,24.44648833333332,17.28722625000006,64.35032361274989,0.0,0,0,2016,12
2017-01-01,303.2801,292.36874,297.42836458333335,290.72188625,0.0,24,30.130100000000027,19.218740000000025,24.27836458333337,17.571886250000034,66.18230851415808,0.0,0,0,2017,1
2017-01-02,303.49274,292.6623,297.55947041666667,290.2156570833333,0.0,24,30.34274000000005,19.51230000000004,24.409470416666693,17.06565708333335,63.594771348900004,0.0,0,0,2017,1
2017-01-03,303.74945,291.9001,297.2604,288.5921583333333,0.0,24,30.599450000000047,18.75010000000003,24.110400000000027,15.442158333333339,58.37857856706677,0.0,0,0,2017,1
2017-01-04,303.23053,290.90906,296.5876175,288.6693491666667,0.0,24,30.08053000000001,17.759060000000034,23.437617500000044,15.5193491666667,61.09459896944117,0.0,0,0,2017,1
2017-01-05,303.0205,291.86588,296.73930916666666,288.85360083333336,0.0,24,29.87050000000005,18.715880000000027,23.58930916666668,15.703600833333383,61.256929108380135,0.0,0,0,2017,1
2017-01-06,300.90033,291.37637,295.46822833333334,289.59568916666666,0.0,24,27.75033000000002,18.22637000000003,22.318228333333366,16.445689166666682,69.37289340994835,0.0,0,0,2017,1
2017-01-07,299.4909,289.85013,294.94508083333335,290.91760958333333,9.5367432e-07,24,26.340900000000033,16.70013,21.795080833333373,17.767609583333353,77.87948714362027,0.0009536743200000001,0,0,2017,1
2017-01-08,300.25696,291.31693,295.6873445833333,290.64132958333334,9.536743e-07,24,27.106960000000015,18.166930000000036,22.537344583333322,17.491329583333368,73.14759107159132,0.0009536743,0,0,2017,1
2017-01-09,300.10638,292.71008,295.93629749999997,290.74244375,0.0,24,26.956380000000024,19.560080000000028,22.78629749999999,17.59244375000003,72.5113693221213,0.0,0,0,2017,1
2017-01-10,300.57874,291.3829,295.23951166666666,286.95683333333335,0.0,24,27.428740000000005,18.23290000000003,22.08951166666668,13.806833333333373,59.36367369061845,0.0,0,0,2017,1
2017-01-11,300.96353,289.11734,294.09056791666666,285.9219279166667,0.0,24,27.813530000000014,15.967340000000036,20.94056791666668,12.771927916666698,59.53366517175663,0.0,0,0,2017,1
2017-01-12,300.62903,288.67328,294.29771208333335,285.63684708333335,0.0,24,27.479030000000023,15.52328,21.147712083333374,12.486847083333373,57.69145188226252,0.0,0,0,2017,1
2017-01-13,300.93115,290.41843,295.45281,287.6211975,0.0,24,27.781150000000025,17.268430000000023,22.302810000000022,14.471197500000017,61.17549425192973,0.0,0,0,2017,1
2017-01-14,301.57043,291.00867,296.10886750000003,290.10764666666665,0.0,24,28.42043000000001,17.858670000000018,22.958867500000053,16.957646666666676,68.9315922787084,0.0,0,0,2017,1
2017-01-15,302.19928,292.95956,297.1356825,292.15435916666667,0.0,24,29.04928000000001,19.809560000000033,23.985682499999996,19.00435916666669,73.69455837616208,0.0,0,0,2017,1
2017-01-16,301.53198,293.8378,296.91820208333337,291.7667983333333,0.0,24,28.38198,20.68780000000004,23.768202083333392,18.61679833333335,72.87771848095058,0.0,0,0,2017,1
2017-01-17,301.76886,292.75653,296.60804666666667,289.7376875,0.0,24,28.61886000000004,19.60653000000002,23.45804666666669,16.587687500000015,65.32812485690809,0.0,0,0,2017,1
2017-01-18,302.1593,292.01355,296.59619625,288.8823820833333,0.0,24,29.009299999999996,18.863550000000032,23.446196250000014,15.732382083333334,61.90223922886108,0.0,0,0,2017,1
2017-01-19,302.99268,292.93784,297.27451,289.72777291666665,0.0,24,29.84268000000003,19.787840000000017,24.124510000000043,16.577772916666675,62.71842009086804,0.0,0,0,2017,1
2017-01-20,302.84268,292.21313,297.06608458333335,289.84143375,0.0,24,29.692679999999996,19.06313,23.916084583333372,16.691433750000044,63.96990127876991,0.0,0,0,2017,1
2017-01-21,303.8532,291.86252,297.36929875000004,289.89504958333333,0.0,24,30.703200000000038,18.71252000000004,24.219298750000064,16.745049583333355,63.02910589622113,0.0,0,0,2017,1
2017-01-22,304.28296,293.21997,298.1001158333333,290.48111,0.0,24,31.132960000000026,20.069970000000012,24.950115833333314,17.331110000000024,62.6142172618958,0.0,0,0,2017,1
2017-01-23,304.99884,293.31653,298.50115416666665,290.71789458333336,0.0,24,31.848839999999996,20.166530000000023,25.351154166666674,17.567894583333384,62.056530481380115,0.0,0,0,2017,1
2017-01-24,305.07837,294.56488,299.33837666666665,290.84756583333336,0.0,24,31.92837000000003,21.41488000000004,26.18837666666667,17.697565833333385,59.533866265041254,0.0,0,0,2017,1
2017-01-25,305.52563,294.01495,299.10484541666665,290.9018770833333,0.0,24,32.37563,20.86495000000002,25.95484541666667,17.75187708333334,60.56983314391657,0.0,0,0,2017,1
2017-01-26,303.47,294.22034,298.1989175,290.64015375,0.0,24,30.32000000000005,21.070340000000044,25.048917500000016,17.490153750000047,62.87495970448209,0.0,0,0,2017,1
2017-01-27,302.1535,292.71817,296.8703629166667,288.45208041666666,0.0,24,29.00350000000003,19.56817000000001,23.720362916666716,15.302080416666684,59.229694084813076,0.0,0,0,2017,1
2017-01-28,304.57135,292.02005,297.78654625,288.5716645833333,0.0,24,31.421350000000018,18.87005000000005,24.636546250000038,15.421664583333325,56.491208506272706,0.0,0,0,2017,1
2017-01-29,305.35526,292.73303,298.13285875,289.2474941666667,0.0,24,32.20526000000001,19.583030000000008,24.982858750000048,16.097494166666706,57.780342285860364,0.0,0,0,2017,1
2017-01-30,304.1042,293.44272,298.16469624999996,290.106295,0.0,24,30.954200000000014,20.29272000000003,25.014696249999986,16.95629500000001,60.91008551926366,0.0,0,0,2017,1
2017-01-31,303.63342,293.67587,298.23905125,290.4629966666667,0.0,24,30.483420000000024,20.525869999999998,25.08905125000001,17.31299666666672,62.02614129818077,0.0,0,0,2017,1
2017-02-01,304.403,293.04565,298.11267208333334,289.15935333333334,0.0,24,31.253000000000043,19.895650000000046,24.96267208333336,16.009353333333365,57.52526785478312,0.0,0,0,2017,2
2017-02-02,304.94177,293.8222,298.79785666666663,291.07156583333335,0.0,24,31.791770000000042,20.672200000000032,25.647856666666655,17.921565833333375,62.34604231648552,0.0,0,0,2017,2
2017-02-03,303.22662,294.22882,298.354445,292.71326625,0.0,24,30.076620000000048,21.078820000000007,25.20444500000002,19.563266250000027,70.93712244628982,0.0,0,0,2017,2
2017-02-04,301.73758,294.4231,297.2761433333333,292.45933916666667,0.0,24,28.587580000000003,21.2731,24.126143333333346,19.30933916666669,74.47827547318397,0.0,0,0,2017,2
2017-02-05,300.42426,293.61502,296.4285508333333,292.44683333333336,4.529952992e-05,24,27.274260000000027,20.465020000000038,23.278550833333327,19.29683333333338,78.32035117118942,0.04529952992,0,0,2017,2
2017-02-06,301.54126,291.80664,295.8383395833333,288.17120708333334,0.0,24,28.391260000000045,18.65664000000004,22.688339583333345,15.021207083333366,61.916485303597874,0.0,0,0,2017,2
2017-02-07,302.0562,292.0647,296.5823716666667,288.30553125,0.0,24,28.906200000000013,18.91470000000004,23.43237166666671,15.155531250000024,59.70258032023232,0.0,0,0,2017,2
2017-02-08,302.15814,293.37958,297.5407758333333,290.3003975,0.0,24,29.008140000000026,20.22958,24.39077583333335,17.150397499999997,64.00879317002769,0.0,0,0,2017,2
2017-02-09,303.69678,293.68958,297.8156125,288.72792625,0.0,24,30.546780000000012,20.53958,24.66561250000001,15.577926250000019,56.9610991074327,0.0,0,0,2017,2
2017-02-10,302.73605,293.92865,297.4413325,288.711255,0.0,24,29.58605,20.778650000000027,24.29133250000001,15.561255000000017,58.19065823069313,0.0,0,0,2017,2
2017-02-11,300.99066,293.13287,296.6086175,290.8138195833333,0.0,24,27.840660000000014,19.982870000000048,23.458617500000003,17.66381958333335,69.93416207442799,0.0,0,0,2017,2
2017-02-12,302.6648,291.45856,296.4642441666667,289.3571533333333,0.0,24,29.514800000000037,18.30856,23.314244166666697,16.207153333333338,64.31993709351435,0.0,0,0,2017,2
2017-02-13,304.41287,292.392,297.79479875,290.28240958333333,0.0,24,31.26287000000002,19.24200000000002,24.644798750000007,17.132409583333356,62.970468534739865,0.0,0,0,2017,2
2017-02-14,304.98303,294.01813,299.3251575,290.9677291666667,0.0,24,31.833030000000008,20.868130000000008,26.17515750000001,17.81772916666671,60.0334649268863,0.0,0,0,2017,2
2017-02-15,305.61844,295.1681,300.12825541666666,290.8737195833333,0.0,24,32.468440000000044,22.018100000000004,26.978255416666684,17.72371958333332,56.91754596067305,0.0,0,0,2017,2
2017-02-16,306.9742,294.95792,300.34790791666666,290.24807749999997,0.0,24,33.82420000000002,21.807920000000024,27.19790791666668,17.098077499999988,54.00907358488119,0.0,0,0,2017,2
2017-02-17,306.652,295.3448,300.4291583333333,290.65614875,0.0,24,33.50200000000001,22.194800000000043,27.279158333333328,17.506148750000023,55.15769977684374,0.0,0,0,2017,2
2017-02-18,307.00342,294.28296,300.45294416666667,289.6827470833333,0.0,24,33.85342000000003,21.132960000000026,27.30294416666669,16.532747083333334,51.78453896097925,0.0,0,0,2017,2
2017-02-19,306.13812,294.27768,299.9637079166667,290.95380708333334,0.0,24,32.98812000000004,21.127679999999998,26.813707916666715,17.803807083333368,57.76224071376249,0.0,0,0,2017,2
2017-02-20,305.23648,296.2621,300.13365166666665,291.39510333333334,0.0,24,32.086479999999995,23.112099999999998,26.983651666666674,18.24510333333336,58.797301716108784,0.0,0,0,2017,2
2017-02-21,301.94977,294.28668,298.00422375,293.10399875,2.8610229599999997e-06,24,28.799770000000024,21.136680000000013,24.854223750000017,19.95399875000004,74.21372661792023,0.0028610229599999996,0,0,2017,2
2017-02-22,301.86707,293.74762,297.51917625,292.65615041666666,5.24520876e-06,24,28.717070000000035,20.597620000000006,24.36917625000001,19.506150416666685,74.30455390204123,0.00524520876,0,0,2017,2
2017-02-23,304.93887,294.0738,298.95030375,290.4122366666667,0.0,24,31.78887000000003,20.92380000000003,25.800303750000012,17.262236666666695,59.26598160047062,0.0,0,0,2017,2
2017-02-24,306.5169,293.637,299.54401916666666,288.80303625,0.0,24,33.366900000000044,20.487000000000023,26.39401916666668,15.653036250000014,51.64694933491896,0.0,0,0,2017,2
2017-02-25,306.9168,293.85132,299.90339666666665,288.09739041666666,0.0,24,33.766800000000046,20.70132000000001,26.753396666666674,14.947390416666678,48.32267727944786,0.0,0,0,2017,2
2017-02-26,307.15808,293.57922,299.83769666666666,288.44461041666665,0.0,24,34.00808000000001,20.429220000000043,26.68769666666668,15.294610416666671,49.60584694597388,0.0,0,0,2017,2
2017-02-27,306.43637,293.57806,299.9372470833333,289.63112916666665,0.0,24,33.28637000000003,20.428060000000016,26.78724708333334,16.481129166666676,53.20332824690196,0.0,0,0,2017,2
2017-02-28,306.74478,295.2623,300.2051870833333,290.4363558333333,0.0,24,33.594780000000014,22.112300000000005,27.05518708333335,17.286355833333346,55.11692040414789,0.0,0,0,2017,2
2017-03-01,306.76196,294.86877,300.7705358333333,290.9888583333333,0.0,24,33.61196000000001,21.718770000000006,27.62053583333335,17.83885833333335,55.21174199801373,0.0,0,0,2017,3
2017-03-02,305.67746,295.29175,300.2112325,291.22799208333333,0.0,24,32.52746000000002,22.141750000000002,27.061232500000017,18.077992083333356,57.91827561764191,0.0,0,0,2017,3
2017-03-03,304.9795,295.2435,299.5025641666667,291.2906545833333,0.0,24,31.829499999999996,22.093500000000006,26.352564166666696,18.140654583333344,60.626672143473776,0.0,0,0,2017,3
2017-03-04,303.78522,294.13635,298.46566,291.57447874999997,0.0,24,30.635220000000004,20.986350000000016,25.315660000000037,18.42447874999999,65.63160061997051,0.0,0,0,2017,3
2017-03-05,304.4933,293.61713,298.84001625,291.3313641666667,0.0,24,31.3433,20.467129999999997,25.690016250000042,18.181364166666697,63.21468982689774,0.0,0,0,2017,3
2017-03-06,303.75922,295.539,299.02705958333337,291.35058375,0.0,24,30.60922000000005,22.38900000000001,25.87705958333339,18.20058375000002,62.59252770014328,0.0,0,0,2017,3
2017-03-07,302.6833,293.95697,298.3538854166666,292.764515,0.0,24,29.533299999999997,20.806970000000035,25.20388541666665,19.61451500000004,71.16584492471533,0.0,0,0,2017,3
2017-03-08,304.12436,294.2954,299.20029208333335,293.03870625,0.0,24,30.974360000000047,21.145399999999995,26.050292083333375,19.88870625000004,68.837990890441,0.0,0,0,2017,3
2017-03-09,303.3249,295.05264,298.99594916666666,292.42828375,0.0,24,30.174900000000036,21.90264000000002,25.845949166666685,19.278283750000014,67.08219324317449,0.0,0,0,2017,3
2017-03-10,300.96692,294.98395,297.8071066666667,292.54600875,0.0003976821941,24,27.81692000000004,21.833950000000016,24.65710666666672,19.39600875000002,72.5351629149824,0.3976821941,0,0,2017,3
2017-03-11,301.54785,294.94708,297.75011208333336,289.87731875000003,0.0002717971824,24,28.397850000000005,21.79708000000005,24.600112083333386,16.72731875000005,61.53720546701845,0.2717971824,0,0,2017,3
2017-03-12,302.29596,292.10437,297.1128008333333,287.08722125,0.0,24,29.145960000000002,18.95437000000004,23.962800833333347,13.93722125000005,53.44674639515637,0.0,0,0,2017,3
2017-03-13,303.8896,293.26825,298.51312708333336,287.08395125,0.0,24,30.739599999999996,20.118250000000046,25.36312708333338,13.933951250000007,49.14070556548046,0.0,0,0,2017,3
2017-03-14,305.3211,294.00195,299.2877633333333,289.1883979166667,0.0,24,32.171100000000024,20.851950000000045,26.13776333333334,16.038397916666725,53.74408297352009,0.0,0,0,2017,3
2017-03-15,305.87854,294.643,299.5427975,292.0398583333333,0.0,24,32.72854000000001,21.492999999999995,26.39279750000003,18.889858333333336,63.39044974172043,0.0,0,0,2017,3
2017-03-16,303.89203,294.7251,299.43297083333334,293.53540208333334,0.0,24,30.74203,21.57510000000002,26.282970833333366,20.38540208333336,70.01689660427418,0.0,0,0,2017,3
2017-03-17,303.21667,294.59222,299.0782179166667,294.09560416666665,1.9073486200000001e-06,24,30.066670000000045,21.44222000000002,25.92821791666671,20.94560416666667,74.01563386303943,0.00190734862,0,0,2017,3
2017-03-18,304.83353,295.901,299.77732625,292.9565341666667,0.0,24,31.68353000000002,22.751000000000033,26.62732625000001,19.806534166666722,66.19201170315074,0.0,0,0,2017,3
2017-03-19,304.7705,295.23456,299.6133475,292.81205083333333,0.0,24,31.62050000000005,22.08456000000001,26.463347499999998,19.662050833333353,66.23858785321997,0.0,0,0,2017,3
2017-03-20,305.5163,295.1704,299.81719875,293.9614216666667,0.0,24,32.366300000000024,22.020399999999995,26.66719875000001,20.811421666666718,70.26932188203875,0.0,0,0,2017,3
2017-03-21,304.6234,296.67206,300.22429666666665,295.01509708333333,0.0,24,31.473400000000026,23.52206000000001,27.07429666666667,21.865097083333353,73.1864987889834,0.0,0,0,2017,3
2017-03-22,304.5332,296.03125,300.33528541666664,294.5713504166667,0.0,24,31.383200000000045,22.881250000000023,27.18528541666666,21.421350416666712,70.7626960943288,0.0,0,0,2017,3
2017-03-23,305.1978,295.13562,300.36500875,294.12911625,0.0,24,32.047799999999995,21.98562000000004,27.215008750000038,20.979116250000004,68.7467781814576,0.0,0,0,2017,3
2017-03-24,304.35968,296.47174,300.28685,295.21518375,0.0,24,31.20968000000005,23.321740000000034,27.136850000000038,22.065183750000017,73.81424740912782,0.0,0,0,2017,3
2017-03-25,306.2515,297.04715,301.2481520833333,295.00760541666665,0.0,24,33.101500000000044,23.89715000000001,28.098152083333332,21.857605416666672,68.89661992054768,0.0,0,0,2017,3
2017-03-26,307.00095,297.32574,301.81084416666664,294.8565508333333,0.0,24,33.85095000000001,24.17574000000002,28.660844166666664,21.706550833333324,66.06364221921552,0.0,0,0,2017,3
2017-03-27,309.37402,298.4183,303.13413875,293.38351625,0.0,24,36.224019999999996,25.26830000000001,29.98413875,20.233516250000037,55.896881522830746,0.0,0,0,2017,3
2017-03-28,305.04492,297.85226,301.1994920833333,297.17314625,0.0,24,31.894920000000013,24.702260000000024,28.049492083333348,24.023146250000025,78.78312500281949,0.0,0,0,2017,3
2017-03-29,304.013,298.63763,300.9296033333333,298.2677033333333,4.7683716e-07,24,30.863,25.487630000000024,27.77960333333334,25.11770333333334,85.45569700759252,0.00047683716000000004,0,0,2017,3
2017-03-30,303.8759,299.01425,301.11223958333335,298.0610041666667,2.47955321e-05,24,30.725900000000024,25.864250000000027,27.96223958333337,24.911004166666714,83.51216417068522,0.0247955321,0,0,2017,3
2017-03-31,306.44,298.40857,301.70110041666663,296.71623958333333,1.4305114600000002e-06,24,33.29000000000002,25.25857000000002,28.551100416666657,23.566239583333356,74.43813188558991,0.00143051146,0,0,2017,3
2017-04-01,305.8449,299.2995,301.55825666666664,296.01534875,0.0,24,32.69490000000002,26.149500000000046,28.40825666666666,22.86534875000001,71.9437342967039,0.0,0,0,2017,4
2017-04-02,304.91565,298.47076,300.8675620833333,295.95977958333333,0.0,24,31.76565000000005,25.320760000000007,27.71756208333335,22.809779583333352,74.65007796202893,0.0,0,0,2017,4
2017-04-03,303.92758,297.8817,300.64431833333333,296.51693458333335,8.10623156e-06,24,30.77758,24.731700000000046,27.494318333333354,23.366934583333375,78.22673249234259,0.00810623156,0,0,2017,4
2017-04-04,304.0091,298.16913,300.8928320833333,296.70773291666666,1.5735626e-05,24,30.859100000000012,25.01913000000002,27.742832083333326,23.55773291666668,77.99022622866474,0.015735626,0,0,2017,4
2017-04-05,304.01373,298.18283,300.85341875,296.75104500000003,2.813339276e-05,24,30.863730000000032,25.032830000000047,27.703418750000026,23.601045000000056,78.37471384074445,0.02813339276,0,0,2017,4
2017-04-06,303.82584,298.3365,300.84530375,297.10933833333337,7.20024102e-05,24,30.67584000000005,25.186500000000024,27.69530375000005,23.959338333333392,80.12240706295913,0.0720024102,0,0,2017,4
2017-04-07,304.39752,298.05835,300.69361499999997,294.32755791666665,4.33921813e-05,24,31.24752000000001,24.90835000000004,27.54361499999999,21.17755791666667,68.26232723623181,0.0433921813,0,0,2017,4
2017-04-08,305.89972,295.05362,300.30490833333334,292.15953125,0.0,24,32.749720000000025,21.903620000000046,27.154908333333367,19.00953125000001,61.062566855535195,0.0,0,0,2017,4
2017-04-09,308.25128,298.0133,302.5298016666667,292.2832779166667,0.0,24,35.10128000000003,24.863300000000038,29.379801666666708,19.133277916666714,54.05522305700824,0.0,0,0,2017,4
2017-04-10,306.87466,297.59607,302.35043583333334,294.1961108333333,0.0,24,33.72466000000003,24.44607000000002,29.20043583333336,21.04611083333333,61.48752433544691,0.0,0,0,2017,4
2017-04-11,307.98026,297.708,301.9497341666667,297.11047291666665,1.9073486200000001e-06,24,34.83026000000001,24.55800000000005,28.799734166666724,23.960472916666674,75.13409102251087,0.00190734862,0,0,2017,4
2017-04-12,306.4378,297.71997,301.88815791666667,297.3493354166667,1.049041762e-05,24,33.287800000000004,24.569970000000012,28.738157916666694,24.199335416666713,76.49324998245156,0.01049041762,0,0,2017,4
2017-04-13,307.82516,299.09637,302.67238041666667,295.7313070833333,0.0,24,34.675160000000005,25.94637,29.522380416666692,22.581307083333343,66.29193454527159,0.0,0,0,2017,4
2017-04-14,304.9155,297.88416,301.41171333333335,297.44834625,4.7683716e-07,24,31.76550000000003,24.73416000000003,28.261713333333375,24.29834625000001,79.11110570528112,0.00047683716000000004,0,0,2017,4
2017-04-15,304.45935,299.3908,301.55342333333334,297.96449958333335,2.33650209e-05,24,31.309349999999995,26.240800000000036,28.403423333333365,24.814499583333372,80.92389495639821,0.0233650209,0,0,2017,4
2017-04-16,306.38776,298.20685,302.1135425,295.98879,0.0,24,33.23776000000004,25.056849999999997,28.963542500000017,22.838790000000017,69.54849012378286,0.0,0,0,2017,4
2017-04-17,305.7334,298.3495,301.75120125,296.6551991666667,0.0,24,32.58340000000004,25.1995,28.60120125000003,23.505199166666728,73.9488157329825,0.0,0,0,2017,4
2017-04-18,307.79343,297.73627,302.36260541666667,295.22588375000004,0.0,24,34.64343000000002,24.586270000000013,29.21260541666669,22.07588375000006,65.44401290665063,0.0,0,0,2017,4
2017-04-19,305.4206,299.30597,301.85967958333333,296.4230225,0.0,24,32.2706,26.155970000000025,28.709679583333354,23.273022500000025,72.46089251474288,0.0,0,0,2017,4
2017-04-20,304.29633,298.51697,301.3617591666667,297.3001004166667,6.198883060000001e-06,24,31.146330000000034,25.366970000000038,28.211759166666695,24.150100416666703,78.6387847690159,0.006198883060000001,0,0,2017,4
2017-04-21,304.38052,298.69443,301.36428458333336,297.0830495833333,4.33921804e-05,24,31.230520000000013,25.544430000000034,28.21428458333338,23.933049583333343,77.60801657020153,0.0433921804,0,0,2017,4
2017-04-22,304.1718,299.12195,301.4490758333333,296.8287520833333,3.81469729e-05,24,31.02180000000004,25.97195000000005,28.299075833333347,23.678752083333336,76.05203112749612,0.0381469729,0,0,2017,4
2017-04-23,304.0551,299.1383,301.28061833333334,296.5289175,0.00011396408199999999,24,30.905100000000004,25.988300000000038,28.13061833333336,23.3789175,75.42528651801399,0.113964082,0,0,2017,4
2017-04-24,304.0678,298.6985,301.30692208333335,296.26008583333333,0.0001268386838,24,30.9178,25.548500000000047,28.15692208333337,23.110085833333358,74.0953227792846,0.1268386838,0,0,2017,4
2017-04-25,304.4312,298.83905,301.2031366666667,295.3306825,2.0980834899999998e-05,24,31.281200000000013,25.68905000000001,28.053136666666717,22.180682500000046,70.4533413219349,0.0209808349,0,0,2017,4
2017-04-26,304.84607,298.65,301.2733395833333,295.8686225,2.09808344e-05,24,31.69607000000002,25.5,28.123339583333347,22.718622500000038,72.49951476703359,0.0209808344,0,0,2017,4
2017-04-27,305.44897,299.1872,301.7380816666667,295.8670095833333,7.62939458e-06,24,32.29897,26.03720000000004,28.58808166666671,22.717009583333322,70.55732446515457,0.0076293945800000006,0,0,2017,4
2017-04-28,305.77722,297.99432,301.47946874999997,296.2302770833333,0.0,24,32.62722000000002,24.84432000000004,28.32946874999999,23.08027708333333,73.22187114362457,0.0,0,0,2017,4
2017-04-29,304.41977,298.55627,301.1965125,296.17120375,0.0,24,31.26977000000005,25.406270000000006,28.046512500000006,23.02120375000004,74.17374977919269,0.0,0,0,2017,4
2017-04-30,303.841,298.24936,300.84562750000003,296.1954925,3.81469722e-06,24,30.69100000000003,25.099360000000047,27.695627500000057,23.045492500000023,75.82153217387653,0.00381469722,0,0,2017,4
2017-05-01,304.9298,298.0658,301.47108125,296.72330958333333,9.536743e-07,24,31.779800000000023,24.915800000000047,28.32108125000002,23.573309583333355,75.47324374047268,0.0009536743,0,0,2017,5
2017-05-02,304.36267,299.02222,301.61960458333334,297.41248833333333,0.0,24,31.212670000000003,25.872220000000027,28.469604583333364,24.26248833333335,77.99147246804996,0.0,0,0,2017,5
2017-05-03,304.7282,299.533,301.8752754166667,297.86751208333334,1.2397766e-05,24,31.578200000000038,26.383000000000038,28.725275416666705,24.71751208333336,78.96475917233764,0.012397766000000001,0,0,2017,5
2017-05-04,305.12115,300.07446,302.3325058333333,298.24322375,0.0,24,31.971150000000023,26.92446000000001,29.182505833333323,25.09322375000005,78.64456457066512,0.0,0,0,2017,5
2017-05-05,306.25278,300.00787,302.88042,298.7332425,0.0,24,33.102779999999996,26.857870000000048,29.730420000000038,25.58324250000004,78.45056642101056,0.0,0,0,2017,5
2017-05-06,305.45212,300.83405,303.04166583333335,298.70362458333335,0.0,24,32.30212,27.684050000000013,29.891665833333377,25.553624583333374,77.58861920646525,0.0,0,0,2017,5
2017-05-07,304.68585,300.3225,302.59268208333333,297.82095291666667,3.33786012e-06,24,31.53585000000004,27.172500000000014,29.442682083333352,24.670952916666693,75.54082637669252,0.00333786012,0,0,2017,5
2017-05-08,305.13458,299.61844,302.3040991666667,297.94762833333334,4.7683716e-07,24,31.98458000000005,26.468440000000044,29.154099166666697,24.797628333333364,77.39586925143641,0.00047683716000000004,0,0,2017,5
2017-05-09,305.55136,300.53757,302.5731025,298.3075866666667,1.57356261e-05,24,32.40136000000001,27.38757000000004,29.423102500000027,25.157586666666703,77.85641198209106,0.0157356261,0,0,2017,5
2017-05-10,305.37457,299.9953,302.62895166666664,298.37208833333335,1.2397766260000001e-05,24,32.22457000000003,26.84530000000001,29.47895166666666,25.222088333333375,77.90460354179922,0.012397766260000002,0,0,2017,5
2017-05-11,305.5384,300.32254,302.74268750000005,298.5498508333333,5.7220458e-06,24,32.38840000000005,27.172540000000026,29.592687500000068,25.399850833333346,78.21844161560304,0.0057220458,0,0,2017,5
2017-05-12,307.0371,300.69403,303.4617083333333,298.8996245833333,8.58306886e-06,24,33.88710000000003,27.54403000000002,30.311708333333343,25.749624583333343,76.62465875663474,0.008583068860000001,0,0,2017,5
2017-05-13,306.9696,301.41986,303.74464625,298.73823666666664,1.52587893e-05,24,33.81960000000004,28.26986000000005,30.59464625000004,25.58823666666666,74.6726470119697,0.015258789299999999,0,0,2017,5
2017-05-14,306.31836,300.85657,303.17722499999996,298.56453208333335,6.818771432e-05,24,33.16836000000001,27.70657,30.027224999999987,25.41453208333337,76.35163986062895,0.06818771432000001,0,0,2017,5
2017-05-15,304.69946,300.92944,302.84074291666667,298.61502291666665,2.4318695219999997e-05,24,31.54946000000001,27.779440000000022,29.690742916666693,25.46502291666667,78.07950479062733,0.02431869522,0,0,2017,5
2017-05-16,305.47058,300.60226,302.86631083333333,298.28300083333335,1.716613762e-05,24,32.32058000000001,27.452260000000024,29.716310833333353,25.13300083333337,76.43814735687663,0.017166137619999997,0,0,2017,5
2017-05-17,305.45752,300.7663,303.0801075,298.78416625,0.00012588500830000002,24,32.30752000000001,27.616300000000024,29.93010750000002,25.63416625000002,77.78852083183521,0.12588500830000002,0,0,2017,5
2017-05-18,305.5346,300.97504,303.18509666666665,298.5091454166666,7.915496829999999e-05,24,32.384600000000034,27.82504,30.035096666666675,25.35914541666665,76.06594966555977,0.07915496829999999,0,0,2017,5
2017-05-19,305.71765,300.40918,303.07848416666667,298.50405458333336,5.19752504e-05,24,32.567650000000015,27.259180000000015,29.928484166666692,25.35405458333338,76.51072219360572,0.0519752504,0,0,2017,5
2017-05-20,305.80585,300.78787,303.04485041666663,297.48882125,3.4332275299999996e-05,24,32.655850000000044,27.63787000000002,29.894850416666657,24.338821250000024,72.14698705841285,0.0343322753,0,0,2017,5
2017-05-21,305.324,301.0442,302.9683204166667,297.0418470833333,5.4359436499999996e-05,24,32.174000000000035,27.894200000000012,29.818320416666722,23.891847083333346,70.54557523080572,0.0543594365,0,0,2017,5
2017-05-22,306.20746,300.81622,303.33871708333334,297.69642416666665,8.583068966e-05,24,33.05746000000005,27.66622000000001,30.18871708333336,24.546424166666668,71.8261962138891,0.08583068966,0,0,2017,5
2017-05-23,307.00897,301.48212,303.8718783333333,298.49556416666667,4.76837163e-05,24,33.85897,28.33212000000003,30.721878333333336,25.34556416666669,73.06850820406078,0.0476837163,0,0,2017,5
2017-05-24,305.7834,301.38684,303.33582625,299.16782416666666,0.00015735626329999998,24,32.633399999999995,28.23684000000003,30.185826250000048,26.017824166666685,78.41761088063835,0.1573562633,0,0,2017,5
2017-05-25,305.7337,301.11002,303.10955083333334,298.7927729166667,0.0001993179334,24,32.58370000000002,27.960020000000043,29.959550833333367,25.64277291666673,77.69654841967427,0.1993179334,0,0,2017,5
2017-05-26,305.29938,301.10883,303.10319291666667,298.5125845833333,0.0002875328022,24,32.14938000000001,27.958830000000034,29.953192916666694,25.36258458333333,76.44081315463856,0.2875328022,0,0,2017,5
2017-05-27,305.36737,301.78906,303.50220458333337,298.2818204166667,0.0005836486809199999,24,32.21737000000002,28.63906000000003,30.35220458333339,25.1318204166667,73.68828553779528,0.58364868092,0,0,2017,5
2017-05-28,305.4394,302.302,303.76621041666664,298.83515041666664,0.0013923644992,24,32.2894,29.152000000000044,30.61621041666666,25.68515041666666,75.01106759768567,1.3923644992,1,0,2017,5
2017-05-29,305.55182,302.46582,303.8435,299.15312083333333,0.003722667702,24,32.40182000000004,29.31582000000003,30.69350000000003,26.003120833333355,76.10162930018994,3.722667702,1,0,2017,5
2017-05-30,304.38593,302.01013,302.95641,299.6099354166667,0.005325794221,24,31.235929999999996,28.860130000000026,29.806410000000028,26.459935416666724,82.27092616361648,5.325794221000001,1,0,2017,5
2017-05-31,304.65527,301.04858,302.83870625000003,299.427195,0.004359722129,24,31.505269999999996,27.898580000000038,29.688706250000052,26.277195000000006,81.94141804825924,4.359722129,1,0,2017,5
2017-06-01,306.04584,301.2281,303.139495,298.98908708333335,0.00301933291036,24,32.89584000000002,28.078100000000006,29.989495000000034,25.839087083333368,78.47187183237705,3.01933291036,1,0,2017,6
2017-06-02,305.73004,301.2585,303.20150375,299.05037208333334,0.00274467471826,24,32.58004,28.10850000000005,30.051503749999995,25.900372083333366,78.4771951794108,2.74467471826,1,0,2017,6
2017-06-03,306.35626,301.25037,303.20461125,298.60153916666667,0.00252342223328,24,33.20626000000004,28.100369999999998,30.05461125000005,25.45153916666669,76.39951014345198,2.52342223328,1,0,2017,6
2017-06-04,305.08273,300.85922,303.04251791666667,298.3362695833333,0.0019931793240999997,24,31.93273000000005,27.709220000000016,29.89251791666669,25.186269583333342,75.90688007203696,1.9931793240999998,1,0,2017,6
2017-06-05,305.55252,301.40863,303.4313633333333,298.7868491666667,0.002143859866,24,32.40252000000004,28.25863000000004,30.28136333333333,25.636849166666707,76.24596668677877,2.143859866,1,0,2017,6
2017-06-06,305.26746,301.09457,303.19624208333335,298.71924,0.0029540061895000002,24,32.11746000000005,27.94457,30.046242083333368,25.569240000000036,76.97306476491772,2.9540061895000003,1,0,2017,6
2017-06-07,303.10806,300.05658,301.5870929166667,298.54116,0.0112218857,24,29.958060000000046,26.90658000000002,28.4370929166667,25.391160000000013,83.59135587474944,11.2218857,1,0,2017,6
2017-06-08,302.29916,299.03473,300.77599333333336,298.2636225,0.01785087584,24,29.149159999999995,25.884730000000047,27.625993333333383,25.11362250000002,86.20608263934264,17.85087584,1,0,2017,6
2017-06-09,303.91577,299.7916,301.11056833333333,298.3912025,0.01747274389,24,30.765770000000032,26.64160000000004,27.960568333333356,25.241202500000043,85.18162822286305,17.47274389,1,0,2017,6
2017-06-10,301.0227,298.9711,299.89853999999997,298.1208091666667,0.03468084324,24,27.87270000000001,25.8211,26.74853999999999,24.970809166666697,89.99425160021104,34.68084324,1,0,2017,6
2017-06-11,303.22552,299.29657,300.8638975,298.57078333333334,0.022194862355,24,30.07552000000004,26.146569999999997,27.71389750000003,25.42078333333336,87.34736751754298,22.194862355,1,0,2017,6
2017-06-12,304.0965,299.7942,300.9988108333333,298.412375,0.014882087863,24,30.946500000000015,26.644200000000012,27.848810833333346,25.26237500000002,85.8477175729484,14.882087863,1,0,2017,6
2017-06-13,303.0785,298.787,300.92647375,298.301135,0.009555339787,24,29.928500000000042,25.637,27.776473750000036,25.15113500000001,85.64187369712084,9.555339787,1,0,2017,6
2017-06-14,304.00848,300.2835,301.81588,298.6487829166667,0.006342411032,24,30.858480000000043,27.133500000000026,28.665880000000016,25.4987829166667,83.01669046140348,6.342411032,1,0,2017,6
2017-06-15,304.00897,300.36176,301.6914654166667,298.7503654166667,0.009936332667,24,30.85897,27.211760000000027,28.54146541666671,25.600365416666705,84.12549120919144,9.936332667,1,0,2017,6
2017-06-16,303.75574,300.11554,301.56438583333335,298.5900825,0.005453109761,24,30.605740000000026,26.965540000000033,28.41438583333337,25.440082500000017,83.94587101862382,5.453109761,1,0,2017,6
2017-06-17,303.76263,300.00867,301.73519708333333,298.90427875,0.005405425986,24,30.612630000000024,26.858670000000018,28.585197083333355,25.754278750000026,84.6823582514885,5.405425986,1,0,2017,6
2017-06-18,304.04968,300.7995,302.2920525,298.98927791666665,0.003606796259,24,30.899680000000046,27.649500000000046,29.142052500000034,25.839277916666674,82.40548018942052,3.6067962590000002,1,0,2017,6
2017-06-19,303.15283,300.6758,301.7691195833333,299.09901625000003,0.004308700542,24,30.002830000000017,27.525800000000004,28.619119583333315,25.949016250000057,85.49731779888728,4.3087005419999995,1,0,2017,6
2017-06-20,303.74216,300.05634,301.8310020833333,298.75818583333336,0.00603961942,24,30.592160000000035,26.90634,28.68100208333334,25.60818583333338,83.48491475568085,6.039619419999999,1,0,2017,6
2017-06-21,303.94403,300.5157,302.31027208333336,298.92526541666666,0.0043449401739999996,24,30.79403000000002,27.365700000000004,29.160272083333382,25.775265416666684,82.00661013581475,4.3449401739999995,1,0,2017,6
2017-06-22,303.14963,300.73645,301.89391041666664,299.08080791666663,0.006006240854,24,29.999630000000025,27.586450000000013,28.743910416666665,25.93080791666665,84.78834920389251,6.0062408540000005,1,0,2017,6
2017-06-23,303.93768,300.30072,301.99809375,299.33322833333335,0.0060520172,24,30.787680000000023,27.150720000000035,28.848093750000032,26.183228333333375,85.5464532417119,6.0520172,1,0,2017,6
2017-06-24,302.24167,299.5327,300.72185666666667,298.53673625,0.01065492631,24,29.091670000000022,26.3827,27.57185666666669,25.386736250000013,87.89824845881448,10.65492631,1,0,2017,6
2017-06-25,301.3538,299.55817,300.2365025,298.22729375,0.01864385612,24,28.2038,26.40817000000004,27.086502499999995,25.077293750000024,88.78471567356362,18.64385612,1,0,2017,6
2017-06-26,302.14606,299.3647,300.41341958333334,298.25747958333335,0.04059982277,24,28.99606,26.21470000000005,27.26341958333336,25.107479583333372,88.0253634182895,40.59982277,1,0,2017,6
2017-06-27,301.21503,299.87512,300.46963708333334,298.38387958333334,0.03322553642,24,28.065030000000036,26.725120000000004,27.31963708333336,25.233879583333362,88.39899704515223,33.22553642,1,0,2017,6
2017-06-28,301.02386,299.54706,300.40622333333334,298.4287854166667,0.04112005218,24,27.873860000000036,26.39706000000001,27.256223333333367,25.27878541666672,88.96620796005733,41.120052179999995,1,0,2017,6
2017-06-29,302.08704,299.82007,300.64499708333335,298.79521458333335,0.04485702529,24,28.937040000000025,26.67007000000001,27.494997083333374,25.64521458333337,89.66219402970114,44.857025289999996,1,0,2017,6
2017-06-30,301.43765,299.5644,300.56236041666665,298.55303250000003,0.01406049733,24,28.287650000000042,26.4144,27.412360416666672,25.40303250000005,88.80957608479265,14.060497329999999,1,0,2017,6
2017-07-01,301.58868,299.61493,300.4012579166667,298.45222458333336,0.01205396659,24,28.438680000000033,26.464930000000038,27.251257916666702,25.302224583333384,89.11644922944427,12.05396659,1,0,2017,7
2017-07-02,301.95612,299.2312,300.22179458333335,298.23795791666663,0.01116895673,24,28.80612000000002,26.081200000000024,27.07179458333337,25.087957916666653,88.91803173062793,11.16895673,1,0,2017,7
2017-07-03,301.80072,298.9667,300.36781791666664,298.36256791666665,0.01293039325,24,28.650720000000035,25.816700000000026,27.21781791666666,25.21256791666667,88.81594704356588,12.93039325,1,0,2017,7
2017-07-04,301.73877,299.33954,300.3888945833333,298.41064416666666,0.00926876073,24,28.58877000000001,26.189540000000022,27.23889458333332,25.26064416666668,88.96056593706066,9.26876073,1,0,2017,7
2017-07-05,302.20673,299.07938,300.697825,298.35100916666664,0.006658077248,24,29.056730000000016,25.929380000000037,27.547825000000046,25.201009166666665,87.05383792385696,6.658077248,1,0,2017,7
2017-07-06,302.34973,299.2782,300.87555875000004,298.5435729166667,0.00549888613,24,29.199730000000045,26.12820000000005,27.72555875000006,25.3935729166667,87.14659873867308,5.49888613,1,0,2017,7
2017-07-07,302.1093,299.6125,300.52169166666664,298.1457970833333,0.00686407087,24,28.95930000000004,26.462500000000034,27.371691666666663,24.995797083333343,86.8871581099803,6.86407087,1,0,2017,7
2017-07-08,302.18854,299.0639,300.52661374999997,297.8991429166667,0.004389286019,24,29.038540000000012,25.913900000000012,27.37661374999999,24.7491429166667,85.59155967068827,4.389286019,1,0,2017,7
2017-07-09,301.82867,298.87952,300.30544375,297.8580675,0.004401683818,24,28.67867000000001,25.729520000000036,27.155443750000018,24.708067500000027,86.49703992233253,4.401683818,1,0,2017,7
2017-07-10,301.6632,298.8039,300.22789416666666,297.99460208333335,0.00409460068,24,28.51320000000004,25.65390000000002,27.07789416666668,24.84460208333337,87.60418257400221,4.09460068,1,0,2017,7
2017-07-11,301.6042,299.42303,300.55509166666667,298.30298666666664,0.006350994094,24,28.454200000000014,26.273030000000006,27.405091666666692,25.152986666666663,87.53407224597042,6.350994094,1,0,2017,7
2017-07-12,301.65656,299.51486,300.5936858333333,298.05492375,0.00575351711,24,28.506560000000036,26.36486000000002,27.443685833333348,24.904923750000023,86.05304731980324,5.75351711,1,0,2017,7
2017-07-13,300.6872,299.25812,299.8617320833333,297.9162116666667,0.01159811021,24,27.53720000000004,26.108120000000042,26.711732083333345,24.76621166666672,89.09397281720258,11.59811021,1,0,2017,7
2017-07-14,300.83234,299.35724,299.85945375,298.14219083333336,0.02525711055,24,27.68234000000001,26.207240000000013,26.709453750000023,24.99219083333338,90.31694482108526,25.25711055,1,0,2017,7
2017-07-15,300.99146,299.24414,299.8454770833333,298.07438958333336,0.02723121635,24,27.84146000000004,26.09414000000004,26.695477083333344,24.92438958333338,90.02622095777917,27.23121635,1,0,2017,7
2017-07-16,300.83856,298.97253,299.74906,297.9430520833333,0.01986837389,24,27.688559999999995,25.82253000000003,26.59906000000001,24.79305208333335,89.83176251830325,19.868373889999997,1,0,2017,7
2017-07-17,300.50073,299.11566,299.60383916666666,297.97757333333334,0.0634975436,24,27.35073,25.965660000000014,26.453839166666683,24.827573333333362,90.79200876065794,63.4975436,1,1,2017,7
2017-07-18,299.89447,299.0243,299.4361391666667,298.0380704166667,0.06561470009999999,24,26.744470000000035,25.874300000000005,26.286139166666715,24.88807041666672,92.02802130160208,65.6147001,1,1,2017,7
2017-07-19,300.5089,299.08228,299.6550516666667,298.16897083333333,0.09201097396999999,24,27.358900000000006,25.93228000000005,26.505051666666702,25.018970833333356,91.55847155943896,92.01097397,1,1,2017,7
2017-07-20,300.8938,299.47888,300.05913375,298.3408029166667,0.02680635433,24,27.74380000000002,26.328880000000026,26.909133750000024,25.190802916666712,90.32482006771687,26.80635433,1,0,2017,7
2017-07-21,300.82996,299.81396,300.24697208333333,298.40253583333333,0.031095981539999998,24,27.67996000000005,26.66396000000003,27.096972083333355,25.252535833333354,89.6618467459077,31.095981539999997,1,0,2017,7
2017-07-22,300.96402,299.29102,300.00145625,298.34853333333336,0.02858066562,24,27.814020000000028,26.141020000000026,26.851456250000012,25.198533333333387,90.67372399165315,28.58066562,1,0,2017,7
2017-07-23,301.2105,299.10934,300.1156041666666,298.18989625,0.01712560655,24,28.060500000000047,25.959339999999997,26.96560416666665,25.039896250000027,89.21876188820839,17.125606549999997,1,0,2017,7
2017-07-24,301.61166,299.49036,300.62642625,298.20582583333334,0.0110607147,24,28.461659999999995,26.340360000000032,27.47642625000003,25.05582583333336,86.66522916503936,11.0607147,1,0,2017,7
2017-07-25,302.51935,299.64972,300.91691375,298.31486083333334,0.0094656944,24,29.369349999999997,26.499720000000025,27.766913750000015,25.164860833333364,85.75990037865606,9.4656944,1,0,2017,7
2017-07-26,302.10843,299.39496,300.53202,298.1014020833333,0.00798177724,24,28.95843000000002,26.24496000000005,27.38202000000001,24.951402083333335,86.60473302413293,7.9817772399999996,1,0,2017,7
2017-07-27,300.7196,299.3495,299.9920266666667,297.99978749999997,0.01303720462,24,27.569600000000037,26.1995,26.842026666666698,24.84978749999999,88.85558825984499,13.037204619999999,1,0,2017,7
2017-07-28,299.8025,298.6633,299.26594666666665,297.5575729166667,0.01598453518,24,26.652500000000032,25.513300000000015,26.115946666666673,24.40757291666671,90.32440314865993,15.984535179999998,1,0,2017,7
2017-07-29,301.3136,298.7818,299.9348166666667,297.9816158333333,0.01381492606,24,28.16360000000003,25.6318,26.7848166666667,24.83161583333333,89.05867361287432,13.81492606,1,0,2017,7
2017-07-30,301.64233,298.71896,299.8954229166667,298.02746125,0.00828790658,24,28.492330000000038,25.568960000000004,26.745422916666712,24.87746125000001,89.51042053949658,8.287906580000001,1,0,2017,7
2017-07-31,300.76935,298.70352,299.55903416666666,297.86620625,0.01267385483,24,27.619349999999997,25.55352000000005,26.409034166666686,24.716206250000027,90.4284642127461,12.67385483,1,0,2017,7
2017-08-01,301.30804,298.69257,300.0351725,298.01482416666664,0.00956487659,24,28.158040000000028,25.542570000000012,26.88517250000001,24.864824166666665,88.70986978005766,9.56487659,1,0,2017,8
2017-08-02,302.28204,299.1978,300.63919500000003,298.0184225,0.005849361417,24,29.132040000000018,26.047799999999995,27.489195000000052,24.86842250000001,85.63693984326143,5.849361417,1,0,2017,8
2017-08-03,301.12805,298.57092,299.87544625,297.9664745833333,0.00700283049,24,27.978049999999996,25.420920000000024,26.725446250000005,24.81647458333333,89.28987088460418,7.00283049,1,0,2017,8
2017-08-04,302.30338,299.21783,300.5754483333333,298.0140779166667,0.004754066481,24,29.153380000000027,26.067830000000015,27.42544833333335,24.8640779166667,85.9351585567569,4.754066481,1,0,2017,8
2017-08-05,302.19492,299.6372,300.86408083333333,297.564715,0.004976749388,24,29.044920000000047,26.48720000000003,27.714080833333355,24.414715,82.25305207249497,4.976749388,1,0,2017,8
2017-08-06,302.0877,299.54605,300.66376875,297.9657154166667,0.004761219019,24,28.937700000000007,26.396050000000002,27.513768749999997,24.815715416666706,85.24484662812046,4.761219019,1,0,2017,8
2017-08-07,302.01727,298.74817,300.53271041666665,297.9132525,0.003337860111,24,28.86727000000002,25.59817000000004,27.38271041666667,24.76325250000002,85.63317816666797,3.3378601110000004,1,0,2017,8
2017-08-08,301.89,299.11194,300.3134920833333,298.02440916666666,0.003743648551,24,28.74000000000001,25.961940000000027,27.163492083333324,24.87440916666668,87.32009539640933,3.743648551,1,0,2017,8
2017-08-09,301.5032,298.85803,300.01933625,297.7654225,0.007339000664,24,28.353200000000015,25.708030000000008,26.869336250000003,24.615422500000022,87.47818527848642,7.339000664,1,0,2017,8
2017-08-10,301.15164,298.7331,299.81035041666667,297.79613291666664,0.00860357286,24,28.00164000000001,25.5831,26.660350416666688,24.64613291666666,88.72465492597621,8.60357286,1,0,2017,8
2017-08-11,301.23535,298.75537,299.8560525,297.72267916666664,0.009150028250000001,24,28.085350000000005,25.60537000000005,26.7060525,24.57267916666666,88.09778485403426,9.15002825,1,0,2017,8
2017-08-12,302.11862,298.96744,300.65026083333333,297.71524791666667,0.004753112775,24,28.968620000000044,25.817440000000033,27.500260833333357,24.565247916666692,84.04362020890007,4.753112775,1,0,2017,8
2017-08-13,301.38446,299.16077,300.22134875,297.7722283333333,0.007040977475,24,28.234460000000013,26.010770000000036,27.071348750000027,24.62222833333334,86.48017589267994,7.040977475,1,0,2017,8
2017-08-14,301.61975,299.40167,300.17831041666665,297.797005,0.01249122613,24,28.469750000000033,26.251670000000047,27.02831041666667,24.647005000000036,86.82788561610597,12.49122613,1,0,2017,8
2017-08-15,302.03748,298.88397,299.9887975,297.7279316666667,0.005654335074,24,28.88748000000004,25.73397,26.8387975,24.5779316666667,87.43912902564016,5.654335074,1,0,2017,8
2017-08-16,302.42444,299.07996,300.3875145833333,297.84893833333336,0.003872394531,24,29.274440000000027,25.92996000000005,27.237514583333336,24.698938333333388,86.03421890493601,3.872394531,1,0,2017,8
2017-08-17,302.84863,299.1742,300.31557625,298.02818916666666,0.004819393166,24,29.698630000000037,26.024200000000008,27.165576250000015,24.878189166666687,87.32912485807202,4.819393166,1,0,2017,8
2017-08-18,301.59375,298.98138,300.4500725,298.05598041666667,0.004195690167,24,28.443750000000023,25.831380000000024,27.3000725,24.905980416666694,86.78630187259633,4.1956901669999995,1,0,2017,8
2017-08-19,301.51813,299.1346,300.05458541666667,297.94425083333334,0.01308870322,24,28.368130000000008,25.9846,26.90458541666669,24.794250833333365,88.23567675680577,13.08870322,1,0,2017,8
2017-08-20,299.7614,297.87048,298.94233916666667,297.25303625,0.04664373383,24,26.611400000000003,24.72048000000001,25.792339166666693,24.103036250000002,90.40576927207222,46.64373383,1,0,2017,8
2017-08-21,300.21118,297.61823,298.84405999999996,297.0971270833333,0.029137134739,24,27.061180000000036,24.468230000000005,25.69405999999998,23.947127083333328,90.08631826666246,29.137134739,1,0,2017,8
2017-08-22,301.61124,298.18045,299.7269375,297.7842625,0.00540733339,24,28.461240000000032,25.03045000000003,26.576937500000042,24.634262500000034,89.0988347943274,5.40733339,1,0,2017,8
2017-08-23,301.93378,298.4549,300.0678129166667,297.87469625,0.00619173051,24,28.783780000000036,25.304900000000032,26.91781291666672,24.724696250000022,87.80113354478625,6.19173051,1,0,2017,8
2017-08-24,301.6635,298.99005,300.22989125,298.05898291666665,0.00704097746,24,28.513500000000022,25.84005000000002,27.079891250000003,24.908982916666673,87.93143068188989,7.040977460000001,1,0,2017,8
2017-08-25,301.4543,299.14954,299.9728195833333,298.24759625,0.02359676359,24,28.304300000000012,25.999540000000025,26.82281958333334,25.097596250000038,90.28181283513506,23.59676359,1,0,2017,8
2017-08-26,301.24402,299.1673,299.97890291666664,298.1060283333333,0.02082777013,24,28.09402,26.017300000000034,26.828902916666664,24.956028333333336,89.49031545415943,20.827770129999998,1,0,2017,8
2017-08-27,301.3001,298.92014,299.847945,298.222465,0.02224636085,24,28.15010000000001,25.770140000000026,26.697945000000004,25.072465000000022,90.81215463753925,22.246360850000002,1,0,2017,8
2017-08-28,300.48645,299.02338,299.827915,298.19092666666666,0.064130306,24,27.336450000000013,25.873379999999997,26.67791500000004,25.040926666666678,90.74852297068443,64.130306,1,1,2017,8
2017-08-29,300.6093,299.7826,300.30164083333335,297.8448916666667,0.2183218,24,27.45930000000004,26.632600000000025,27.151640833333374,24.694891666666706,86.44820468175197,218.3218,1,1,2017,8
2017-08-30,300.34033,298.90656,299.72002041666667,297.9193075,0.02480936061,24,27.190330000000017,25.756560000000036,26.570020416666694,24.769307500000025,89.85812567620987,24.809360610000002,1,0,2017,8
2017-08-31,301.61798,298.4203,300.05921333333333,298.001175,0.005040168784,24,28.46798000000001,25.27030000000002,26.909213333333355,24.851175000000012,88.51224666600365,5.040168784,1,0,2017,8
2017-09-01,301.56152,298.1132,299.79394541666665,297.60731625,0.003682136528,24,28.411519999999996,24.96320000000003,26.643945416666668,24.45731625000002,87.81200200213824,3.682136528,1,0,2017,9
2017-09-02,301.95517,298.37985,300.03071708333334,297.46698791666665,0.004278659794,24,28.805170000000032,25.22985,26.880717083333366,24.316987916666676,85.87023372409912,4.278659794,1,0,2017,9
2017-09-03,301.9714,298.79572,300.0168870833333,297.96837625,0.017392158527,24,28.82140000000004,25.64572000000004,26.866887083333324,24.81837625000003,88.55926428712911,17.392158527,1,0,2017,9
2017-09-04,302.48676,298.66354,300.5873941666667,297.87932125000003,0.0015325546297,24,29.336760000000027,25.513540000000035,27.437394166666706,24.729321250000055,85.1860779925908,1.5325546297000001,1,0,2017,9
2017-09-05,302.783,299.03052,300.7134916666667,297.78546124999997,0.0024566650537,24,29.633000000000038,25.880520000000047,27.56349166666672,24.63546124999999,84.0856031267077,2.4566650537,1,0,2017,9
2017-09-06,302.77826,298.28824,300.75751541666665,297.51878833333336,0.00201940537726,24,29.62826000000001,25.138239999999996,27.607515416666672,24.368788333333384,82.5399898249564,2.01940537726,1,0,2017,9
2017-09-07,303.3852,299.28955,301.2708254166667,297.9812179166667,0.00054836273446,24,30.23520000000002,26.139550000000042,28.12082541666672,24.83121791666673,82.34946230167543,0.5483627344600001,0,0,2017,9
2017-09-08,303.96478,299.90137,301.552715,298.66422958333334,0.00222539903486,24,30.81478000000004,26.75137000000001,28.402715,25.51422958333336,84.3741424060488,2.22539903486,1,0,2017,9
2017-09-09,303.4356,298.7594,300.98135083333335,298.50788166666666,0.0131306648483,24,30.285600000000045,25.60940000000005,27.831350833333374,25.357881666666685,86.42545825140243,13.1306648483,1,0,2017,9
2017-09-10,303.84552,299.266,301.34208625,298.61285208333334,0.009072303752,24,30.695520000000045,26.116000000000042,28.192086250000045,25.46285208333336,85.15502863055262,9.072303752000002,1,0,2017,9
2017-09-11,305.28214,299.6463,301.99852625,299.2521366666667,0.0018596649368,24,32.13214000000005,26.49630000000002,28.84852625000002,26.102136666666695,85.13477871678664,1.8596649368,1,0,2017,9
2017-09-12,305.03696,299.72684,302.30563375,299.0729029166667,0.00747489932442,24,31.886960000000045,26.576840000000004,29.15563375000005,25.922902916666715,82.7500164217536,7.47489932442,1,0,2017,9
2017-09-13,303.16434,299.86072,301.56581958333334,298.60931166666666,0.00299787516006,24,30.014340000000004,26.710720000000038,28.41581958333336,25.45931166666668,84.03493242268371,2.99787516006,1,0,2017,9
2017-09-14,303.14703,300.17328,301.35292583333336,298.68838750000003,0.00414562226356,24,29.997029999999995,27.02328,28.20292583333338,25.538387500000056,85.48432650855476,4.14562226356,1,0,2017,9
2017-09-15,302.98413,299.20502,300.39414375,298.0198075,0.011868953625,24,29.834130000000016,26.055020000000013,27.244143750000035,24.869807500000036,86.88368637406164,11.868953625,1,0,2017,9
2017-09-16,303.1548,299.19373,301.06198375,297.85027833333334,0.0020184517013,24,30.004800000000046,26.04373000000004,27.911983750000047,24.700278333333358,82.70931751214127,2.0184517013,1,0,2017,9
2017-09-17,301.8161,299.2047,300.387865,297.9214641666667,0.009248256755,24,28.66610000000003,26.054700000000025,27.237865,24.771464166666703,86.40638855348989,9.248256755,1,0,2017,9
2017-09-18,302.10565,298.7557,300.19076083333334,297.87565708333335,0.026132583435,24,28.95565000000005,25.605700000000013,27.040760833333366,24.725657083333374,87.17355657876851,26.132583434999997,1,0,2017,9
2017-09-19,301.79108,299.16492,300.37338416666665,298.272215,0.06177425407,24,28.641080000000045,26.014920000000018,27.223384166666676,25.12221500000004,88.31002793365718,61.77425407,1,1,2017,9
2017-09-20,300.25262,298.6324,299.3368433333333,297.1073475,0.2919049261,24,27.10262,25.48240000000004,26.186843333333343,23.957347500000026,87.54714605373046,291.9049261,1,1,2017,9
2017-09-21,300.47836,298.07135,299.15283958333333,297.34872291666665,0.029880046945000002,24,27.328360000000032,24.921350000000018,26.002839583333355,24.198722916666668,89.79915654182619,29.880046945000004,1,0,2017,9
2017-09-22,302.00165,298.26447,299.96081250000003,297.45437458333333,0.0042624474006,24,28.851650000000006,25.11447000000004,26.810812500000054,24.304374583333356,86.15912490702132,4.2624474006,1,0,2017,9
2017-09-23,302.3594,298.3623,300.3109504166667,297.3155275,0.002102375052,24,29.209400000000016,25.212300000000027,27.160950416666708,24.165527499999996,83.7026234957636,2.1023750519999997,1,0,2017,9
2017-09-24,302.55334,298.74277,300.4563125,297.73717958333333,0.00353431702456,24,29.403340000000014,25.59277000000003,27.306312500000047,24.587179583333352,85.11641300269291,3.53431702456,1,0,2017,9
2017-09-25,303.1432,299.2751,300.99467999999996,297.8508233333333,0.0021638870123,24,29.9932,26.12510000000003,27.844679999999983,24.700823333333346,83.03788593975564,2.1638870123,1,0,2017,9
2017-09-26,303.53064,299.09045,301.13348791666664,297.43291125,7.15255738e-06,24,30.380640000000028,25.94045,27.98348791666666,24.28291125000004,80.33077310932921,0.00715255738,0,0,2017,9
2017-09-27,304.12524,299.6439,301.44073833333334,297.7891975,7.629394520000001e-06,24,30.975240000000042,26.493899999999996,28.290738333333366,24.639197500000023,80.60704805867952,0.007629394520000001,0,0,2017,9
2017-09-28,304.2895,300.17245,301.68234375000003,298.5400916666667,0.0017910003669,24,31.139499999999998,27.02245000000005,28.532343750000052,25.390091666666706,83.12424945040988,1.7910003669,1,0,2017,9
2017-09-29,302.8214,300.04996,301.1181658333333,298.7642670833333,0.004522800442,24,29.671400000000006,26.89996000000002,27.96816583333333,25.614267083333345,87.05471715293942,4.522800442,1,0,2017,9
2017-09-30,304.68356,299.07294,301.23734666666667,298.4964479166667,0.0073237420283599995,24,31.533560000000023,25.92294000000004,28.08734666666669,25.346447916666705,85.08531954580116,7.32374202836,1,0,2017,9
2017-10-01,305.4533,299.8066,301.9698270833333,299.3448075,0.00101518631538,24,32.303300000000036,26.656600000000026,28.819827083333337,26.194807500000024,85.7455674733374,1.01518631538,1,0,2017,10
2017-10-02,305.15466,300.3884,302.31433208333334,299.38678708333333,6.19888304e-06,24,32.00466,27.238400000000013,29.164332083333363,26.236787083333354,84.25976024354858,0.00619888304,0,0,2017,10
2017-10-03,305.2511,299.92133,302.18423375000003,299.07531,7.104873832e-05,24,32.10110000000003,26.771330000000034,29.034233750000055,25.925310000000025,83.3456398261383,0.07104873832,0,0,2017,10
2017-10-04,306.97723,299.29773,302.50750458333334,298.43959375000003,0.0,24,33.82723000000004,26.147730000000024,29.357504583333366,25.28959375000005,78.7691760587814,0.0,0,0,2017,10
2017-10-05,305.8282,298.64606,301.97302874999997,298.6098758333333,0.0,24,32.678200000000004,25.49606,28.82302874999999,25.459875833333342,82.0726695920622,0.0,0,0,2017,10
2017-10-06,304.77734,299.82697,302.02334,299.25356458333334,0.0013079642937,24,31.627340000000004,26.67697000000004,28.87334000000004,26.103564583333366,85.01952208308975,1.3079642937,1,0,2017,10
2017-10-07,303.7699,298.72797,300.84750291666666,298.60692083333333,0.009790897451299999,24,30.61990000000003,25.57797000000005,27.69750291666668,25.456920833333356,87.61933434564344,9.7908974513,1,0,2017,10
2017-10-08,303.23425,298.99408,300.7663116666667,298.2306991666667,0.004975795644,24,30.084249999999997,25.84408000000002,27.616311666666718,25.080699166666705,86.0857525022897,4.975795644,1,0,2017,10
2017-10-09,302.607,299.3518,300.59635583333335,298.4245404166667,0.02331399919,24,29.45700000000005,26.20180000000005,27.44635583333337,25.274540416666696,87.95737855058029,23.31399919,1,0,2017,10
2017-10-10,300.26575,298.82727,299.55909833333334,297.89317166666666,0.0252432823,24,27.115750000000048,25.67727000000002,26.40909833333336,24.743171666666683,90.57406431760384,25.2432823,1,0,2017,10
2017-10-11,303.0094,299.03986,300.3810458333333,297.79789708333334,0.012518405847,24,29.85940000000005,25.88986,27.231045833333326,24.647897083333362,85.80447347797151,12.518405846999999,1,0,2017,10
2017-10-12,303.21005,299.08282,300.8044929166667,298.2208220833333,0.003975391363,24,30.060050000000047,25.93282000000005,27.654492916666698,25.070822083333326,85.84300426759455,3.975391363,1,0,2017,10
2017-10-13,303.05896,299.29712,300.84330875,298.24504,0.0043663978316,24,29.908960000000036,26.14712000000003,27.69330875000003,25.09504000000004,85.77206960837974,4.3663978316,1,0,2017,10
2017-10-14,303.14996,299.2497,300.5841041666667,298.21362833333336,0.0171675680725,24,29.999960000000044,26.09970000000004,27.434104166666714,25.063628333333384,86.92090256420543,17.1675680725,1,0,2017,10
2017-10-15,303.12964,299.10083,300.581975,298.1414458333333,0.0047621726324,24,29.979640000000018,25.950829999999996,27.431975000000023,24.99144583333333,86.55812842792778,4.7621726323999996,1,0,2017,10
2017-10-16,304.38257,298.85437,301.24582625,298.35716333333335,0.00130653381868,24,31.23257000000001,25.70437000000004,28.095826250000016,25.20716333333337,84.34066626937575,1.30653381868,1,0,2017,10
2017-10-17,304.70374,299.44293,301.87155666666666,298.96200833333336,6.198882996000001e-05,24,31.553740000000005,26.292930000000013,28.721556666666686,25.81200833333338,84.30249643518194,0.061988829960000005,0,0,2017,10
2017-10-18,305.01923,299.42865,301.4814725,298.74530875,0.0,24,31.869230000000016,26.278650000000027,28.331472500000018,25.595308750000015,85.13407086876896,0.0,0,0,2017,10
2017-10-19,304.9325,298.87085,301.0711020833333,298.24185125,4.76837156e-06,24,31.782500000000027,25.72085000000004,27.921102083333324,25.091851250000047,84.62145609959086,0.00476837156,0,0,2017,10
2017-10-20,303.5841,297.753,300.61883708333335,297.93125833333335,4.7683716e-07,24,30.4341,24.60300000000001,27.46883708333337,24.78125833333337,85.29370416920041,0.00047683716000000004,0,0,2017,10
2017-10-21,302.9702,298.62103,300.99449,297.893535,0.00013113021921999998,24,29.8202,25.47103000000004,27.844490000000008,24.74353500000001,83.25119524239086,0.13113021921999998,0,0,2017,10
2017-10-22,303.87744,299.8806,301.58481375,298.1462920833333,0.0012021064645,24,30.72744,26.730600000000038,28.434813750000046,24.996292083333344,81.65801553610315,1.2021064645,1,0,2017,10
2017-10-23,304.18805,299.60352,301.5758245833334,297.82865125,0.00011491775300000001,24,31.03805,26.453520000000026,28.425824583333394,24.67865125000003,80.1646348451972,0.11491775300000001,0,0,2017,10
2017-10-24,306.08258,296.91113,300.8021791666667,294.40884625,0.0,24,32.93258000000003,23.761130000000037,27.652179166666713,21.258846250000033,68.16923355249754,0.0,0,0,2017,10
2017-10-25,306.7041,294.94244,300.55353375,292.90126541666666,0.0,24,33.554100000000005,21.79244,27.40353375000001,19.751265416666683,63.022430985733465,0.0,0,0,2017,10
2017-10-26,307.13565,296.33002,300.9987820833333,293.87990291666665,0.0,24,33.98565000000002,23.180020000000013,27.848782083333333,20.729902916666674,65.23291899963425,0.0,0,0,2017,10
2017-10-27,305.02118,297.61285,300.94338625,296.23233625,0.0,24,31.871180000000038,24.462850000000003,27.793386250000026,23.082336250000026,75.55767626809725,0.0,0,0,2017,10
2017-10-28,304.972,296.41028,300.3555783333333,295.8727875,0.0,24,31.822000000000003,23.260280000000023,27.205578333333335,22.722787500000038,76.51876595743695,0.0,0,0,2017,10
2017-10-29,306.47235,296.34808,300.66953125,294.74247833333334,0.0,24,33.32235000000003,23.198080000000004,27.51953125,21.59247833333336,70.12032622795586,0.0,0,0,2017,10
2017-10-30,305.98434,296.65002,300.61327916666664,294.00272666666666,0.0,24,32.83434,23.500020000000006,27.463279166666666,20.852726666666683,67.22796099254504,0.0,0,0,2017,10
2017-10-31,305.88348,296.03607,300.5062675,293.00427958333336,0.0,24,32.73348000000004,22.886070000000018,27.3562675,19.85427958333338,63.60267795794627,0.0,0,0,2017,10
2017-11-01,306.2108,295.0293,300.05172208333335,292.25038291666664,0.0,24,33.06080000000003,21.8793,26.901722083333368,19.10038291666666,62.33073608828051,0.0,0,0,2017,11
2017-11-02,305.7514,294.90265,299.6304958333333,291.74784375,0.0,24,32.60140000000001,21.752650000000017,26.48049583333335,18.597843750000038,61.92135441944994,0.0,0,0,2017,11
2017-11-03,305.51788,294.78647,299.27751083333334,291.4442916666667,0.0,24,32.367880000000014,21.63647000000003,26.12751083333336,18.29429166666671,62.0347261773993,0.0,0,0,2017,11
2017-11-04,305.2981,293.78204,298.88142208333335,290.65181125,0.0,24,32.1481,20.632040000000018,25.73142208333337,17.501811250000003,60.41689633997764,0.0,0,0,2017,11
2017-11-05,305.35095,294.22806,299.39569416666666,291.31668874999997,0.0,24,32.200950000000034,21.07806000000005,26.24569416666668,18.16668874999999,61.11076765373387,0.0,0,0,2017,11
2017-11-06,306.14514,295.61804,300.38653458333334,293.6103445833333,0.0,24,32.99514000000005,22.46804000000003,27.236534583333366,20.460344583333324,66.49942625440448,0.0,0,0,2017,11
2017-11-07,305.9202,295.4325,300.0138270833333,293.261385,0.0,24,32.770200000000045,22.282500000000027,26.86382708333332,20.11138500000004,66.52140423764271,0.0,0,0,2017,11
2017-11-08,305.83655,295.33926,299.88969833333334,292.93615958333334,0.0,24,32.68655000000001,22.189260000000047,26.739698333333365,19.786159583333358,65.67195122860889,0.0,0,0,2017,11
2017-11-09,305.40005,295.47968,299.75005625,292.57303916666666,0.0,24,32.250050000000044,22.329679999999996,26.600056250000023,19.423039166666683,64.73703834323192,0.0,0,0,2017,11
2017-11-10,305.5094,295.01712,299.68926458333334,292.36018874999996,0.0,24,32.35940000000005,21.86712,26.539264583333363,19.210188749999986,64.11387757019715,0.0,0,0,2017,11
2017-11-11,304.9059,294.88904,299.4110225,291.70826416666665,0.0,24,31.755899999999997,21.739040000000045,26.261022500000024,18.558264166666675,62.57411533316194,0.0,0,0,2017,11
2017-11-12,304.42432,293.91037,298.6257008333333,290.70585375,0.0,24,31.274320000000046,20.760370000000023,25.47570083333335,17.55585375000004,61.55155854573761,0.0,0,0,2017,11
2017-11-13,303.94678,293.3374,298.2384925,291.0678854166667,0.0,24,30.796780000000012,20.187400000000025,25.08849250000003,17.917885416666707,64.44172934872755,0.0,0,0,2017,11
2017-11-14,302.7415,293.66965,297.94399625,291.977365,0.0,24,29.591499999999996,20.519650000000013,24.79399625000002,18.827365000000043,69.43615546582653,0.0,0,0,2017,11
2017-11-15,303.89557,294.5782,298.572885,292.0836683333333,0.0,24,30.745570000000043,21.428200000000004,25.422885000000008,18.933668333333344,67.32611141464656,0.0,0,0,2017,11
2017-11-16,303.87653,294.60977,298.8178125,290.98247250000003,0.0,24,30.726530000000025,21.45977000000005,25.667812500000025,17.83247250000005,61.92375823733575,0.0,0,0,2017,11
2017-11-17,303.9383,294.10974,298.34133875,291.4221645833333,0.0,24,30.78830000000005,20.95974000000001,25.19133875,18.272164583333335,65.49048762067905,0.0,0,0,2017,11
2017-11-18,304.35132,294.6361,298.68470083333335,291.45027791666666,0.0,24,31.20132000000001,21.48610000000002,25.534700833333375,18.300277916666687,64.2789710004631,0.0,0,0,2017,11
2017-11-19,303.9584,294.16846,298.8695379166667,291.53302875,0.0,24,30.808400000000006,21.018460000000005,25.719537916666695,18.38302875000005,63.90806013920163,0.0,0,0,2017,11
2017-11-20,304.08948,297.25458,300.17980374999996,293.51741125,4.911422696e-05,24,30.939480000000003,24.10458,27.029803749999985,20.367411250000032,66.92662443715862,0.04911422696,0,0,2017,11
2017-11-21,304.42242,297.4818,300.4824904166667,295.766375,1.621246336e-05,24,31.27242000000001,24.331800000000044,27.3324904166667,22.616375000000005,75.46170751480298,0.016212463360000002,0,0,2017,11
2017-11-22,304.85156,297.35364,300.19403708333334,295.0943995833333,9.5367432e-06,24,31.70156000000003,24.203640000000007,27.044037083333365,21.944399583333336,73.67279160707572,0.009536743200000001,0,0,2017,11
2017-11-23,304.42773,295.03876,299.19017333333335,292.99883208333335,0.0,24,31.27773000000002,21.888760000000048,26.04017333333337,19.848832083333377,68.70909648204764,0.0,0,0,2017,11
2017-11-24,303.42957,295.03442,298.3720075,292.1309020833333,0.0,24,30.279570000000035,21.884420000000034,25.222007500000018,18.98090208333332,68.33749594860117,0.0,0,0,2017,11
2017-11-25,303.46136,294.27167,298.2319525,293.17047916666667,0.0,24,30.311360000000036,21.121669999999995,25.0819525,20.02047916666669,73.513906861573,0.0,0,0,2017,11
2017-11-26,304.90564,294.4749,299.2555683333333,293.2843120833333,0.0,24,31.755640000000028,21.324900000000014,26.105568333333338,20.134312083333327,69.66525541112368,0.0,0,0,2017,11
2017-11-27,304.96655,293.95093,298.6893758333333,292.2402054166667,0.0,24,31.816550000000007,20.80093000000005,25.539375833333338,19.09020541666672,67.51799370573927,0.0,0,0,2017,11
2017-11-28,304.51178,293.94522,298.50460833333335,292.140555,0.0,24,31.36178000000001,20.79522000000003,25.354608333333374,18.99055500000003,67.84084436679224,0.0,0,0,2017,11
2017-11-29,304.00354,293.29163,298.1719175,291.83165875000003,0.0,24,30.85354000000001,20.14163000000002,25.02191750000003,18.681658750000054,67.87584512073062,0.0,0,0,2017,11
2017-11-30,304.2759,293.44794,298.3213754166667,290.6711041666667,0.0,24,31.1259,20.29794000000004,25.171375416666706,17.521104166666703,62.539614389138265,0.0,0,0,2017,11
2017-12-01,303.9489,293.4161,298.27090749999996,290.5877125,0.0,24,30.798900000000003,20.266099999999994,25.120907499999987,17.437712500000032,62.39848285341901,0.0,0,0,2017,12
2017-12-02,304.25128,294.69922,298.9140420833333,290.66047208333333,0.0,24,31.10128000000003,21.549220000000048,25.764042083333322,17.510472083333354,60.33303332041596,0.0,0,0,2017,12
2017-12-03,304.96594,295.70148,299.75227583333333,292.0242895833333,0.0,24,31.815940000000012,22.551480000000026,26.60227583333335,18.874289583333336,62.55062996670735,0.0,0,0,2017,12
2017-12-04,303.46204,296.4107,299.6743775,292.48063375,0.002410411799,24,30.312040000000025,23.260700000000043,26.524377500000014,19.330633750000004,64.65365528724493,2.4104117990000002,1,0,2017,12
2017-12-05,301.03284,295.443,298.3516020833333,294.3802525,0.004245758094,24,27.882840000000044,22.293000000000006,25.20160208333334,21.230252500000006,78.64588932783835,4.245758094,1,0,2017,12
2017-12-06,299.0652,295.4049,297.829805,294.6946375,0.00251007079186,24,25.915200000000027,22.25490000000002,24.679805000000044,21.54463750000002,82.71408215548463,2.51007079186,1,0,2017,12
2017-12-07,300.0355,293.94238,296.44100083333336,292.54945875,1.764297498e-05,24,26.885500000000036,20.792380000000037,23.291000833333385,19.399458750000008,78.76321110107719,0.01764297498,0,0,2017,12
2017-12-08,301.4281,294.2958,297.46847041666666,294.33769875,0.00018072128266,24,28.278099999999995,21.14580000000001,24.318470416666685,21.187698750000038,82.6937778101487,0.18072128266,0,0,2017,12
2017-12-09,302.65854,295.8745,298.4126420833333,295.87728166666665,2.76565553e-05,24,29.50854000000004,22.724500000000035,25.262642083333333,22.72728166666667,85.85938863381612,0.0276565553,0,0,2017,12
2017-12-10,303.24152,295.8501,298.37592416666666,295.57522708333335,5.24520878e-06,24,30.091520000000003,22.70010000000002,25.225924166666687,22.42522708333337,84.48221805994659,0.005245208780000001,0,0,2017,12
2017-12-11,301.09125,295.48172,297.71691208333334,294.07197,1.764297476e-05,24,27.941250000000025,22.33172000000002,24.566912083333364,20.921970000000044,80.15154107173818,0.01764297476,0,0,2017,12
2017-12-12,300.35333,293.906,296.52802375,292.14805916666666,0.0,24,27.20333000000005,20.75600000000003,23.37802375000001,18.99805916666668,76.41361918607528,0.0,0,0,2017,12
2017-12-13,300.07886,293.18906,295.8220954166667,290.4665391666667,4.7683716e-07,24,26.928860000000043,20.039060000000006,22.672095416666707,17.3165391666667,71.75397737262597,0.00047683716000000004,0,0,2017,12
2017-12-14,301.133,292.27057,295.97687791666664,290.57036875,0.0,24,27.983000000000004,19.120570000000043,22.82687791666666,17.420368750000023,71.55120394542978,0.0,0,0,2017,12
2017-12-15,302.0307,293.0454,296.8457941666667,292.23663125,0.0,24,28.880700000000047,19.895399999999995,23.6957941666667,19.08663125000004,75.37804483087338,0.0,0,0,2017,12
2017-12-16,303.81952,293.7198,297.9200379166667,292.98569541666666,0.0,24,30.669520000000034,20.569800000000043,24.770037916666695,19.83569541666668,74.04282159464101,0.0,0,0,2017,12
2017-12-17,304.09058,294.12555,298.30129125,290.81845500000003,0.0,24,30.94058000000001,20.97555,25.151291250000043,17.66845500000005,63.19957705440404,0.0,0,0,2017,12
2017-12-18,302.9137,293.9796,297.7425195833333,289.5050108333333,0.0,24,29.76370000000003,20.829600000000028,24.592519583333342,16.355010833333324,60.12387864512146,0.0,0,0,2017,12
2017-12-19,303.2575,293.1886,297.30437416666666,289.89953583333335,0.0,24,30.107500000000016,20.03860000000003,24.154374166666685,16.74953583333337,63.29333665121397,0.0,0,0,2017,12
2017-12-20,303.08603,292.40344,296.93008791666665,287.37729375,0.0,24,29.936030000000017,19.253440000000012,23.780087916666673,14.227293750000001,55.06386590468881,0.0,0,0,2017,12
2017-12-21,304.0249,291.41217,296.8685883333333,288.55299375,0.0,24,30.874900000000025,18.262170000000026,23.718588333333344,15.402993750000007,59.62112738037128,0.0,0,0,2017,12
2017-12-22,303.8507,292.01865,297.13346874999996,289.32530041666666,0.0,24,30.70070000000004,18.868650000000002,23.983468749999986,16.175300416666687,61.651116536454346,0.0,0,0,2017,12
2017-12-23,303.4928,291.61194,296.6982770833333,289.26213333333334,0.0,24,30.34280000000001,18.461940000000027,23.548277083333346,16.11213333333336,63.03395599115054,0.0,0,0,2017,12
2017-12-24,303.7115,292.07416,297.23422708333334,290.1806441666667,0.0,24,30.561500000000024,18.92416000000003,24.08422708333336,17.03064416666672,64.70463242931835,0.0,0,0,2017,12
2017-12-25,304.1828,291.41342,296.9971,290.02979125,0.0,24,31.03280000000001,18.263419999999996,23.84710000000001,16.87979125000004,65.00906764927267,0.0,0,0,2017,12
2017-12-26,304.39447,291.97363,297.56996541666666,289.3423133333333,0.0,24,31.244470000000035,18.823630000000037,24.419965416666685,16.192313333333345,60.12164950411844,0.0,0,0,2017,12
2017-12-27,303.63007,292.2915,297.31155333333334,289.61708916666663,0.0,24,30.480070000000012,19.141500000000008,24.16155333333336,16.467089166666653,62.139789530740224,0.0,0,0,2017,12
2017-12-28,303.57617,291.88763,297.0951254166667,288.96650875,0.0,24,30.426170000000013,18.737630000000024,23.945125416666713,15.816508750000025,60.392934297459924,0.0,0,0,2017,12
2017-12-29,303.38623,290.63855,296.98127500000004,288.66321791666667,0.0,24,30.236230000000035,17.488550000000032,23.831275000000062,15.51321791666669,59.638119763220445,0.0,0,0,2017,12
2017-12-30,302.85303,291.51257,296.56871875,290.1293591666667,0.0,24,29.703030000000012,18.362570000000005,23.41871875000004,16.97935916666671,67.13278079641012,0.0,0,0,2017,12
2017-12-31,302.4293,291.6241,296.6069725,290.1671166666667,0.0,24,29.279300000000035,18.47410000000002,23.456972500000006,17.01711666666671,67.13843016941905,0.0,0,0,2017,12
2018-01-01,301.5947,292.04834,296.16453458333336,290.0845375,0.0,24,28.44470000000001,18.89834000000002,23.014534583333386,16.934537500000033,68.59886740994367,0.0,0,0,2018,1
2018-01-02,301.4018,291.1636,295.92102958333334,289.35328,0.0,24,28.251800000000003,18.013599999999997,22.77102958333336,16.203280000000007,66.45472550569566,0.0,0,0,2018,1
2018-01-03,302.12982,292.12183,296.47528833333337,291.192675,0.0,24,28.979820000000018,18.97183000000001,23.32528833333339,18.04267500000003,72.20233691323003,0.0,0,0,2018,1
2018-01-04,301.94965,292.88367,296.68929375,291.53557041666664,4.7683716e-07,24,28.799650000000042,19.733670000000018,23.539293750000013,18.385570416666667,72.8271945729325,0.00047683716000000004,0,0,2018,1
2018-01-05,301.97083,292.07153,296.3931329166667,290.58923625,0.0,24,28.82083,18.92153000000002,23.243132916666696,17.43923625000002,69.85312845769757,0.0,0,0,2018,1
2018-01-06,301.2406,292.367,296.171445,288.53872458333336,0.0,24,28.090599999999995,19.21700000000004,23.02144500000003,15.388724583333385,62.128893337052,0.0,0,0,2018,1
2018-01-07,300.88553,291.07083,295.27248333333335,286.8335720833333,0.0,24,27.73553000000004,17.920830000000024,22.122483333333378,13.683572083333331,58.7715093271397,0.0,0,0,2018,1
2018-01-08,300.78033,290.77063,295.317235,288.4556275,0.0,24,27.630330000000015,17.620630000000006,22.167235000000005,15.305627500000014,65.09074745582434,0.0,0,0,2018,1
2018-01-09,302.14966,292.07147,296.56881791666666,290.67761708333336,0.0,24,28.999660000000006,18.92147,23.418817916666683,17.527617083333382,69.50237842280039,0.0,0,0,2018,1
2018-01-10,303.271,291.96118,297.3314316666667,290.26766,0.0,24,30.121000000000038,18.811180000000036,24.181431666666697,17.11766,64.68360606868332,0.0,0,0,2018,1
2018-01-11,303.56537,293.48285,298.26008041666665,291.44283666666666,0.0,24,30.415369999999996,20.332850000000008,25.110080416666676,18.292836666666688,65.89397803324377,0.0,0,0,2018,1
2018-01-12,304.38818,294.73065,298.6805929166667,293.00278333333335,0.0,24,31.23818,21.58065000000005,25.530592916666706,19.852783333333377,70.83566689938401,0.0,0,0,2018,1
2018-01-13,303.94128,295.9308,299.0969725,293.6027433333333,0.0,24,30.79128000000003,22.7808,25.946972500000015,20.45274333333333,71.72103857654172,0.0,0,0,2018,1
2018-01-14,304.2281,295.81372,299.1949054166667,293.3329925,0.0,24,31.078100000000006,22.663720000000012,26.044905416666722,20.18299250000001,70.12689884737946,0.0,0,0,2018,1
2018-01-15,305.1098,295.31696,299.42987791666667,293.33974,0.0,24,31.95980000000003,22.166960000000017,26.279877916666692,20.18974000000003,69.18754626114801,0.0,0,0,2018,1
2018-01-16,305.2804,295.06586,299.75324666666666,292.42210083333333,0.0,24,32.13040000000001,21.91586000000001,26.603246666666678,19.272100833333354,64.11929642228806,0.0,0,0,2018,1
2018-01-17,304.39978,294.52576,298.9910545833333,291.16635875000003,0.0,24,31.249780000000044,21.375760000000014,25.841054583333346,18.01635875000005,62.00401675690724,0.0,0,0,2018,1
2018-01-18,304.60052,293.9408,298.5349225,290.8188470833333,0.0,24,31.45052000000004,20.790800000000047,25.384922500000016,17.668847083333333,62.327731126397325,0.0,0,0,2018,1
2018-01-19,303.6966,294.5119,298.40678541666665,290.01643666666666,0.0,24,30.546600000000012,21.36190000000005,25.256785416666673,16.866436666666687,59.69591412244011,0.0,0,0,2018,1
2018-01-20,303.92523,293.7276,297.96450708333333,290.13738333333333,0.0,24,30.775230000000022,20.577600000000018,24.814507083333353,16.987383333333355,61.76431241591928,0.0,0,0,2018,1
2018-01-21,303.2934,293.4655,297.95234708333334,291.3015675,0.0,24,30.143400000000042,20.315500000000043,24.80234708333336,18.1515675,66.52286389134505,0.0,0,0,2018,1
2018-01-22,301.82416,293.68872,297.3515816666667,292.21464208333333,0.0,24,28.67416000000003,20.538720000000012,24.201581666666698,19.064642083333354,73.01897368865362,0.0,0,0,2018,1
2018-01-23,300.96448,293.16028,296.52953958333336,291.40162749999996,0.0,24,27.814480000000003,20.010280000000023,23.379539583333383,18.251627499999984,72.91738370323566,0.0,0,0,2018,1
2018-01-24,301.09058,291.6377,295.58992875,287.88173,0.0,24,27.94058000000001,18.487700000000018,22.439928750000036,14.731730000000027,61.69654073873935,0.0,0,0,2018,1
2018-01-25,302.4544,291.36755,296.2846016666667,287.9664358333333,0.0,24,29.304400000000044,18.217550000000017,23.134601666666697,14.816435833333344,59.47403298280641,0.0,0,0,2018,1
2018-01-26,303.0605,291.63007,296.3707495833333,288.0755483333333,0.0,24,29.910500000000013,18.480070000000012,23.220749583333316,14.925548333333325,59.58241457695468,0.0,0,0,2018,1
2018-01-27,302.43103,291.8971,296.53624458333337,288.65668375,0.0,24,29.281030000000044,18.747100000000046,23.386244583333394,15.506683750000036,61.234688308609,0.0,0,0,2018,1
2018-01-28,302.38458,292.32776,296.61640458333335,289.2495970833333,0.0,24,29.23458000000005,19.177760000000035,23.46640458333337,16.09959708333332,63.295508193052996,0.0,0,0,2018,1
2018-01-29,303.185,292.38843,297.32414291666663,289.71710291666665,0.0,24,30.035000000000025,19.23843000000005,24.174142916666653,16.56710291666667,62.48930098772044,0.0,0,0,2018,1
2018-01-30,304.95483,292.78342,298.28586,288.99896583333333,0.0,24,31.804830000000038,19.63342,25.135860000000037,15.848965833333352,56.353163720788515,0.0,0,0,2018,1
2018-01-31,304.90778,291.83862,298.0805204166667,288.062185,0.0,24,31.757780000000025,18.688620000000014,24.930520416666695,14.912185000000022,53.71803493944725,0.0,0,0,2018,1
2018-02-01,304.186,293.05884,298.12213541666665,289.1105145833333,0.0,24,31.036,19.908839999999998,24.972135416666674,15.96051458333335,57.313631310555536,0.0,0,0,2018,2
2018-02-02,303.71948,292.1229,297.63579,290.43718625,0.0,24,30.56948,18.97290000000004,24.48579000000001,17.287186250000047,64.19879592789776,0.0,0,0,2018,2
2018-02-03,303.99915,292.80304,297.84906708333335,290.02367291666667,0.0,24,30.84915000000001,19.653040000000033,24.699067083333375,16.873672916666692,61.74508488067816,0.0,0,0,2018,2
2018-02-04,303.3844,293.4355,298.26171416666665,290.74593541666667,0.0,24,30.23440000000005,20.285500000000013,25.111714166666673,17.59593541666669,63.05967654256637,0.0,0,0,2018,2
2018-02-05,303.07077,293.8725,297.9707954166667,292.2086591666667,0.0,24,29.920770000000005,20.722500000000025,24.820795416666726,19.0586591666667,70.33395720781272,0.0,0,0,2018,2
2018-02-06,302.5785,294.06448,297.93006083333336,292.21993416666663,0.0,24,29.428500000000042,20.914480000000026,24.78006083333338,19.069934166666656,70.55504345665993,0.0,0,0,2018,2
2018-02-07,302.7415,294.93738,297.96113125,292.82538375,0.0,24,29.591499999999996,21.78738000000004,24.811131250000017,19.675383750000037,73.12968741366662,0.0,0,0,2018,2
2018-02-08,302.0265,292.72632,296.91606083333335,293.10869875,2.8610229e-06,24,28.87650000000002,19.57632000000001,23.76606083333337,19.958698749999996,79.24307554438235,0.0028610229,0,0,2018,2
2018-02-09,302.18622,291.82288,296.8704016666667,290.1805029166667,1.4305114800000002e-06,24,29.036220000000014,18.67288000000002,23.720401666666703,17.030502916666705,66.1362163008609,0.0014305114800000002,0,0,2018,2
2018-02-10,301.13397,291.5791,296.26052166666665,289.49145833333336,0.0,24,27.98397,18.429100000000005,23.11052166666667,16.341458333333378,65.67741001910422,0.0,0,0,2018,2
2018-02-11,300.90546,292.72394,296.25268666666665,290.91756208333334,0.0,24,27.755460000000028,19.57394000000005,23.10268666666667,17.76756208333336,71.92425463898944,0.0,0,0,2018,2
2018-02-12,300.36774,292.18967,295.77473249999997,290.224565,4.7683716e-07,24,27.21774000000005,19.03967,22.624732499999993,17.074565000000007,70.86672150602561,0.00047683716000000004,0,0,2018,2
2018-02-13,301.93936,291.75488,296.59955291666665,289.9773020833333,0.0,24,28.789360000000045,18.604880000000037,23.449552916666676,16.827302083333336,66.36450063472559,0.0,0,0,2018,2
2018-02-14,304.39813,292.94855,298.56421458333335,291.010015,0.0,24,31.248130000000003,19.798550000000034,25.414214583333376,17.860015000000033,62.97346822435643,0.0,0,0,2018,2
2018-02-15,305.44305,297.25873,300.40154,291.9603358333333,0.0,24,32.29305000000005,24.108730000000037,27.251540000000034,18.81033583333334,59.966051698606606,0.0,0,0,2018,2
2018-02-16,304.73053,295.37634,299.62862916666666,291.84991083333335,0.0,24,31.58053000000001,22.22634000000005,26.47862916666668,18.699910833333377,62.325188317784885,0.0,0,0,2018,2
2018-02-17,304.24545,294.8084,299.03846541666667,290.05426916666664,0.0,24,31.095450000000028,21.65840000000003,25.88846541666669,16.904269166666666,57.63467865842278,0.0,0,0,2018,2
2018-02-18,305.02667,294.36884,298.7665720833333,289.74798375,0.0,24,31.876670000000047,21.21884,25.616572083333324,16.597983750000026,57.44362914823056,0.0,0,0,2018,2
2018-02-19,304.96912,294.64746,299.3572904166667,289.9390075,0.0,24,31.819119999999998,21.497460000000046,26.207290416666694,16.789007500000025,56.144409242463546,0.0,0,0,2018,2
2018-02-20,304.95856,295.06763,299.43337375,290.84493833333335,0.0,24,31.80856,21.91763000000003,26.28337375000001,17.69493833333337,59.19054380008517,0.0,0,0,2018,2
2018-02-21,305.43915,294.20526,299.3813479166667,290.91421333333335,0.0,24,32.28915000000001,21.055260000000033,26.23134791666672,17.764213333333373,59.63280223165861,0.0,0,0,2018,2
2018-02-22,305.24756,294.5745,299.6506641666667,291.182935,0.0,24,32.097560000000044,21.424500000000023,26.500664166666695,18.03293500000001,59.69306591957162,0.0,0,0,2018,2
2018-02-23,304.0608,295.62137,299.56444916666663,293.4256075,0.0,24,30.910799999999995,22.471370000000036,26.414449166666657,20.275607500000035,69.00514445280731,0.0,0,0,2018,2
2018-02-24,305.03882,295.63013,300.0001375,292.52788458333333,0.0,24,31.88882000000001,22.48013000000003,26.850137500000017,19.377884583333355,63.6110389435557,0.0,0,0,2018,2
2018-02-25,306.33566,296.06146,300.53633874999997,291.63872625,0.0,24,33.18566000000004,22.911460000000034,27.386338749999993,18.488726250000013,58.30774715062839,0.0,0,0,2018,2
2018-02-26,305.08215,295.1502,300.1009579166667,292.00444791666666,0.0,24,31.932150000000036,22.000200000000007,26.95095791666671,18.854447916666686,61.20314244617782,0.0,0,0,2018,2
2018-02-27,306.2199,295.08615,300.33026083333334,292.29470208333333,0.0,24,33.06990000000002,21.936149999999998,27.180260833333364,19.144702083333357,61.488209721125,0.0,0,0,2018,2
2018-02-28,306.2154,295.69223,300.3388929166667,292.4350925,0.0,24,33.06540000000001,22.542230000000018,27.188892916666703,19.28509250000002,61.997277195539496,0.0,0,0,2018,2
2018-03-01,305.35052,295.21973,299.8511104166667,293.9997779166667,0.0,24,32.20052000000004,22.06973000000005,26.701110416666722,20.84977791666671,70.29484857949839,0.0,0,0,2018,3
2018-03-02,305.95807,295.87006,300.11839249999997,295.09730083333335,4.7683716e-07,24,32.80807000000004,22.720060000000046,26.968392499999993,21.947300833333372,74.01432489078145,0.00047683716000000004,0,0,2018,3
2018-03-03,305.13092,295.87457,300.50501291666666,294.5148408333333,0.0,24,31.980920000000026,22.72457000000003,27.35501291666668,21.364840833333346,69.81900494049783,0.0,0,0,2018,3
2018-03-04,304.40604,297.3778,300.4887741666667,295.4377416666667,0.0,24,31.25604000000004,24.227800000000002,27.338774166666724,22.287741666666705,73.94085182653379,0.0,0,0,2018,3
2018-03-05,305.59644,296.3347,300.4954783333333,293.0351754166667,0.0,24,32.446439999999996,23.18470000000002,27.345478333333347,19.885175416666698,63.76502535140036,0.0,0,0,2018,3
2018-03-06,306.301,296.73798,301.11163875,292.37004333333334,0.0,24,33.15100000000001,23.587980000000016,27.96163875000002,19.220043333333365,59.014850032089406,0.0,0,0,2018,3
2018-03-07,304.78894,297.62112,300.59649833333333,293.4520158333333,0.0,24,31.638940000000048,24.47112000000004,27.446498333333352,20.302015833333314,65.0460024091967,0.0,0,0,2018,3
2018-03-08,304.594,296.1808,299.8641645833333,294.32981666666666,0.0,24,31.444000000000017,23.0308,26.714164583333343,21.17981666666668,71.68093212444951,0.0,0,0,2018,3
2018-03-09,306.14056,295.55176,300.30944458333335,292.75144416666666,0.0,24,32.990560000000016,22.401760000000024,27.159444583333368,19.60144416666668,63.339363592688414,0.0,0,0,2018,3
2018-03-10,306.08917,296.4455,300.6769883333333,292.9276475,0.0,24,32.93917000000005,23.295500000000004,27.52698833333335,19.7776475,62.670691053928145,0.0,0,0,2018,3
2018-03-11,307.30505,296.98895,301.6613879166667,293.18364833333334,0.0,24,34.15505000000002,23.83895000000001,28.511387916666706,20.03364833333336,60.11846812113791,0.0,0,0,2018,3
2018-03-12,307.45667,296.40375,301.50544916666666,291.3296891666667,0.0,24,34.30667,23.253750000000025,28.355449166666688,18.17968916666672,54.03964848899679,0.0,0,0,2018,3
2018-03-13,306.03217,297.52917,301.3170654166667,290.7827825,0.0,24,32.88217000000003,24.379170000000045,28.16706541666673,17.63278250000002,52.786560722803806,0.0,0,0,2018,3
2018-03-14,305.90002,297.46503,301.28384208333335,288.84805458333335,0.0,24,32.750020000000006,24.315030000000036,28.133842083333377,15.698054583333374,46.76831214582021,0.0,0,0,2018,3
2018-03-15,302.51398,298.13556,300.1234875,290.6507858333333,1.335144e-05,24,29.363980000000026,24.98556000000002,26.973487500000033,17.50078583333334,56.13813118457835,0.013351440000000001,0,0,2018,3
2018-03-16,304.24377,298.2896,300.78247208333335,291.5321666666667,3.0994415760000004e-05,24,31.093770000000006,25.13960000000003,27.63247208333337,18.382166666666706,57.09025225642999,0.030994415760000005,0,0,2018,3
2018-03-17,305.2871,297.4434,300.6649195833333,293.0946895833333,0.0,24,32.13710000000003,24.29340000000002,27.514919583333324,19.944689583333343,63.368265363655134,0.0,0,0,2018,3
2018-03-18,304.2312,297.1693,300.31686,294.94442583333336,0.000192642209,24,31.081200000000024,24.019300000000044,27.166860000000042,21.794425833333378,72.47586135822401,0.192642209,0,0,2018,3
2018-03-19,303.97504,297.40173,300.396315,294.813,2.8133392000000002e-05,24,30.82504,24.25173000000001,27.24631500000004,21.66300000000001,71.56098162095553,0.028133392000000004,0,0,2018,3
2018-03-20,304.07288,296.5163,300.0989779166667,294.24626083333334,0.0,24,30.92288000000002,23.366300000000024,26.948977916666706,21.09626083333336,70.3347756560056,0.0,0,0,2018,3
2018-03-21,303.98132,295.65863,299.61058375,293.6174545833333,0.0,24,30.831320000000005,22.50863000000004,26.460583750000012,20.467454583333335,69.63811127369293,0.0,0,0,2018,3
2018-03-22,302.89874,294.56332,298.8386083333333,292.35303749999997,0.0,24,29.748739999999998,21.41332,25.68860833333332,19.203037499999994,67.3946583322427,0.0,0,0,2018,3
2018-03-23,302.65063,294.2306,298.73742458333334,293.08577583333334,0.0,24,29.50063,21.080600000000004,25.58742458333336,19.935775833333366,70.96110832535841,0.0,0,0,2018,3
2018-03-24,305.3507,296.26895,300.3502654166667,294.5095420833333,0.0,24,32.20070000000004,23.11895000000004,27.200265416666696,21.359542083333338,70.43302504295644,0.0,0,0,2018,3
2018-03-25,309.53192,296.09296,302.5792083333333,292.3823570833333,0.0,24,36.38192000000004,22.942960000000028,29.42920833333335,19.23235708333334,54.23519041320061,0.0,0,0,2018,3
2018-03-26,309.7191,296.4124,302.2995875,292.87957458333335,0.0,24,36.56910000000005,23.262400000000014,29.149587499999996,19.729574583333374,56.850872544502224,0.0,0,0,2018,3
2018-03-27,305.04364,297.07428,300.7402104166667,297.1039375,6.1988831e-06,24,31.893640000000005,23.92428000000001,27.590210416666707,23.953937499999995,80.59053887357734,0.0061988831,0,0,2018,3
2018-03-28,304.2244,297.98743,300.5317616666667,296.51769333333334,1.6689300460000002e-05,24,31.074400000000026,24.83743000000004,27.381761666666705,23.367693333333364,78.74813423402276,0.01668930046,0,0,2018,3
2018-03-29,304.03568,296.52466,300.0773120833333,295.7629870833333,4.7683716e-07,24,30.885680000000036,23.374660000000006,26.927312083333334,22.612987083333337,77.26355979363356,0.00047683716000000004,0,0,2018,3
2018-03-30,303.69128,296.96808,300.0328275,296.0723225,4.7683716e-07,24,30.54128000000003,23.81808000000001,26.88282750000002,22.922322500000007,78.93406470009165,0.00047683716000000004,0,0,2018,3
2018-03-31,303.54388,297.45,300.27204416666666,296.54283000000004,4.29153432e-06,24,30.393880000000024,24.30000000000001,27.122044166666683,23.39283000000006,80.07925956411763,0.00429153432,0,0,2018,3
2018-04-01,304.29953,296.8968,300.4068204166667,295.6227395833333,6.19888302e-06,24,31.149530000000027,23.746800000000007,27.2568204166667,22.47273958333335,75.13855530519528,0.00619888302,0,0,2018,4
2018-04-02,305.4259,297.33435,300.82476875000003,295.28156916666666,0.0,24,32.275900000000036,24.184349999999995,27.674768750000055,22.13156916666668,71.81290357924902,0.0,0,0,2018,4
2018-04-03,304.23126,297.3637,300.84523458333337,295.78876541666665,0.0,24,31.081260000000043,24.213700000000017,27.695234583333388,22.638765416666672,73.9756417641752,0.0,0,0,2018,4
2018-04-04,304.22626,297.67603,300.9447533333333,296.3610225,0.0,24,31.076260000000048,24.52603000000005,27.794753333333347,23.211022500000013,76.14228954560048,0.0,0,0,2018,4
2018-04-05,304.53806,298.23248,301.0398216666667,295.97878583333335,0.0,24,31.388059999999996,25.082480000000032,27.889821666666705,22.82878583333337,73.98741934540205,0.0,0,0,2018,4
2018-04-06,304.1455,298.22955,300.59056625,296.4073945833333,0.0,24,30.99550000000005,25.07955000000004,27.440566250000018,23.257394583333337,77.955701876189,0.0,0,0,2018,4
2018-04-07,305.6137,297.55164,301.3060991666667,296.53300541666664,0.0,24,32.46370000000002,24.401640000000043,28.156099166666706,23.383005416666663,75.33190589280339,0.0,0,0,2018,4
2018-04-08,306.09622,298.0396,301.35011375,295.3154583333333,4.7683716e-07,24,32.94622000000004,24.88960000000003,28.200113750000014,22.165458333333333,69.7872572559469,0.00047683716000000004,0,0,2018,4
2018-04-09,306.05286,297.17224,301.03511291666666,295.03347125,9.5367432e-07,24,32.90286000000003,24.02224000000001,27.885112916666685,21.883471250000014,69.86910212820491,0.0009536743200000001,0,0,2018,4
2018-04-10,304.95312,297.7484,300.76770875,296.04770625,4.7683716e-07,24,31.803120000000035,24.598400000000026,27.61770875000002,22.89770625,75.48900230884686,0.00047683716000000004,0,0,2018,4
2018-04-11,304.27094,298.12006,300.91522833333335,296.50228708333333,0.0,24,31.12094000000002,24.970060000000046,27.76522833333337,23.35228708333335,76.92800596993871,0.0,0,0,2018,4
2018-04-12,304.4076,298.3453,301.131595,296.55790541666664,1.096725456e-05,24,31.257600000000025,25.19530000000003,27.981595000000027,23.407905416666665,76.2173073826871,0.01096725456,0,0,2018,4
2018-04-13,304.57703,298.20877,301.2340458333333,296.85595708333335,4.2915343600000005e-06,24,31.427030000000002,25.058770000000038,28.084045833333334,23.705957083333374,77.13762063448802,0.004291534360000001,0,0,2018,4
2018-04-14,304.59338,298.44257,301.30899375,297.11728583333337,0.0,24,31.443380000000047,25.292570000000012,28.158993750000036,23.967285833333392,78.0190513299629,0.0,0,0,2018,4
2018-04-15,304.5088,299.34277,301.6234679166667,297.5581095833333,3.81469722e-06,24,31.35880000000003,26.192769999999996,28.47346791666672,24.408109583333328,78.65797317047996,0.00381469722,0,0,2018,4
2018-04-16,304.9942,299.57153,302.04777583333333,297.81787375,5.7220458e-06,24,31.8442,26.42153000000002,28.897775833333355,24.667873750000012,77.94654455792246,0.0057220458,0,0,2018,4
2018-04-17,307.73376,300.39914,303.08222916666665,298.4768666666667,8.583069200000001e-05,24,34.58376000000004,27.24914000000001,29.932229166666673,25.326866666666717,76.37052565991816,0.08583069200000001,0,0,2018,4
2018-04-18,306.17535,300.09912,303.00007875,298.49461916666667,0.0,24,33.02535,26.94912000000005,29.850078750000023,25.34461916666669,76.8136821692861,0.0,0,0,2018,4
2018-04-19,307.8506,298.83252,303.02910875000003,296.93972875000003,0.0,24,34.70060000000001,25.68252000000001,29.879108750000057,23.78972875000005,69.86821889349496,0.0,0,0,2018,4
2018-04-20,305.58948,299.8365,302.55457333333334,296.83506041666664,0.0,24,32.43948,26.686500000000024,29.40457333333336,23.68506041666666,71.35531955542886,0.0,0,0,2018,4
2018-04-21,305.83942,298.90552,302.25386958333337,297.0337670833333,9.536743e-07,24,32.68942000000004,25.755520000000047,29.103869583333392,23.88376708333334,73.48127427829048,0.0009536743,0,0,2018,4
2018-04-22,306.23627,298.16318,302.12562875,296.28239625,0.0,24,33.08627000000001,25.013180000000034,28.97562875,23.13239625,70.74718982166938,0.0,0,0,2018,4
2018-04-23,305.3841,298.0943,301.89268208333334,296.54990541666666,0.0,24,32.23410000000001,24.9443,28.742682083333364,23.399905416666684,72.8788364223818,0.0,0,0,2018,4
2018-04-24,306.8739,298.6278,302.43019541666666,296.71387583333336,0.0,24,33.723900000000015,25.477800000000002,29.280195416666686,23.563875833333384,71.34686460663742,0.0,0,0,2018,4
2018-04-25,306.1618,297.74738,301.91724,296.37705166666666,0.0,24,33.01180000000005,24.597380000000044,28.767240000000015,23.227051666666682,72.01868404681,0.0,0,0,2018,4
2018-04-26,304.38303,297.93655,301.15203708333337,296.512015,9.536743e-07,24,31.233030000000042,24.786550000000034,28.00203708333339,23.362015000000042,75.91567402257728,0.0009536743,0,0,2018,4
2018-04-27,304.6009,297.53943,301.22578791666666,296.38426875,0.0,24,31.450900000000047,24.389430000000004,28.075787916666684,23.234268750000012,75.00822066884979,0.0,0,0,2018,4
2018-04-28,304.88397,299.6086,301.6798425,297.07964291666667,1.4305114600000002e-06,24,31.73397,26.458600000000047,28.52984250000003,23.929642916666694,76.17983377997008,0.00143051146,0,0,2018,4
2018-04-29,304.19012,299.49066,301.83428541666666,297.58626583333336,2.28881836e-05,24,31.04012,26.340660000000014,28.684285416666683,24.43626583333338,77.83127979886464,0.022888183599999997,0,0,2018,4
2018-04-30,304.77203,299.69186,301.75455625,297.355735,5.72204586e-06,24,31.622029999999995,26.541860000000042,28.60455625000003,24.205735000000004,77.11877291234144,0.00572204586,0,0,2018,4
2018-05-01,304.89624,299.5122,301.7412370833333,297.40803375,1.239776606e-05,24,31.74624,26.36220000000003,28.59123708333334,24.25803375000004,77.42115254390822,0.012397766059999999,0,0,2018,5
2018-05-02,304.35773,299.47498,301.8170329166667,297.46816375,4.29153442e-06,24,31.207730000000026,26.32498000000004,28.6670329166667,24.318163749999997,77.35954843781631,0.0042915344200000006,0,0,2018,5
2018-05-03,304.77948,299.19086,302.06502374999997,297.52263875,1.14440918e-05,24,31.62948,26.04086000000001,28.91502374999999,24.37263875000002,76.50374378989993,0.011444091799999999,0,0,2018,5
2018-05-04,305.06787,299.23267,302.11251666666664,297.6457875,2.765655536e-05,24,31.91787000000005,26.082670000000007,28.96251666666666,24.495787500000006,76.85860592660356,0.027656555359999998,0,0,2018,5
2018-05-05,305.00226,300.05273,302.20886333333334,297.86762125,6.0558319859999996e-05,24,31.85226,26.90273000000002,29.058863333333363,24.717621250000036,77.45241246804575,0.060558319859999994,0,0,2018,5
2018-05-06,305.4943,300.48056,302.63785291666665,298.09049708333333,1.9073486200000001e-06,24,32.34430000000003,27.330560000000048,29.487852916666668,24.940497083333355,76.56769145002626,0.00190734862,0,0,2018,5
2018-05-07,305.0948,300.33014,302.4413175,297.8364858333333,5.34057624e-05,24,31.944800000000043,27.180139999999994,29.291317500000048,24.686485833333336,76.2753253071527,0.0534057624,0,0,2018,5
2018-05-08,304.80627,299.80988,302.1236754166667,297.4202266666667,2.861022926e-05,24,31.656270000000006,26.659880000000044,28.97367541666671,24.2702266666667,75.77713544878519,0.02861022926,0,0,2018,5
2018-05-09,306.341,300.14545,302.79049291666666,297.62423041666665,9.5367432e-07,24,33.19100000000003,26.995450000000005,29.640492916666688,24.47423041666667,73.80884148362765,0.0009536743200000001,0,0,2018,5
2018-05-10,305.19684,299.43463,302.5214858333333,298.6510816666667,9.059906000000001e-06,24,32.04684000000003,26.28463000000005,29.371485833333338,25.50108166666672,79.70233143032833,0.009059906000000001,0,0,2018,5
2018-05-11,305.3226,301.0865,302.9743379166667,298.46635375,0.0,24,32.172600000000045,27.936500000000024,29.824337916666707,25.31635375000002,76.7982885849247,0.0,0,0,2018,5
2018-05-12,304.9355,300.84363,302.5749783333333,297.8304991666667,3.3378601000000004e-06,24,31.785500000000013,27.69363000000004,29.424978333333343,24.68049916666672,75.66130997167753,0.0033378601000000003,0,0,2018,5
2018-05-13,305.17578,300.41833,302.60699208333335,298.26888625,2.38418576e-06,24,32.02578,27.26833000000005,29.456992083333375,25.118886250000003,77.52508435892652,0.00238418576,0,0,2018,5
2018-05-14,305.4845,300.888,302.8985420833333,298.68956875,4.67300415e-05,24,32.33450000000005,27.738,29.748542083333348,25.53956875,78.16552014723749,0.0467300415,0,0,2018,5
2018-05-15,304.92224,301.06357,302.70037375,298.3574229166667,2.527236946e-05,24,31.77224000000001,27.91357000000005,29.550373750000006,25.2074229166667,77.51630801530736,0.02527236946,0,0,2018,5
2018-05-16,305.366,301.02844,302.825965,297.86302875,1.668930036e-05,24,32.21600000000001,27.878440000000012,29.67596500000002,24.713028750000035,74.71854910735826,0.01668930036,0,0,2018,5
2018-05-17,305.81583,300.77087,303.08215208333337,299.1559633333333,3.43322756e-05,24,32.66583000000003,27.620870000000025,29.932152083333392,26.00596333333334,79.51383785968325,0.034332275599999997,0,0,2018,5
2018-05-18,305.02206,301.4962,303.12234625,298.86102208333335,1.764297476e-05,24,31.872060000000033,28.34620000000001,29.972346250000044,25.711022083333376,77.95466777927722,0.01764297476,0,0,2018,5
2018-05-19,305.46756,300.2956,302.92036666666667,298.8131641666667,1.478195194e-05,24,32.317560000000014,27.1456,29.77036666666669,25.663164166666718,78.64268477548659,0.01478195194,0,0,2018,5
2018-05-20,305.11658,300.63684,302.872005,298.75904125,2.95639042e-05,24,31.96658000000002,27.48684000000003,29.722005000000024,25.60904125000002,78.60903342931897,0.0295639042,0,0,2018,5
2018-05-21,305.4203,300.49048,302.907555,298.2724308333333,3.671646226e-05,24,32.27030000000002,27.340480000000014,29.757555000000025,25.12243083333334,76.20862861325229,0.03671646226,0,0,2018,5
2018-05-22,304.8112,300.96136,302.66231250000004,297.33164125,0.0,24,31.661200000000008,27.811360000000036,29.512312500000064,24.18164125000004,73.06315383757392,0.0,0,0,2018,5
2018-05-23,305.14325,301.36182,303.0925383333333,297.93791541666667,1.9073486e-06,24,31.993250000000046,28.211820000000046,29.942538333333346,24.787915416666692,73.91023642866965,0.0019073486,0,0,2018,5
2018-05-24,304.80133,301.62476,303.0822775,298.35596875,1.9073486559999998e-05,24,31.65133000000003,28.474760000000003,29.932277499999998,25.20596875000001,75.8223314270074,0.01907348656,0,0,2018,5
2018-05-25,305.789,301.29117,303.28320291666665,298.324375,8.678436236e-05,24,32.63900000000001,28.141170000000045,30.133202916666676,25.174374999999998,74.81028802970621,0.08678436235999999,0,0,2018,5
2018-05-26,306.7294,301.69177,303.855745,299.02926874999997,0.00028276443096,24,33.57940000000002,28.541770000000042,30.705745000000036,25.879268749999994,75.49215008617423,0.28276443096000003,0,0,2018,5
2018-05-27,305.7502,301.97357,303.7755866666667,299.71514125,0.00021028518675999999,24,32.60020000000003,28.823570000000018,30.62558666666672,26.56514125000001,78.97896505460137,0.21028518676,0,0,2018,5
2018-05-28,305.33023,301.8799,303.5604775,299.049725,0.0004596710199,24,32.180229999999995,28.729900000000043,30.410477500000013,25.899725000000046,76.87312028466951,0.4596710199,0,0,2018,5
2018-05-29,305.0755,302.38037,303.6545433333333,298.61540875,0.00068950653036,24,31.9255,29.23037000000005,30.504543333333345,25.465408749999995,74.51301714556773,0.6895065303600001,0,0,2018,5
2018-05-30,305.47528,301.93527,303.68743333333333,298.78665333333333,0.000939369195,24,32.32528000000002,28.785270000000025,30.537433333333354,25.636653333333356,75.13358526458626,0.939369195,0,0,2018,5
2018-05-31,306.12686,301.98996,303.9334845833333,299.200425,0.0013461113033,24,32.976860000000045,28.83996000000002,30.783484583333347,26.05042500000002,75.92327854641441,1.3461113033,1,0,2018,5
2018-06-01,306.7209,301.61914,303.6355575,298.97713500000003,0.00035524368256,24,33.570899999999995,28.46914000000004,30.485557500000027,25.827135000000055,76.21415026673489,0.35524368256,0,0,2018,6
2018-06-02,306.19238,301.4682,303.3401475,298.63624166666665,0.002444744124,24,33.04238000000004,28.318200000000047,30.190147500000023,25.486241666666672,75.96335798547682,2.444744124,1,0,2018,6
2018-06-03,305.2181,301.04794,302.7909025,298.44442250000003,0.0012364387542,24,32.068100000000015,27.897940000000006,29.64090250000004,25.294422500000053,77.51320675613056,1.2364387542000002,1,0,2018,6
2018-06-04,304.50668,299.79205,302.48860333333334,298.56173333333334,0.0059881210255000004,24,31.35668000000004,26.64205000000004,29.338603333333367,25.41173333333336,79.43068477459038,5.988121025500001,1,0,2018,6
2018-06-05,305.4281,300.78412,302.91738291666667,298.56669208333335,0.0025610923729,24,32.278099999999995,27.634119999999996,29.76738291666669,25.416692083333373,77.51220782139437,2.5610923729,1,0,2018,6
2018-06-06,305.0949,300.33868,302.52383541666666,299.0038366666667,0.0139608384773,24,31.94490000000002,27.188680000000033,29.37383541666668,25.853836666666723,81.37845305545984,13.9608384773,1,0,2018,6
2018-06-07,303.23102,300.1142,301.5572075,298.9820125,0.019626617525,24,30.081020000000024,26.964200000000005,28.407207500000027,25.83201250000002,85.95903784995161,19.626617525,1,0,2018,6
2018-06-08,304.36716,300.97687,302.1897670833333,299.126735,0.013809204049,24,31.217160000000035,27.826870000000042,29.039767083333345,25.97673500000002,83.57323466661254,13.809204049,1,0,2018,6
2018-06-09,301.85684,300.1582,301.15639791666666,298.9739533333333,0.02277851116,24,28.70684,27.008200000000045,28.006397916666685,25.82395333333335,87.94862521768572,22.77851116,1,0,2018,6
2018-06-10,303.87085,299.76868,302.05738333333335,299.21327625,0.00816583633,24,30.72085000000004,26.61868000000004,28.90738333333337,26.06327625,84.64969567912682,8.165836330000001,1,0,2018,6
2018-06-11,304.2779,301.55927,302.94271625,299.78035416666665,0.0066304206999999995,24,31.12790000000001,28.40927000000005,29.792716250000012,26.630354166666677,83.16790854955913,6.630420699999999,1,0,2018,6
2018-06-12,304.41687,301.34943,303.1030275,299.2006125,0.004235267638,24,31.26687000000004,28.199430000000007,29.95302750000002,26.0506125,79.62867631917563,4.235267638,1,0,2018,6
2018-06-13,304.30527,302.19226,303.17715416666664,299.14835124999996,0.005356788598,24,31.15527000000003,29.04226,30.027154166666662,25.998351249999985,79.04479949770113,5.356788598,1,0,2018,6
2018-06-14,304.51178,301.20093,302.76928541666666,299.23865708333335,0.003588676456,24,31.36178000000001,28.05093000000005,29.619285416666685,26.088657083333374,81.35757040615142,3.5886764560000004,1,0,2018,6
2018-06-15,303.8179,300.09778,301.84827041666665,298.61810041666666,0.005256652834,24,30.66790000000003,26.947780000000023,28.698270416666674,25.468100416666687,82.70961463601822,5.256652834,1,0,2018,6
2018-06-16,302.38202,299.6668,300.6617825,297.8813666666667,0.00587224956,24,29.232020000000034,26.516800000000046,27.511782500000038,24.731366666666702,84.82593848471646,5.87224956,1,0,2018,6
2018-06-17,300.8131,299.0952,299.98901083333334,297.713705,0.0166692734,24,27.663100000000043,25.9452,26.83901083333336,24.563705000000027,87.36358249087255,16.6692734,1,0,2018,6
2018-06-18,301.87512,298.66684,300.12208749999996,297.7801195833333,0.03154230106,24,28.725120000000004,25.516840000000002,26.972087499999986,24.63011958333334,87.0274366957926,31.54230106,1,0,2018,6
2018-06-19,302.83267,299.39407,301.46475791666666,298.2591575,0.0031151771643,24,29.68267000000003,26.244070000000022,28.31475791666668,25.109157500000038,82.78624132162848,3.1151771643,1,0,2018,6
2018-06-20,304.26865,300.63025,302.31423291666664,298.78637375,0.0028018951646,24,31.118650000000002,27.480250000000012,29.164232916666663,25.63637375000002,81.31452292206578,2.8018951646,1,0,2018,6
2018-06-21,302.4997,301.11563,301.85913583333337,298.58240374999997,0.003954887426,24,29.34970000000004,27.965630000000033,28.70913583333339,25.43240374999999,82.48212204763503,3.954887426,1,0,2018,6
2018-06-22,302.6054,299.74554,301.21081833333335,298.4650091666667,0.00546312326,24,29.455399999999997,26.595540000000028,28.060818333333373,25.315009166666698,85.05774846258439,5.46312326,1,0,2018,6
2018-06-23,300.6541,299.5271,299.97960041666664,298.05842624999997,0.0285453797,24,27.50410000000005,26.37710000000004,26.829600416666665,24.90842624999999,89.23264067491583,28.5453797,1,0,2018,6
2018-06-24,300.63922,298.98227,299.7706895833333,298.14074666666664,0.05956840516,24,27.489220000000046,25.83227000000005,26.62068958333333,24.990746666666666,90.78294733276739,59.56840516,1,1,2018,6
2018-06-25,301.40533,299.46265,300.12826875,298.3289325,0.05413341495,24,28.255330000000015,26.31265000000002,26.97826875000004,25.17893250000003,89.89458906679518,54.13341495,1,1,2018,6
2018-06-26,301.8246,299.06622,300.71166708333334,298.47698125,0.00951051711,24,28.674599999999998,25.91622000000001,27.56166708333336,25.326981250000017,87.63843775842078,9.51051711,1,0,2018,6
2018-06-27,303.17712,299.6308,301.25149500000003,298.7125779166667,0.00575780869,24,30.027120000000025,26.480800000000045,28.101495000000057,25.562577916666726,86.11510700361333,5.75780869,1,0,2018,6
2018-06-28,301.5473,299.3108,300.0734033333333,297.8884033333333,0.0089445114,24,28.39730000000003,26.160799999999995,26.92340333333334,24.738403333333338,87.84423548700423,8.944511400000001,1,0,2018,6
2018-06-29,301.9287,299.33917,300.54723666666666,297.85397958333334,0.005336284653,24,28.778700000000015,26.189170000000047,27.397236666666686,24.703979583333364,85.25753385611782,5.336284653,1,0,2018,6
2018-06-30,302.00305,299.10208,300.54907041666667,297.50230125,0.003780841821,24,28.853049999999996,25.952080000000024,27.39907041666669,24.35230125000004,83.47155855583465,3.7808418209999997,1,0,2018,6
2018-07-01,303.2052,298.99414,300.9948670833333,297.4983191666667,0.004114627832,24,30.055200000000013,25.84414000000004,27.844867083333327,24.348319166666727,81.30219294173625,4.114627832,1,0,2018,7
2018-07-02,301.2171,299.33905,300.28465375,297.99658833333336,0.02523422218,24,28.06710000000004,26.18905000000001,27.13465375000004,24.846588333333386,87.3228700772597,25.234222180000003,1,0,2018,7
2018-07-03,300.65018,298.99704,299.57469208333333,297.7735020833333,0.04252576795,24,27.50018,25.84704000000005,26.424692083333355,24.623502083333335,89.84517598109827,42.52576795,1,0,2018,7
2018-07-04,300.76828,299.15002,299.97719208333336,298.05749166666664,0.03650760649,24,27.618280000000027,26.000020000000006,26.827192083333387,24.907491666666658,89.24031332040425,36.50760648999999,1,0,2018,7
2018-07-05,301.2853,299.3371,300.03217666666666,298.13367,0.02902603131,24,28.13530000000003,26.187100000000044,26.88217666666668,24.983670000000018,89.35743859707726,29.026031309999997,1,0,2018,7
2018-07-06,301.39954,299.50638,300.2210191666667,298.07202,0.008015155795,24,28.249540000000025,26.35638,27.0710191666667,24.922020000000032,88.04581513114137,8.015155795,1,0,2018,7
2018-07-07,301.0299,298.87054,299.83537125000004,297.67456583333336,0.02037048337,24,27.87990000000002,25.720540000000028,26.68537125000006,24.524565833333384,87.9514581933046,20.370483370000002,1,0,2018,7
2018-07-08,300.45737,298.503,299.4340075,297.5545325,0.023291587739999998,24,27.30737000000005,25.35300000000001,26.28400750000003,24.404532500000016,89.4146171058313,23.291587739999997,1,0,2018,7
2018-07-09,300.36768,298.81128,299.4747066666667,297.70731916666665,0.03550672529,24,27.21768000000003,25.661280000000033,26.324706666666714,24.557319166666673,90.02006788009274,35.50672529,1,0,2018,7
2018-07-10,300.3391,299.06097,299.73836,297.7774483333333,0.02719831469,24,27.189099999999996,25.91097000000002,26.588360000000023,24.627448333333348,89.00252079294737,27.19831469,1,0,2018,7
2018-07-11,301.2557,299.02057,300.0670395833333,297.98091,0.02673769004,24,28.105700000000013,25.870570000000043,26.91703958333335,24.830910000000017,88.36443056961576,26.73769004,1,0,2018,7
2018-07-12,300.06177,299.08798,299.5572041666667,297.88752791666667,0.02866315828,24,26.911770000000047,25.93798000000004,26.407204166666702,24.737527916666693,90.55363190142171,28.66315828,1,0,2018,7
2018-07-13,300.57584,298.8545,299.66077208333337,297.9349941666666,0.021830082,24,27.42584000000005,25.704499999999996,26.510772083333393,24.78499416666665,90.25740843275689,21.830082,1,0,2018,7
2018-07-14,301.10898,299.37024,300.0170141666667,298.14172666666667,0.02266263968,24,27.958979999999997,26.220240000000047,26.867014166666706,24.991726666666693,89.4802389731861,22.662639679999998,1,0,2018,7
2018-07-15,300.37128,299.4433,299.9077204166667,298.2473166666667,0.0412902833,24,27.221280000000036,26.293300000000045,26.7577204166667,25.0973166666667,90.62710497966074,41.2902833,1,0,2018,7
2018-07-16,300.13382,299.04578,299.43108666666666,298.0587708333333,0.0430593489,24,26.983820000000037,25.895780000000002,26.28108666666668,24.908770833333335,92.16939932217039,43.0593489,1,0,2018,7
2018-07-17,300.87946,298.82275,299.75325458333333,298.1401358333333,0.04348611832,24,27.729460000000017,25.672750000000008,26.603254583333353,24.99013583333334,90.87302351703342,43.48611832,1,0,2018,7
2018-07-18,300.62286,298.9696,299.71976708333335,297.87506333333334,0.01278781902,24,27.472860000000026,25.819600000000037,26.569767083333375,24.725063333333367,89.62205217127263,12.78781902,1,0,2018,7
2018-07-19,301.23303,299.03375,300.00005833333336,298.07449875000003,0.013329029074,24,28.083030000000008,25.88375000000002,26.85005833333338,24.924498750000055,89.21081945514382,13.329029074,1,0,2018,7
2018-07-20,300.06543,299.21356,299.50081666666665,298.0157483333333,0.02473878877,24,26.915430000000015,26.063559999999995,26.350816666666674,24.86574833333333,91.55475136298861,24.73878877,1,0,2018,7
2018-07-21,300.28204,298.91876,299.52626375,297.7145041666667,0.02261924734,24,27.132040000000018,25.768760000000043,26.37626375000002,24.564504166666723,89.78487336249272,22.619247339999998,1,0,2018,7
2018-07-22,301.34863,299.2414,300.46758125,297.7727570833333,0.007356166854,24,28.198630000000037,26.09140000000002,27.317581250000046,24.62275708333334,85.24149850839096,7.356166854,1,0,2018,7
2018-07-23,301.1178,299.49,300.3205575,297.9290466666667,0.00713109969,24,27.96780000000001,26.340000000000032,27.17055750000003,24.779046666666716,86.78786806764333,7.13109969,1,0,2018,7
2018-07-24,301.34607,299.403,300.2605691666667,297.83118541666664,0.00546789171,24,28.19607000000002,26.253000000000043,27.11056916666672,24.681185416666665,86.58601592209918,5.46789171,1,0,2018,7
2018-07-25,301.28647,299.4921,300.39918,297.5818875,0.005010604853,24,28.13647000000003,26.342100000000016,27.249180000000024,24.431887500000016,84.61151744227152,5.010604852999999,1,0,2018,7
2018-07-26,300.95984,299.35315,300.24508,297.5888654166667,0.0072860717399999995,24,27.80984000000001,26.20315000000005,27.095079999999996,24.438865416666715,85.41644669741608,7.28607174,1,0,2018,7
2018-07-27,301.19342,299.54022,300.37061,297.5477975,0.005789279915,24,28.043420000000026,26.39022,27.220610000000022,24.397797500000024,84.58052317201879,5.789279915,1,0,2018,7
2018-07-28,301.67453,299.7249,300.84868291666663,297.87855041666666,0.004199981675,24,28.524530000000027,26.574900000000014,27.698682916666655,24.72855041666668,83.8887592887653,4.199981675,1,0,2018,7
2018-07-29,301.94366,300.02905,300.84809791666663,297.77378791666666,0.004927635185,24,28.793660000000045,26.879050000000007,27.698097916666654,24.623787916666686,83.36747569062327,4.927635185000001,1,0,2018,7
2018-07-30,301.78275,299.5155,300.5955475,297.34133583333335,0.00504398346,24,28.632750000000044,26.365499999999997,27.445547500000032,24.19133583333337,82.44425199156784,5.04398346,1,0,2018,7
2018-07-31,301.49496,299.1339,300.40766791666664,297.41741916666666,0.00502157212,24,28.344960000000015,25.983900000000006,27.257667916666662,24.267419166666684,83.73931743824521,5.02157212,1,0,2018,7
2018-08-01,301.87708,299.48383,300.57320208333334,297.35139458333333,0.006644725765,24,28.72708,26.333830000000034,27.423202083333365,24.201394583333354,82.60217771302244,6.644725765,1,0,2018,8
2018-08-02,301.12134,299.23798,300.1649108333333,297.67725,0.00668334961,24,27.971339999999998,26.087980000000016,27.014910833333317,24.527250000000038,86.27555802546095,6.6833496100000005,1,0,2018,8
2018-08-03,302.05396,299.11343,300.2025475,297.39419333333336,0.007805824268,24,28.90396000000004,25.963430000000017,27.052547500000003,24.244193333333385,84.63624782870903,7.805824268,1,0,2018,8
2018-08-04,300.7508,298.84314,299.4786491666667,297.2163929166667,0.01212930685,24,27.60080000000005,25.693140000000028,26.328649166666708,24.0663929166667,87.38722816079617,12.12930685,1,0,2018,8
2018-08-05,301.49304,298.79736,300.20160625,297.18995291666664,0.00688838963,24,28.34304000000003,25.64736000000005,27.05160625000002,24.039952916666664,83.60891158393623,6.88838963,1,0,2018,8
2018-08-06,301.28748,299.37054,300.2934245833333,296.96483708333335,0.006533622725,24,28.13748000000004,26.220540000000028,27.143424583333342,23.814837083333373,82.04036023112286,6.533622725000001,1,0,2018,8
2018-08-07,301.69818,299.49994,300.28262666666666,297.03460333333334,0.00570678711,24,28.548180000000002,26.349940000000004,27.13262666666668,23.88460333333336,82.43790632265448,5.7067871100000005,1,0,2018,8
2018-08-08,300.99152,299.174,300.12585916666666,297.57585208333336,0.0071549414999999995,24,27.841520000000003,26.024,26.97585916666668,24.425852083333382,85.95014621027667,7.1549415,1,0,2018,8
2018-08-09,300.74158,299.10062,299.80458125,297.63539,0.0101342201,24,27.59158000000002,25.950620000000015,26.654581250000035,24.485389999999995,87.90469980681313,10.1342201,1,0,2018,8
2018-08-10,301.03778,298.91278,299.7565108333333,297.58770625,0.00877571102,24,27.88778000000002,25.76278000000002,26.606510833333346,24.43770625000002,87.90268664481246,8.775711020000001,1,0,2018,8
2018-08-11,300.78952,298.74136,299.6023804166667,297.65086291666665,0.01409673703,24,27.639520000000005,25.59136000000001,26.4523804166667,24.500862916666676,89.04213097288837,14.09673703,1,0,2018,8
2018-08-12,300.42517,298.52966,299.44069041666665,297.4894091666667,0.01399707794,24,27.275170000000003,25.37966,26.290690416666678,24.339409166666712,89.03095749687986,13.99707794,1,0,2018,8
2018-08-13,301.2738,298.62512,299.80668041666667,297.48586041666664,0.01403999337,24,28.123800000000017,25.475120000000004,26.65668041666669,24.335860416666662,87.1094968272586,14.03999337,1,0,2018,8
2018-08-14,301.43634,299.35605,300.25417666666664,297.57593916666667,0.00785398485,24,28.286339999999996,26.206050000000005,27.10417666666666,24.425939166666694,85.30468735037873,7.853984850000001,1,0,2018,8
2018-08-15,300.76636,298.89532,299.86209,297.42871125,0.00770282748,24,27.616360000000043,25.74532000000005,26.712090000000046,24.278711250000015,86.52830289850277,7.70282748,1,0,2018,8
2018-08-16,300.47614,299.0293,299.5432195833333,297.3230541666667,0.01276159302,24,27.32614000000001,25.8793,26.393219583333348,24.173054166666702,87.61410011120739,12.76159302,1,0,2018,8
2018-08-17,300.22186,298.65308,299.4386004166667,297.56150916666667,0.02860736838,24,27.071860000000015,25.50308000000001,26.288600416666725,24.41150916666669,89.42773679817715,28.60736838,1,0,2018,8
2018-08-18,300.052,298.26508,299.21232249999997,297.50855541666664,0.01383113856,24,26.902000000000044,25.115080000000034,26.062322499999993,24.35855541666666,90.34568969485947,13.83113856,1,0,2018,8
2018-08-19,300.99316,298.22192,299.41680541666665,297.34088875,0.013058185526,24,27.84316000000001,25.071920000000034,26.26680541666667,24.19088875,88.36565642126112,13.058185526,1,0,2018,8
2018-08-20,300.02838,298.2974,299.05525833333337,297.364665,0.01254606248,24,26.87838000000005,25.147400000000005,25.905258333333393,24.214665000000025,90.40643219125562,12.54606248,1,0,2018,8
2018-08-21,298.85706,298.04242,298.50852208333333,297.16271166666667,0.02992486945,24,25.707060000000013,24.892420000000016,25.358522083333355,24.01271166666669,92.26454473327979,29.92486945,1,0,2018,8
2018-08-22,299.84766,297.9887,299.0528875,297.39541,0.01937866202,24,26.69766000000004,24.838700000000017,25.90288750000002,24.24541000000005,90.58616290645148,19.37866202,1,0,2018,8
2018-08-23,300.6541,298.52945,299.42014291666663,297.5824283333333,0.01650428757,24,27.50410000000005,25.37945000000002,26.270142916666657,24.43242833333335,89.63769694070514,16.504287570000002,1,0,2018,8
2018-08-24,300.1974,298.26135,299.2179095833333,297.40950541666666,0.01488351814,24,27.04740000000004,25.111350000000016,26.067909583333346,24.259505416666684,89.78073259354908,14.88351814,1,0,2018,8
2018-08-25,300.57217,298.09918,299.15355916666664,297.25943166666667,0.01679277404,24,27.42217000000005,24.949180000000013,26.003559166666662,24.109431666666694,89.31505763850595,16.79277404,1,0,2018,8
2018-08-26,299.76276,298.30756,298.92319125,297.2581533333333,0.02072715756,24,26.612760000000037,25.157560000000046,25.773191250000025,24.108153333333348,90.53637385531206,20.727157560000002,1,0,2018,8
2018-08-27,299.97403,297.90518,298.66043625000003,296.98548791666667,0.01398563379,24,26.82403000000005,24.755179999999996,25.510436250000055,23.835487916666693,90.46473959497067,13.98563379,1,0,2018,8
2018-08-28,299.7503,297.4201,298.62493916666665,296.86249416666664,0.00903415682,24,26.600300000000004,24.270100000000014,25.474939166666672,23.71249416666666,89.98679037816854,9.03415682,1,0,2018,8
2018-08-29,300.89392,297.8122,299.24722791666665,297.11354708333334,0.008562087985,24,27.743920000000003,24.66220000000004,26.097227916666668,23.963547083333367,88.04548979789884,8.562087985,1,0,2018,8
2018-08-30,300.7033,298.21716,299.41634708333333,297.075885,0.00715875629,24,27.553300000000036,25.06716,26.266347083333358,23.92588500000005,86.9717092185623,7.15875629,1,0,2018,8
2018-08-31,301.6432,298.2376,299.91113791666663,296.89766125,0.004673957825,24,28.4932,25.08760000000001,26.761137916666655,23.74766125000002,83.56736573438293,4.6739578250000005,1,0,2018,8
2018-09-01,300.74854,298.24725,299.39221875,296.88275749999997,0.00820732113,24,27.598540000000014,25.09725000000003,26.242218750000006,23.73275749999999,86.08903564711954,8.20732113,1,0,2018,9
2018-09-02,300.66202,298.31793,299.48139,297.0676725,0.00965213781,24,27.512020000000007,25.167930000000013,26.33139,23.917672500000037,86.59517906876493,9.65213781,1,0,2018,9
2018-09-03,300.661,298.25873,299.4285420833333,296.88502083333333,0.00808858869,24,27.511000000000024,25.108730000000037,26.27854208333332,23.73502083333335,85.91605943378852,8.08858869,1,0,2018,9
2018-09-04,300.3391,298.21408,299.30413625,296.83312541666663,0.00641918184,24,27.189099999999996,25.064080000000047,26.154136250000022,23.683125416666655,86.2803220062152,6.419181839999999,1,0,2018,9
2018-09-05,300.87277,297.8135,299.39082625,296.8509079166667,0.004259586336,24,27.722770000000025,24.6635,26.240826249999998,23.700907916666722,85.9310509427389,4.259586336,1,0,2018,9
2018-09-06,301.4346,297.73712,299.423255,296.705825,0.004174232486,24,28.28460000000001,24.587120000000027,26.273255000000006,23.555825000000027,85.01942396137908,4.174232485999999,1,0,2018,9
2018-09-07,300.48456,297.57306,299.06083541666663,296.48375208333334,0.004114627831,24,27.33456000000001,24.42306000000002,25.910835416666657,23.333752083333366,85.70629097823546,4.114627831,1,0,2018,9
2018-09-08,301.3028,297.36023,299.3986120833333,296.24475708333335,0.003267765045,24,28.152800000000013,24.210230000000024,26.24861208333334,23.094757083333377,82.80368534941931,3.267765045,1,0,2018,9
2018-09-09,301.38135,297.35428,299.3677695833333,296.0336916666667,0.002748012527,24,28.23135000000002,24.20428000000004,26.217769583333336,22.88369166666672,81.90080391527002,2.7480125269999998,1,0,2018,9
2018-09-10,302.02856,297.67596,299.831085,296.04353499999996,0.001487731937,24,28.87856000000005,24.525959999999998,26.681084999999996,22.893534999999986,79.73829302745526,1.4877319370000002,1,0,2018,9
2018-09-11,302.05884,297.1182,299.841795,296.06999,0.0008974075405,24,28.908839999999998,23.968200000000024,26.691795000000013,22.91999000000004,79.81588139475808,0.8974075405,0,0,2018,9
2018-09-12,301.47946,296.92688,299.4427366666667,295.96605,0.0015420913568,24,28.32946000000004,23.776880000000006,26.292736666666713,22.81605000000002,81.20474347886872,1.5420913567999999,1,0,2018,9
2018-09-13,301.79132,296.80054,299.5783475,296.17128291666666,0.0012392997721,24,28.641320000000007,23.650540000000035,26.42834750000003,23.021282916666678,81.56517690106752,1.2392997720999999,1,0,2018,9
2018-09-14,302.057,297.67566,299.85729833333335,296.54143,0.002233505255,24,28.90700000000004,24.525660000000016,26.70729833333337,23.391430000000014,82.05059873804512,2.233505255,1,0,2018,9
2018-09-15,301.99512,297.9272,299.8374420833333,296.80725416666667,0.00258207321,24,28.84512000000001,24.77720000000005,26.687442083333337,23.65725416666669,83.4750036622589,2.58207321,1,0,2018,9
2018-09-16,302.18723,298.18567,300.16711625,296.97126333333335,0.002071857454,24,29.037230000000022,25.03567000000004,27.017116250000015,23.821263333333377,82.68359266705347,2.071857454,1,0,2018,9
2018-09-17,302.5157,297.37808,300.0098704166667,296.74143291666667,0.001959323882,24,29.365700000000004,24.228080000000034,26.859870416666695,23.59143291666669,82.30418518516494,1.959323882,1,0,2018,9
2018-09-18,302.4229,296.86578,299.61447833333335,296.36570875,0.0016412735074,24,29.27290000000005,23.715779999999995,26.464478333333375,23.215708750000033,82.35484237185402,1.6412735074,1,0,2018,9
2018-09-19,302.37268,297.9826,299.8657979166667,296.4714804166667,0.001740455631,24,29.222680000000025,24.832600000000014,26.715797916666702,23.321480416666702,81.66364299347146,1.740455631,1,0,2018,9
2018-09-20,302.66217,298.21704,300.03784041666665,296.99661875,0.005823135404,24,29.512170000000026,25.06704000000002,26.887840416666677,23.846618750000005,83.44203473913342,5.823135404,1,0,2018,9
2018-09-21,303.04364,298.74634,300.82670875,298.15722708333334,0.002958297725,24,29.893640000000005,25.596339999999998,27.676708750000046,25.007227083333362,85.4068009785109,2.958297725,1,0,2018,9
2018-09-22,302.04584,299.2952,300.60173208333333,297.7242066666667,0.00267505646,24,28.89584000000002,26.145200000000045,27.451732083333354,24.574206666666726,84.32817058691083,2.6750564600000004,1,0,2018,9
2018-09-23,302.75195,299.1703,300.718575,297.45723291666667,0.0022783279445,24,29.601950000000045,26.02030000000002,27.56857500000001,24.307232916666692,82.42352020393149,2.2783279445,1,0,2018,9
2018-09-24,302.55383,298.71002,300.71213416666666,297.61663708333333,0.00188255311336,24,29.403830000000028,25.56002000000001,27.56213416666668,24.466637083333353,83.24642887683133,1.88255311336,1,0,2018,9
2018-09-25,303.63348,298.71533,300.89080541666664,297.52110541666667,0.000532150269,24,30.483480000000043,25.565330000000017,27.74080541666666,24.371105416666694,81.91014756729435,0.5321502690000001,0,0,2018,9
2018-09-26,303.8431,298.38312,300.8490983333333,297.42023166666667,3.33786012e-06,24,30.693100000000015,25.233120000000042,27.699098333333325,24.27023166666669,81.61486503258152,0.00333786012,0,0,2018,9
2018-09-27,304.22247,299.30634,301.63470624999997,298.7576658333333,0.0001411438007,24,31.07247000000001,26.15634,28.484706249999988,25.60766583333333,84.44023221272991,0.1411438007,0,0,2018,9
2018-09-28,304.95245,299.71277,301.5002141666667,298.92851375000004,0.00108480451716,24,31.80245000000002,26.56277,28.350214166666717,25.77851375000006,85.97138366679746,1.0848045171599998,1,0,2018,9
2018-09-29,305.42908,299.11316,301.94449249999997,298.7944479166667,1.28746034e-05,24,32.27908000000002,25.963160000000016,28.79449249999999,25.644447916666707,83.11551852251556,0.0128746034,0,0,2018,9
2018-09-30,305.75214,299.9322,302.91430958333336,298.21122125,1.52587891e-05,24,32.60214000000002,26.782200000000046,29.764309583333386,25.061221250000017,75.90137834110448,0.015258789099999998,0,0,2018,9
2018-10-01,305.9745,299.9096,302.69861208333333,298.2041170833333,3.67164615e-05,24,32.8245,26.759600000000034,29.548612083333353,25.054117083333324,76.81878739423857,0.0367164615,0,0,2018,10
2018-10-02,305.91858,299.76898,302.51158416666664,297.94274125,0.00021839141766,24,32.76858000000004,26.618980000000022,29.36158416666666,24.792741250000006,76.4503616768013,0.21839141766,0,0,2018,10
2018-10-03,304.42902,299.59747,302.1943420833333,298.77488208333335,0.001088619255,24,31.279020000000003,26.44747000000001,29.044342083333333,25.624882083333375,81.82505876578746,1.088619255,1,0,2018,10
2018-10-04,305.185,299.12732,302.2072425,298.39186333333333,0.0072636603683,24,32.035000000000025,25.97732000000002,29.05724250000003,25.241863333333356,79.92194060792518,7.2636603683,1,0,2018,10
2018-10-05,306.17615,299.67163,302.7600379166667,297.96270583333336,0.0002174377446,24,33.02615000000003,26.521630000000016,29.610037916666727,24.812705833333382,75.45149028532165,0.2174377446,0,0,2018,10
2018-10-06,307.41846,299.8263,302.9120091666667,297.82994333333335,0.0,24,34.268460000000005,26.676300000000026,29.7620091666667,24.67994333333337,74.20190434225053,0.0,0,0,2018,10
2018-10-07,307.88712,299.35867,302.854495,297.6607925,0.0,24,34.737120000000004,26.20867000000004,29.70449500000001,24.510792500000036,73.69822147355568,0.0,0,0,2018,10
2018-10-08,305.6671,299.51508,302.3317016666667,298.7815283333333,0.0013494491413,24,32.51710000000003,26.365080000000034,29.181701666666697,25.631528333333335,81.20898526106427,1.3494491413,1,0,2018,10
2018-10-09,304.43707,299.8076,301.9354129166667,298.77019583333333,0.0006790161083,24,31.28707000000003,26.657600000000002,28.7854129166667,25.620195833333355,83.03960896425346,0.6790161083,0,0,2018,10
2018-10-10,304.9417,299.98157,302.12615625,298.80999833333334,0.00016498565946,24,31.79170000000005,26.83157,28.97615625000003,25.659998333333363,82.32048464472786,0.16498565946,0,0,2018,10
2018-10-11,304.65598,299.83835,301.9270208333333,298.862465,1.4305114600000002e-06,24,31.505980000000022,26.688350000000014,28.777020833333324,25.71246500000001,83.53655989487461,0.00143051146,0,0,2018,10
2018-10-12,305.69043,299.48395,302.10202208333334,298.507975,4.76837158e-06,24,32.540430000000015,26.333950000000016,28.95202208333336,25.35797500000001,80.96859755695499,0.00476837158,0,0,2018,10
2018-10-13,306.52148,299.25323,302.178115,298.29616208333334,4.7683716e-07,24,33.37148000000002,26.103229999999996,29.028115000000014,25.146162083333365,79.6015992972768,0.00047683716000000004,0,0,2018,10
2018-10-14,306.41046,298.7119,301.87131916666664,297.19502125,0.0,24,33.26046000000002,25.561900000000037,28.72131916666666,24.045021250000048,75.86153411999835,0.0,0,0,2018,10
2018-10-15,306.9169,298.07825,302.13531666666665,295.9243241666667,0.0,24,33.76690000000002,24.928250000000048,28.985316666666677,22.774324166666702,69.18964306794138,0.0,0,0,2018,10
2018-10-16,305.48965,298.3081,301.9109104166667,296.53880875,0.0,24,32.339650000000006,25.158100000000047,28.760910416666718,23.38880875000001,72.75298114965905,0.0,0,0,2018,10
2018-10-17,303.973,298.80243,301.1673720833333,297.9845625,0.0008068084789000001,24,30.823000000000036,25.652430000000038,28.017372083333328,24.834562500000004,82.86455216767972,0.8068084789000001,0,0,2018,10
2018-10-18,303.20758,299.47104,301.1737820833333,297.58207875,0.00189018249,24,30.05758000000003,26.32104000000004,28.023782083333344,24.432078750000016,80.86218473946504,1.89018249,1,0,2018,10
2018-10-19,305.02527,298.6015,301.59157708333333,297.64085125,0.000586986548,24,31.87527,25.45150000000001,28.441577083333357,24.49085125000005,79.19576122425272,0.586986548,0,0,2018,10
2018-10-20,305.83212,298.689,301.95457708333333,297.42114,0.00013351440509999998,24,32.68212,25.539000000000044,28.804577083333356,24.271140000000003,76.52806141869172,0.13351440509999998,0,0,2018,10
2018-10-21,305.50085,298.97256,302.048695,298.5978891666667,1.573562602e-05,24,32.35085000000004,25.82256000000001,28.898695000000032,25.447889166666698,81.65501694556113,0.01573562602,0,0,2018,10
2018-10-22,307.4605,298.6356,302.2984358333333,297.1402570833333,0.0,24,34.31050000000005,25.485600000000034,29.148435833333338,23.990257083333347,73.76297356142898,0.0,0,0,2018,10
2018-10-23,307.38263,298.15692,302.0268970833333,295.13417791666666,0.0,24,34.23263000000003,25.006920000000036,28.876897083333347,21.98417791666668,66.35667073316553,0.0,0,0,2018,10
2018-10-24,306.97852,296.54938,301.65635208333333,293.34684375,0.0,24,33.828520000000026,23.399380000000008,28.506352083333354,20.196843750000028,60.746784061678795,0.0,0,0,2018,10
2018-10-25,305.95502,297.2425,301.6212716666667,296.217715,2.8133393e-05,24,32.80502000000001,24.09250000000003,28.471271666666723,23.06771500000002,72.56485815302929,0.028133393000000003,0,0,2018,10
2018-10-26,307.1865,298.80936,302.10513166666664,294.85041375,1.52587886e-05,24,34.036500000000046,25.65936000000005,28.95513166666666,21.700413749999996,64.92073687737317,0.0152587886,0,0,2018,10
2018-10-27,307.34088,297.82166,301.79221583333333,293.53755333333334,0.0,24,34.19088000000005,24.67166000000003,28.642215833333353,20.387553333333358,60.983846523939455,0.0,0,0,2018,10
2018-10-28,307.5636,297.13586,301.80338624999996,292.91200875,0.0,24,34.41360000000003,23.985860000000002,28.653386249999983,19.762008750000007,58.628309501912,0.0,0,0,2018,10
2018-10-29,307.18152,296.06192,301.261665,290.01169875,0.0,24,34.03152,22.91192000000001,28.111665000000016,16.861698750000016,50.43520610281061,0.0,0,0,2018,10
2018-10-30,305.95184,295.3985,300.42465791666666,289.80975874999996,0.0,24,32.80184000000003,22.248500000000035,27.274657916666683,16.65975874999998,52.291275330108355,0.0,0,0,2018,10
2018-10-31,306.03864,295.88232,300.5210925,291.25410500000004,0.0,24,32.88864000000001,22.732320000000016,27.37109250000003,18.10410500000006,56.96762876583508,0.0,0,0,2018,10
2018-11-01,306.36194,296.17484,301.07992541666664,292.71798083333334,0.0,24,33.21194000000003,23.02484000000004,27.929925416666663,19.567980833333365,60.41889177468467,0.0,0,0,2018,11
2018-11-02,306.9118,296.67072,301.3597016666667,294.38675125000003,0.0,24,33.76180000000005,23.52072000000004,28.209701666666717,21.236751250000054,65.89597539657814,0.0,0,0,2018,11
2018-11-03,305.86896,298.07373,302.0293679166667,295.5274283333333,0.00038194655516,24,32.71896000000004,24.923730000000035,28.879367916666695,22.37742833333334,67.95677981361452,0.38194655516,0,0,2018,11
2018-11-04,306.8015,299.41193,302.60449625,297.1810325,3.242492676e-05,24,33.6515,26.261930000000007,29.454496250000034,24.031032500000038,72.6471057954483,0.03242492676,0,0,2018,11
2018-11-05,305.973,299.75836,302.3504654166667,296.5130216666667,0.0001196861257,24,32.823000000000036,26.608360000000005,29.200465416666702,23.363021666666725,70.81275963969529,0.1196861257,0,0,2018,11
2018-11-06,307.0413,299.599,302.68464416666666,296.63439416666665,0.0,24,33.8913,26.449000000000012,29.53464416666668,23.484394166666675,69.96936911944137,0.0,0,0,2018,11
2018-11-07,307.4639,298.19925,302.2040425,292.89322625,0.0,24,34.31390000000005,25.04925000000003,29.054042500000037,19.74322625000002,57.21472480888547,0.0,0,0,2018,11
2018-11-08,306.59076,297.19812,301.29060208333334,292.1950008333333,0.0,24,33.44076000000001,24.04812000000004,28.140602083333363,19.045000833333347,57.76758595185251,0.0,0,0,2018,11
2018-11-09,306.80505,296.21466,301.10828541666666,294.8136508333333,0.0,24,33.65505000000002,23.064660000000003,27.958285416666683,21.66365083333335,68.64233068839181,0.0,0,0,2018,11
2018-11-10,306.58978,296.78577,301.13016458333334,294.01608416666664,0.0,24,33.43978000000004,23.635770000000036,27.980164583333362,20.866084166666667,65.27953739133925,0.0,0,0,2018,11
2018-11-11,306.46252,297.32864,300.87969875,292.7470333333333,0.0,24,33.312520000000006,24.17864000000003,27.72969875000001,19.597033333333343,61.24057559251582,0.0,0,0,2018,11
2018-11-12,306.26672,296.40973,300.75699125,293.1234004166667,0.0,24,33.11672000000004,23.259730000000047,27.60699125000002,19.97340041666672,63.139792728487244,0.0,0,0,2018,11
2018-11-13,305.34494,295.32333,299.84819458333334,293.4140820833333,0.0,24,32.19494000000003,22.17333000000002,26.69819458333336,20.264082083333335,67.81126207154794,0.0,0,0,2018,11
2018-11-14,304.33612,295.177,299.20337708333335,294.5723254166667,4.7683716e-07,24,31.186120000000017,22.027000000000044,26.053377083333373,21.422325416666695,75.65167667591639,0.00047683716000000004,0,0,2018,11
2018-11-15,306.08588,295.14435,300.17753208333335,293.3195170833333,0.0,24,32.93588,21.994349999999997,27.02753208333337,20.169517083333346,66.12137483406133,0.0,0,0,2018,11
2018-11-16,306.57538,294.55853,300.121765,290.67286666666666,0.0,24,33.42538000000002,21.40853000000004,26.971765000000005,17.522866666666687,56.222168123736985,0.0,0,0,2018,11
2018-11-17,306.30023,294.08636,299.7894341666667,291.39108833333336,0.0,24,33.15023000000002,20.936360000000036,26.639434166666717,18.24108833333338,59.986116319027104,0.0,0,0,2018,11
2018-11-18,305.35333,296.1257,300.03918458333334,293.40532083333335,0.0,24,32.20333000000005,22.975700000000018,26.88918458333336,20.25532083333337,67.0164730295387,0.0,0,0,2018,11
2018-11-19,303.36313,296.86142,300.09324291666667,296.34946833333333,0.0,24,30.213130000000035,23.711420000000032,26.94324291666669,23.199468333333357,79.98509142849095,0.0,0,0,2018,11
2018-11-20,303.99582,297.83176,300.76363,296.2079870833333,3.3378600600000002e-06,24,30.845820000000003,24.681759999999997,27.61363,23.05798708333333,76.24390126720812,0.0033378600600000004,0,0,2018,11
2018-11-21,305.56317,297.73322,301.4014833333333,296.0057275,2.3841858100000003e-05,24,32.41317000000004,24.58322000000004,28.25148333333334,22.8557275,72.56115019472378,0.023841858100000002,0,0,2018,11
2018-11-22,306.01724,298.07172,301.66889333333336,295.18627291666667,0.0,24,32.86724000000004,24.92172000000005,28.51889333333338,22.03627291666669,67.96642504740153,0.0,0,0,2018,11
2018-11-23,306.3057,296.55624,300.8707729166667,292.61315458333337,0.0,24,33.155700000000024,23.406240000000025,27.720772916666704,19.46315458333339,60.764518173418324,0.0,0,0,2018,11
2018-11-24,306.15833,295.41473,300.3880708333333,291.81036166666667,0.0,24,33.00833,22.264730000000043,27.238070833333325,18.660361666666688,59.45297086381226,0.0,0,0,2018,11
2018-11-25,305.46683,295.66522,300.05920875,292.6646104166667,0.0,24,32.31683000000004,22.51522,26.909208750000005,19.5146104166667,63.931924410223814,0.0,0,0,2018,11
2018-11-26,305.69537,295.2448,300.085975,292.7327325,0.0,24,32.54537000000005,22.09480000000002,26.93597500000004,19.58273250000002,64.10228095233283,0.0,0,0,2018,11
2018-11-27,305.69733,294.72556,299.74142375,291.81537083333336,0.0,24,32.547330000000045,21.575559999999996,26.591423750000047,18.665370833333384,61.77805072262867,0.0,0,0,2018,11
2018-11-28,305.23044,294.77667,299.4570616666667,291.09155125,0.0,24,32.08044000000001,21.626670000000047,26.307061666666698,17.941551250000032,60.033346723738795,0.0,0,0,2018,11
2018-11-29,304.89542,293.7176,299.1525654166667,290.72481166666665,0.0,24,31.745420000000024,20.567600000000027,26.002565416666698,17.574811666666676,59.727931849996686,0.0,0,0,2018,11
2018-11-30,305.0278,293.57584,299.1272554166667,290.68385083333334,0.0,24,31.877800000000036,20.42584000000005,25.977255416666708,17.53385083333336,59.66306693968543,0.0,0,0,2018,11
2018-12-01,304.64117,293.35727,298.7773066666667,290.53166791666666,0.0,24,31.49117000000001,20.20727000000005,25.627306666666698,17.381667916666686,60.331809753293214,0.0,0,0,2018,12
2018-12-02,304.20862,293.56464,298.30635958333335,290.53130541666667,0.0,24,31.05862000000002,20.41464000000002,25.15635958333337,17.38130541666669,62.04513051156492,0.0,0,0,2018,12
2018-12-03,304.305,295.023,299.0221625,291.5166875,0.0,24,31.15500000000003,21.873000000000047,25.8721625,18.366687500000012,63.26707024210866,0.0,0,0,2018,12
2018-12-04,304.58862,294.94836,299.4262370833333,291.85227541666666,0.0,24,31.438620000000014,21.798360000000002,26.276237083333342,18.70227541666668,63.08417298588385,0.0,0,0,2018,12
2018-12-05,304.58704,296.60022,299.8763083333333,292.8136775,0.0,24,31.437040000000025,23.45022,26.72630833333335,19.663677500000006,65.22578607986895,0.0,0,0,2018,12
2018-12-06,304.4184,294.91766,299.3228854166667,292.36238541666665,0.0,24,31.268400000000042,21.767660000000035,26.172885416666702,19.212385416666677,65.52586831688534,0.0,0,0,2018,12
2018-12-07,304.02246,295.36493,299.3339875,291.92637541666664,0.0,24,30.872460000000046,22.214930000000038,26.1839875,18.776375416666667,63.72402513651808,0.0,0,0,2018,12
2018-12-08,304.29272,295.30048,298.95234958333333,291.6988529166667,0.0,24,31.142719999999997,22.150480000000016,25.802349583333353,18.548852916666704,64.25937555476061,0.0,0,0,2018,12
2018-12-09,303.74414,294.43677,298.2299775,289.91498041666665,0.0,24,30.59414000000004,21.286770000000047,25.07997750000004,16.764980416666674,59.941003225661284,0.0,0,0,2018,12
2018-12-10,302.6081,293.4312,297.43685458333334,289.32018166666666,0.0,24,29.4581,20.281200000000013,24.286854583333366,16.17018166666668,60.51799019292996,0.0,0,0,2018,12
2018-12-11,302.63794,292.10504,297.0134620833333,288.88137625,0.0,24,29.487940000000037,18.955039999999997,23.86346208333333,15.73137625000004,60.360629137745434,0.0,0,0,2018,12
2018-12-12,302.31305,293.32867,297.2400979166667,291.29260125,0.0,24,29.16305,20.17867000000001,24.090097916666707,18.14260125000004,69.38473944277379,0.0,0,0,2018,12
2018-12-13,302.87115,292.93472,297.44906541666666,288.69895125,0.0,24,29.721150000000023,19.78472000000005,24.29906541666668,15.548951250000016,58.11780309426153,0.0,0,0,2018,12
2018-12-14,303.58612,292.95172,298.27442333333335,287.51032291666667,0.0,24,30.436120000000017,19.801720000000046,25.124423333333368,14.36032291666669,51.241216689850546,0.0,0,0,2018,12
2018-12-15,303.59045,296.22385,299.31924499999997,288.43729375,0.0,24,30.44045,23.07385000000005,26.16924499999999,15.287293750000003,51.12402460392613,0.0,0,0,2018,12
2018-12-16,302.8753,295.25052,298.469715,288.57043541666667,0.0,24,29.725300000000004,22.100520000000017,25.31971500000003,15.420435416666692,54.22956369086663,0.0,0,0,2018,12
2018-12-17,301.56842,292.48584,296.51964291666667,286.8047608333333,0.0,24,28.418420000000026,19.33584000000002,23.36964291666669,13.654760833333341,54.38471941377072,0.0,0,0,2018,12
2018-12-18,302.55804,291.9311,296.62166916666666,289.05680624999997,0.0,24,29.408040000000028,18.781100000000038,23.471669166666686,15.906806249999988,62.500756026407686,0.0,0,0,2018,12
2018-12-19,301.81104,291.31305,296.10789375,288.11743625,0.0,24,28.661040000000014,18.16305,22.95789375000004,14.967436250000048,60.70173631966469,0.0,0,0,2018,12
2018-12-20,301.80383,290.33823,295.7763166666667,287.21650875,0.0,24,28.653830000000028,17.188230000000033,22.626316666666696,14.066508750000025,58.431983764941954,0.0,0,0,2018,12
2018-12-21,303.01752,291.42834,296.78845125000004,289.9358691666667,0.0,24,29.867520000000013,18.278340000000014,23.63845125000006,16.785869166666714,65.44002990838693,0.0,0,0,2018,12
2018-12-22,303.55322,292.2904,297.55256333333335,289.75510875000003,0.0,24,30.403220000000033,19.1404,24.402563333333376,16.605108750000056,61.78789790912254,0.0,0,0,2018,12
2018-12-23,303.50787,293.47104,297.94982791666666,290.22641833333336,0.0,24,30.357870000000048,20.32104000000004,24.799827916666686,17.07641833333338,62.168405142880076,0.0,0,0,2018,12
2018-12-24,303.84552,293.55762,298.4299104166667,291.83266541666666,0.0,24,30.695520000000045,20.40762000000001,25.279910416666723,18.68266541666668,66.8440885576441,0.0,0,0,2018,12
2018-12-25,303.03894,294.2385,298.13285041666666,291.91851541666665,0.0,24,29.888940000000048,21.08850000000001,24.98285041666668,18.768515416666673,68.4050527047795,0.0,0,0,2018,12
2018-12-26,301.80887,293.30566,296.8663045833333,286.82996833333334,0.0,24,28.658870000000036,20.15566000000001,23.71630458333334,13.679968333333363,53.34643511765698,0.0,0,0,2018,12
2018-12-27,301.37042,290.57617,295.11859250000003,283.0705004166667,0.0,24,28.220420000000047,17.426170000000013,21.968592500000057,9.920500416666698,46.27600599692465,0.0,0,0,2018,12
2018-12-28,301.18164,289.18866,294.71473208333333,284.16747583333336,0.0,24,28.03164000000004,16.03866000000005,21.564732083333354,11.017475833333378,51.03414515758987,0.0,0,0,2018,12
2018-12-29,301.91455,288.96536,295.1486433333333,284.08494,0.0,24,28.764550000000042,15.815359999999998,21.998643333333348,10.93494000000004,49.42626762884309,0.0,0,0,2018,12
2018-12-30,302.67245,289.36368,295.4161941666667,284.2017525,0.0,24,29.52245000000005,16.21368000000001,22.266194166666708,11.05175250000002,49.00525189793889,0.0,0,0,2018,12
2018-12-31,302.43076,289.75388,295.59677625,285.59391666666664,0.0,24,29.280760000000043,16.603880000000004,22.446776250000028,12.443916666666667,53.13705964241044,0.0,0,0,2018,12
