ward,date,cases_lag_1,cases_lag_2,cases_lag_3,cases_lag_12,cases_roll_3,cases_roll_6,rain_lag_1,rain_3m_lag,rainy_days_lag_1,heavy_rain_days_lag_1,tmax_lag_1,tmin_lag_1,humidity_lag_1,oni_lag_1,month_sin,month_cos,slum_pct_imputed,population_density_per_km2,elevation_m,vulnerability_index,population_2019,predicted_cases,lower_80,upper_80,latest_annual_cases,calibration_scale,scenario,enso_value,climate_rain_mm_lag1,climate_temp_lag1,q50,q75,q90,slum_pct,risk_score,risk_level,priority_score,predicted_cases_per_100k
G/S,2026-01-01,644.045482801492,601.2715499378368,553.35391628678,582.321073352673,599.5569830087029,718.9901056775798,2.1822886024563632,82.78471772438908,0.45454545454545453,0.0,30.37638630498536,20.1728817302053,63.58732870534057,0.0,0.49999999999999994,0.8660254037844387,21.0,41858.76936999277,7.0,49.35034752315354,390890.0,583.3104236467136,505.4264414714528,703.1042488510703,7839.0,1.001996486387063,typical,0.0,2.1822886024563632,30.37638630498536,445.5,569.25,725.7,21.0,78.03030303030303,High,70.86031415351566,149.22623337683584
E,2026-01-01,456.2041291429272,500.5755682166269,452.260001225265,400.00030631624094,469.6798995282731,505.0674916784089,2.1822886024563632,82.78471772438908,0.45454545454545453,0.0,30.37638630498536,20.1728817302053,63.58732870534057,0.0,0.49999999999999994,0.8660254037844387,20.0,55680.01825933636,11.0,55.761109348493214,406967.0,443.1812687625521,344.7577858623829,554.8796769696845,5365.0,0.9885932517551124,typical,0.0,2.1822886024563632,30.37638630498536,306.0,443.25,675.0000000000002,20.0,75.0,High,70.1902773371233,108.89857623899532
R/N,2026-01-01,124.23750287952083,123.49020962911771,115.45680718728403,120.50103662750519,121.06150656530752,145.62877217231053,2.1822886024563632,82.78471772438908,0.45454545454545453,0.0,30.37638630498536,20.1728817302053,63.58732870534057,0.0,0.49999999999999994,0.8660254037844387,51.0,31330.65518222099,11.0,76.65413963198206,446374.0,122.82349993901104,90.69229332920713,161.7786437988552,1622.0,0.97518594977642,typical,0.0,2.1822886024563632,30.37638630498536,84.5,137.25,183.60000000000002,51.0,65.9090909090909,Medium,68.5953530898137,27.515827521094653
M/E,2026-01-01,418.9095574085953,363.46766852988793,404.7395461070894,413.26906747304434,395.70559068185753,434.5699420670556,2.1822886024563632,82.78471772438908,0.45454545454545453,0.0,30.37638630498536,20.1728817302053,63.58732870534057,0.0,0.49999999999999994,0.8660254037844387,30.0,25140.114655526762,29.0,38.831176497016315,835819.0,409.4834246649233,339.9645156797011,483.4480896473752,4504.0,1.0015566153463125,typical,0.0,2.1822886024563632,30.37638630498536,351.5,510.0,711.0000000000002,30.0,60.60606060606061,Medium,55.16233957879953,48.99187798613375
A,2026-01-01,118.72630780894617,89.90447308567096,99.07505686125853,107.42683851402577,102.56861258529189,116.4336618650493,2.1822886024563632,82.78471772438908,0.45454545454545453,0.0,30.37638630498536,20.1728817302053,63.58732870534057,0.0,0.49999999999999994,0.8660254037844387,34.0,16997.556497721376,0.0,51.287740727275576,191450.0,105.09145430894372,76.92034059911114,138.62662896464963,1296.0,0.9677901036276229,typical,0.0,2.1822886024563632,30.37638630498536,118.0,151.0,192.50000000000003,34.0,40.15151515151515,Low,42.935571545455254,54.892376238675226
P/N,2026-01-01,206.4021366659948,183.56924007256603,199.1535980649063,196.6166095545253,196.3749916011557,245.36303164684543,2.1822886024563632,82.78471772438908,0.45454545454545453,0.0,30.37638630498536,20.1728817302053,63.58732870534057,0.0,0.49999999999999994,0.8660254037844387,54.0,20751.61391657302,21.0,68.51752173761194,974114.0,183.91489901527711,145.56989347570544,237.43566231792266,2697.0,0.9649163332968834,typical,0.0,2.1822886024563632,30.37638630498536,236.5,303.75,381.70000000000005,54.0,22.727272727272727,Low,34.174834979857536,18.88022336351568
R/S,2026-01-01,31.25122381045623,26.697474055218322,29.644018014489916,36.78715488545134,29.19757196005482,39.570001958096725,2.1822886024563632,82.78471772438908,0.45454545454545453,0.0,30.37638630498536,20.1728817302053,63.58732870534057,0.0,0.49999999999999994,0.8660254037844387,58.0,38869.334356166,23.0,84.82276801582847,715275.0,35.47580962081842,19.690803735771272,54.666086768564426,456.0,0.806268400473146,typical,0.0,2.1822886024563632,30.37638630498536,126.5,180.5,293.5000000000001,58.0,12.878787878787879,Low,30.86478291304803,4.9597441013342305
M/W,2026-01-01,134.58844215215098,116.33196577189075,119.51623490798265,130.3427499706951,123.47888094400814,156.0291876685031,2.1822886024563632,82.78471772438908,0.45454545454545453,0.0,30.37638630498536,20.1728817302053,63.58732870534057,0.0,0.49999999999999994,0.8660254037844387,53.0,24370.643551681354,8.0,75.68490036817151,426222.0,135.5804318279268,116.75899892388696,163.81081685186882,1811.0,0.9883692592576139,typical,0.0,2.1822886024563632,30.37638630498536,208.5,298.5,405.30000000000007,53.0,15.909090909090908,Low,30.85304327386106,31.809815501763584
R/C,2026-01-01,207.1769916465773,202.00437293266805,199.55418512081627,217.93059370970454,202.91184990002057,220.29003382482108,2.1822886024563632,82.78471772438908,0.45454545454545453,0.0,30.37638630498536,20.1728817302053,63.58732870534057,0.0,0.49999999999999994,0.8660254037844387,19.0,12054.163795161348,11.0,24.758916206328827,581718.0,205.95453789097314,157.42426979768152,241.81528788712205,2428.0,0.989096474498806,typical,0.0,2.1822886024563632,30.37638630498536,237.0,319.0,357.9,19.0,32.57575757575758,Low,30.621547233400392,35.40453241793672
L,2026-01-01,456.01839144519136,430.6518861681006,451.5816642864607,437.982131039047,446.08398063325086,490.4191020237556,2.1822886024563632,82.78471772438908,0.45454545454545453,0.0,30.37638630498536,20.1728817302053,63.58732870534057,0.0,0.49999999999999994,0.8660254037844387,54.0,59247.16505912701,14.0,97.98623146836815,933611.0,455.94183782132114,341.9911799231118,558.8375872336917,5538.0,0.9857708936863298,typical,0.0,2.1822886024563632,30.37638630498536,886.5,1038.25,1224.8000000000002,54.0,7.575757575757576,Low,30.178376048910216,48.83638237138606
G/N,2026-01-01,222.31684905187538,203.12488513908616,235.19096149026817,185.2441734190962,220.2108985604099,258.9127057054549,2.1822886024563632,82.78471772438908,0.45454545454545453,0.0,30.37638630498536,20.1728817302053,63.58732870534057,0.0,0.49999999999999994,0.8660254037844387,32.0,70386.32902931391,13.0,79.41957984524025,619878.0,216.1913141550974,181.16176937199754,243.06689690746364,2854.0,0.9723801736603143,typical,0.0,2.1822886024563632,30.37638630498536,344.5,431.25,580.8000000000002,32.0,9.848484848484848,Low,27.2412585976737,34.87642958051381
N,2026-01-01,92.74750368536701,85.41192668205711,85.78549773315162,97.23035629850081,87.98164270019191,112.1958390120435,2.1822886024563632,82.78471772438908,0.45454545454545453,0.0,30.37638630498536,20.1728817302053,63.58732870534057,0.0,0.49999999999999994,0.8660254037844387,62.0,24965.570277936793,4.0,88.80171457911482,644521.0,91.44943983378191,73.89802264730889,107.70876169122907,1221.0,0.9632398949549266,typical,0.0,2.1822886024563632,30.37638630498536,535.5,642.75,825.9,62.0,6.0606060606060606,Low,26.74588319023325,14.18874479400701
B,2026-01-01,89.39687370314014,96.71116336976068,105.0006916585973,95.08576566606722,97.03624291049937,104.24217273020703,2.1822886024563632,82.78471772438908,0.45454545454545453,0.0,30.37638630498536,20.1728817302053,63.58732870534057,0.0,0.49999999999999994,0.8660254037844387,11.0,49312.29159982718,8.0,41.88241156212007,131718.0,84.94785595974966,65.07351161163783,109.29843956264797,1175.0,0.9795788760766866,typical,0.0,2.1822886024563632,30.37638630498536,119.0,150.75,171.0,11.0,20.454545454545457,Low,25.81151198143911,64.49221515643242
C,2026-01-01,24.50365466832161,25.926906633567782,28.868294028409874,24.930630257895462,26.43295177676642,29.86457040408219,2.1822886024563632,82.78471772438908,0.45454545454545453,0.0,30.37638630498536,20.1728817302053,63.58732870534057,0.0,0.49999999999999994,0.8660254037844387,39.0,89447.24562784938,15.0,100.0,171941.0,28.81230403866668,14.74481150611651,39.41590791026792,344.0,0.57970542451328,typical,0.0,2.1822886024563632,30.37638630498536,191.0,245.0,288.0,,0.7575757575757576,Low,25.568181818181817,16.757087628120505
S,2026-01-01,199.92539351108255,170.69394474783164,160.06432701574045,208.87198843559267,176.89455509155155,192.91279847949457,2.1822886024563632,82.78471772438908,0.45454545454545453,0.0,30.37638630498536,20.1728817302053,63.58732870534057,0.0,0.49999999999999994,0.8660254037844387,72.0,25742.327721822323,18.0,95.07507283047032,769657.0,178.9372510200921,146.01724897996232,250.95403448993673,2206.0,1.0383821745317885,typical,0.0,2.1822886024563632,30.37638630498536,344.5,434.5,517.8,72.0,0.7575757575757576,Low,24.336950025799396,23.248960383663384
F/N,2026-01-01,90.11553820214749,76.25876297808145,97.18342355133551,88.62756233916052,87.85257491052148,95.50945070547517,2.1822886024563632,82.78471772438908,0.45454545454545453,0.0,30.37638630498536,20.1728817302053,63.58732870534057,0.0,0.49999999999999994,0.8660254037844387,58.0,44351.2179713998,11.0,94.01830303515386,547438.0,84.89844444335944,60.78774665875981,109.577809857741,1048.0,0.9912229790641491,typical,0.0,2.1822886024563632,30.37638630498536,210.5,281.5,415.30000000000007,58.0,0.7575757575757576,Low,24.072757576970282,15.50832138860646
P/S,2026-01-01,36.88431061806656,28.915478077126256,26.980190174326466,43.7147385103011,30.926659623173094,35.21465046663145,2.1822886024563632,82.78471772438908,0.45454545454545453,0.0,30.37638630498536,20.1728817302053,63.58732870534057,0.0,0.49999999999999994,0.8660254037844387,57.0,18947.99258776129,13.0,74.55156987481263,479631.0,39.71605550843241,22.64482883894767,47.83625858053104,431.0,0.6938065216802108,typical,0.0,2.1822886024563632,30.37638630498536,68.5,84.0,110.80000000000001,57.0,5.303030303030303,Low,22.615165195975884,8.280543899045812
H/E,2026-01-01,184.70595167943426,183.02298173246905,188.07189157336475,209.88037713612258,185.26694166175602,200.92791200157137,2.1822886024563632,82.78471772438908,0.45454545454545453,0.0,30.37638630498536,20.1728817302053,63.58732870534057,0.0,0.49999999999999994,0.8660254037844387,42.0,46206.38850675846,5.0,78.64547148825885,576624.0,182.23243725946185,151.97741662207991,222.84991354934886,2261.0,1.0452336083598999,typical,0.0,2.1822886024563632,30.37638630498536,446.0,562.5,628.9,42.0,1.5151515151515151,Low,20.79773150842835,31.60333896255824
K/W,2026-01-01,154.0656574105052,118.51204416192708,135.3959518233523,175.0081967213115,135.99121779859487,160.5865255938441,2.1822886024563632,82.78471772438908,0.45454545454545453,0.0,30.37638630498536,20.1728817302053,63.58732870534057,0.0,0.49999999999999994,0.8660254037844387,15.0,31401.094940158986,4.0,36.309719599293075,774733.0,145.52528905188285,110.88132012501579,182.62533358924406,1941.0,1.0092975501098544,typical,0.0,2.1822886024563632,30.37638630498536,255.0,312.0,386.9,15.0,14.393939393939394,Low,19.872884445277816,18.783928018024643
K/E,2026-01-01,261.67729863060305,241.60222278926034,249.57965467381135,290.8694394828613,250.95305869789158,267.5654031168193,2.1822886024563632,82.78471772438908,0.45454545454545453,0.0,30.37638630498536,20.1728817302053,63.58732870534057,0.0,0.49999999999999994,0.8660254037844387,49.0,35404.028806505885,32.0,67.47412697353374,852546.0,244.82170204672198,216.70005119702319,296.8371131615991,3092.0,0.9844485120143874,typical,0.0,2.1822886024563632,30.37638630498536,550.5,641.75,805.2,49.0,0.0,Low,16.868531743383436,28.71653870251247
H/W,2026-01-01,92.22828282828283,93.0888888888889,108.0060606060606,123.06666666666666,97.77441077441078,109.5838383838384,2.1822886024563632,82.78471772438908,0.45454545454545453,0.0,30.37638630498536,20.1728817302053,63.58732870534057,0.0,0.49999999999999994,0.8660254037844387,39.0,35081.3916144126,16.0,62.419549628621816,318281.0,92.04500853003154,71.2720877757467,115.50288864315182,1278.0,0.9688994021038206,typical,0.0,2.1822886024563632,30.37638630498536,163.0,221.25,291.6,39.0,0.7575757575757576,Low,16.173069225337272,28.919416656989117
F/S,2026-01-01,36.39103840682788,35.658179231863436,36.597155049786636,42.71194879089616,36.21545756282598,43.234874348032236,2.1822886024563632,82.78471772438908,0.45454545454545453,0.0,30.37638630498536,20.1728817302053,63.58732870534057,0.0,0.49999999999999994,0.8660254037844387,26.0,37977.76498450448,29.0,42.75650366858393,373529.0,41.77717975589218,20.917444598719946,57.2747762397018,483.0,0.8315184529539577,typical,0.0,2.1822886024563632,30.37638630498536,355.0,436.0,571.7000000000002,26.0,1.5151515151515151,Low,11.82548955350962,11.18445415373162
D,2026-01-01,0.0,0.0,0.0,0.0,0.0,0.0,2.1822886024563632,82.78471772438908,0.45454545454545453,0.0,30.37638630498536,20.1728817302053,63.58732870534057,0.0,0.49999999999999994,0.8660254037844387,10.0,43438.070289872856,17.0,32.5715918586037,358933.0,0.0,0.0,145.2362252577349,0.0,0.35,typical,0.0,2.1822886024563632,30.37638630498536,373.0,456.0,570.3000000000002,10.0,0.0,Low,8.142897964650926,0.0
T,2026-01-01,66.32203553495557,79.05813055233682,91.41685979142527,73.58632676709155,78.93234195957255,92.69046929316339,2.1822886024563632,82.78471772438908,0.45454545454545453,0.0,30.37638630498536,20.1728817302053,63.58732870534057,0.0,0.49999999999999994,0.8660254037844387,33.0,8200.969947931737,97.0,0.0,353343.0,84.30487022757067,60.29610639828581,98.57034499952168,977.0,1.0036294074710792,typical,0.0,2.1822886024563632,30.37638630498536,158.0,205.0,256.8,33.0,4.545454545454546,Low,3.409090909090909,23.859216180190543
G/S,2026-02-01,582.321073352673,644.045482801492,601.2715499378368,566.6192498963945,609.2127020306672,639.4883443845835,0.10828538344181818,17.501679340623635,0.0,0.0,29.35588208211146,18.853054809384187,63.067006729017365,0.0,0.8660254037844386,0.5000000000000001,21.0,41858.76936999277,7.0,49.35034752315354,390890.0,562.1293620839378,473.5377824467464,625.7497392210494,7839.0,1.001996486387063,typical,0.0,0.10828538344181818,29.35588208211146,445.5,569.25,725.7,21.0,72.72727272727273,Medium,66.88304142624293,143.8075576463808
E,2026-02-01,400.00030631624094,456.2041291429272,500.5755682166269,353.985480610182,452.26000122526494,465.6809920561988,0.10828538344181818,17.501679340623635,0.0,0.0,29.35588208211146,18.853054809384187,63.067006729017365,0.0,0.8660254037844386,0.5000000000000001,20.0,55680.01825933636,11.0,55.761109348493214,406967.0,399.83749416533277,330.66001122515434,482.03334608024915,5365.0,0.9885932517551124,typical,0.0,0.10828538344181818,29.35588208211146,306.0,443.25,675.0000000000002,20.0,70.45454545454545,Medium,66.7811864280324,98.2481366217243
R/N,2026-02-01,120.50103662750519,124.23750287952083,123.49020962911771,111.90716424786915,122.74291637871458,126.57279428703062,0.10828538344181818,17.501679340623635,0.0,0.0,29.35588208211146,18.853054809384187,63.067006729017365,0.0,0.8660254037844386,0.5000000000000001,51.0,31330.65518222099,11.0,76.65413963198206,446374.0,108.89944543365237,82.98180629874868,140.81188129759994,1622.0,0.97518594977642,typical,0.0,0.10828538344181818,29.35588208211146,84.5,137.25,183.60000000000002,51.0,60.60606060606061,Medium,64.61808036254097,24.39645800016407
M/E,2026-02-01,413.26906747304434,418.9095574085953,363.46766852988793,358.239897370109,398.5487644705092,414.2091491289695,0.10828538344181818,17.501679340623635,0.0,0.0,29.35588208211146,18.853054809384187,63.067006729017365,0.0,0.8660254037844386,0.5000000000000001,30.0,25140.114655526762,29.0,38.831176497016315,835819.0,390.3855241469269,324.4969621907928,474.62859644835066,4504.0,1.0015566153463125,typical,0.0,0.10828538344181818,29.35588208211146,351.5,510.0,711.0000000000002,30.0,58.333333333333336,Medium,53.45779412425408,46.70694542082998
R/C,2026-02-01,217.93059370970454,207.1769916465773,202.00437293266805,196.42338958345013,209.03731942964995,215.3442843527499,0.10828538344181818,17.501679340623635,0.0,0.0,29.35588208211146,18.853054809384187,63.067006729017365,0.0,0.8660254037844386,0.5000000000000001,19.0,12054.163795161348,11.0,24.758916206328827,581718.0,211.29307635690253,158.5009246813961,245.6905731562416,2428.0,0.989096474498806,typical,0.0,0.10828538344181818,29.35588208211146,237.0,319.0,357.9,19.0,37.878787878787875,Low,34.59881996067311,36.32225173656351
P/N,2026-02-01,196.6166095545253,206.4021366659948,183.56924007256603,185.0189477927837,195.52932876436205,215.58361889404023,0.10828538344181818,17.501679340623635,0.0,0.0,29.35588208211146,18.853054809384187,63.067006729017365,0.0,0.8660254037844386,0.5000000000000001,54.0,20751.61391657302,21.0,68.51752173761194,974114.0,169.85461578200693,140.34367144490975,237.95046619845834,2697.0,0.9649163332968834,typical,0.0,0.10828538344181818,29.35588208211146,236.5,303.75,381.70000000000005,54.0,18.939393939393938,Low,31.33392588894844,17.436831395710044
A,2026-02-01,107.42683851402577,118.72630780894617,89.90447308567096,96.4548900682335,105.35253980288098,106.85367702805156,0.10828538344181818,17.501679340623635,0.0,0.0,29.35588208211146,18.853054809384187,63.067006729017365,0.0,0.8660254037844386,0.5000000000000001,34.0,16997.556497721376,0.0,51.287740727275576,191450.0,92.1911981333085,71.60277788891426,115.4346231795937,1296.0,0.9677901036276229,typical,0.0,0.10828538344181818,29.35588208211146,118.0,151.0,192.50000000000003,34.0,24.242424242424242,Low,31.003753363637074,48.154190719931314
R/S,2026-02-01,36.78715488545134,31.25122381045623,26.697474055218322,35.715684354807124,31.57861758370863,32.977481887605244,0.10828538344181818,17.501679340623635,0.0,0.0,29.35588208211146,18.853054809384187,63.067006729017365,0.0,0.8660254037844386,0.5000000000000001,58.0,38869.334356166,23.0,84.82276801582847,715275.0,36.11983128488497,18.248526689993493,52.34716669055749,456.0,0.806268400473146,typical,0.0,0.10828538344181818,29.35588208211146,126.5,180.5,293.5000000000001,58.0,12.878787878787879,Low,30.86478291304803,5.04978243121666
B,2026-02-01,95.08576566606722,89.39687370314014,96.71116336976068,94.2730668142205,93.731267579656,101.99370590676442,0.10828538344181818,17.501679340623635,0.0,0.0,29.35588208211146,18.853054809384187,63.067006729017365,0.0,0.8660254037844386,0.5000000000000001,11.0,49312.29159982718,8.0,41.88241156212007,131718.0,89.32457681541527,63.52172701232239,110.1382654880517,1175.0,0.9795788760766866,typical,0.0,0.10828538344181818,29.35588208211146,119.0,150.75,171.0,11.0,24.242424242424242,Low,28.652421072348197,67.81501147558821
M/W,2026-02-01,130.3427499706951,134.58844215215098,116.33196577189075,125.46020396202086,127.0877192982456,133.13783065682023,0.10828538344181818,17.501679340623635,0.0,0.0,29.35588208211146,18.853054809384187,63.067006729017365,0.0,0.8660254037844386,0.5000000000000001,53.0,24370.643551681354,8.0,75.68490036817151,426222.0,130.79337636831258,110.69691969675944,164.46760836472788,1811.0,0.9883692592576139,typical,0.0,0.10828538344181818,29.35588208211146,208.5,298.5,405.30000000000007,53.0,12.878787878787879,Low,28.580316001133788,30.686678859447092
L,2026-02-01,437.982131039047,456.01839144519136,430.6518861681006,394.48291476540453,441.55080288411295,460.615869587934,0.10828538344181818,17.501679340623635,0.0,0.0,29.35588208211146,18.853054809384187,63.067006729017365,0.0,0.8660254037844386,0.5000000000000001,54.0,59247.16505912701,14.0,97.98623146836815,933611.0,426.766678799068,334.0693261082086,552.897055763451,5538.0,0.9857708936863298,typical,0.0,0.10828538344181818,29.35588208211146,886.5,1038.25,1224.8000000000002,54.0,5.303030303030303,Low,28.473830594364763,45.711402157758215
N,2026-02-01,97.23035629850081,92.74750368536701,85.41192668205711,84.46101855199844,91.79659555530831,96.80584374043889,0.10828538344181818,17.501679340623635,0.0,0.0,29.35588208211146,18.853054809384187,63.067006729017365,0.0,0.8660254037844386,0.5000000000000001,62.0,24965.570277936793,4.0,88.80171457911482,644521.0,93.1436683002412,71.86531061981518,107.3916154603801,1221.0,0.9632398949549266,typical,0.0,0.10828538344181818,29.35588208211146,535.5,642.75,825.9,62.0,6.0606060606060606,Low,26.74588319023325,14.451611087961632
C,2026-02-01,24.930630257895462,24.50365466832161,25.926906633567782,23.981795614398013,25.120397186594953,27.56364639360088,0.10828538344181818,17.501679340623635,0.0,0.0,29.35588208211146,18.853054809384187,63.067006729017365,0.0,0.8660254037844386,0.5000000000000001,39.0,89447.24562784938,15.0,100.0,171941.0,26.914368522274046,14.74481150611651,37.9145500120874,344.0,0.57970542451328,typical,0.0,0.10828538344181818,29.35588208211146,191.0,245.0,288.0,,0.0,Low,25.0,15.653258107300788
S,2026-02-01,208.87198843559267,199.92539351108255,170.69394474783164,181.05782203662062,193.16377556483562,186.8007682835421,0.10828538344181818,17.501679340623635,0.0,0.0,29.35588208211146,18.853054809384187,63.067006729017365,0.0,0.8660254037844386,0.5000000000000001,72.0,25742.327721822323,18.0,95.07507283047032,769657.0,172.34034789442177,132.87888088842374,236.62785142453023,2206.0,1.0383821745317885,typical,0.0,0.10828538344181818,29.35588208211146,344.5,434.5,517.8,72.0,0.7575757575757576,Low,24.336950025799396,22.391837908889514
F/N,2026-02-01,88.62756233916052,90.11553820214749,76.25876297808145,93.92847635105156,85.00062117312983,95.028958499719,0.10828538344181818,17.501679340623635,0.0,0.0,29.35588208211146,18.853054809384187,63.067006729017365,0.0,0.8660254037844386,0.5000000000000001,58.0,44351.2179713998,11.0,94.01830303515386,547438.0,87.52510629562266,68.24305064063606,115.5862922779565,1048.0,0.9912229790641491,typical,0.0,0.10828538344181818,29.35588208211146,210.5,281.5,415.30000000000007,58.0,0.7575757575757576,Low,24.072757576970282,15.988131312700737
G/N,2026-02-01,185.2441734190962,222.31684905187538,203.12488513908616,170.82039929830427,203.56196920335256,230.52210898560415,0.10828538344181818,17.501679340623635,0.0,0.0,29.35588208211146,18.853054809384187,63.067006729017365,0.0,0.8660254037844386,0.5000000000000001,32.0,70386.32902931391,13.0,79.41957984524025,619878.0,183.88424206078213,149.22073920964854,222.15365518543388,2854.0,0.9723801736603143,typical,0.0,0.10828538344181818,29.35588208211146,344.5,431.25,580.8000000000002,32.0,4.545454545454546,Low,23.263985870400973,29.664585944457155
K/W,2026-02-01,175.0081967213115,154.0656574105052,118.51204416192708,144.48728671796587,149.19529943124792,149.43881733021078,0.10828538344181818,17.501679340623635,0.0,0.0,29.35588208211146,18.853054809384187,63.067006729017365,0.0,0.8660254037844386,0.5000000000000001,15.0,31401.094940158986,4.0,36.309719599293075,774733.0,163.664703357525,118.25182338035795,200.8936685497927,1941.0,1.0092975501098544,typical,0.0,0.10828538344181818,29.35588208211146,255.0,312.0,386.9,15.0,17.424242424242426,Low,22.14561171800509,21.125304247724703
H/E,2026-02-01,209.88037713612258,184.70595167943426,183.02298173246905,173.27578078962873,192.53643684934195,193.88047534865447,0.10828538344181818,17.501679340623635,0.0,0.0,29.35588208211146,18.853054809384187,63.067006729017365,0.0,0.8660254037844386,0.5000000000000001,42.0,46206.38850675846,5.0,78.64547148825885,576624.0,171.36334248757197,147.0213340800615,216.349137695823,2261.0,1.0452336083598999,typical,0.0,0.10828538344181818,29.35588208211146,446.0,562.5,628.9,42.0,1.5151515151515151,Low,20.79773150842835,29.71838537549113
P/S,2026-02-01,43.7147385103011,36.88431061806656,28.915478077126256,37.79503433703117,36.504842401831304,34.45571403416094,0.10828538344181818,17.501679340623635,0.0,0.0,29.35588208211146,18.853054809384187,63.067006729017365,0.0,0.8660254037844386,0.5000000000000001,57.0,18947.99258776129,13.0,74.55156987481263,479631.0,34.0891897750235,21.901311215927738,46.38720516447754,431.0,0.6938065216802108,typical,0.0,0.10828538344181818,29.35588208211146,68.5,84.0,110.80000000000001,57.0,2.272727272727273,Low,20.34243792324861,7.107378333557151
H/W,2026-02-01,123.06666666666666,92.22828282828283,93.0888888888889,99.97373737373736,102.7946127946128,108.81885521885522,0.10828538344181818,17.501679340623635,0.0,0.0,29.35588208211146,18.853054809384187,63.067006729017365,0.0,0.8660254037844386,0.5000000000000001,39.0,35081.3916144126,16.0,62.419549628621816,318281.0,102.65368951543147,78.71325169224261,133.8625587566265,1278.0,0.9688994021038206,typical,0.0,0.10828538344181818,29.35588208211146,163.0,221.25,291.6,39.0,4.545454545454546,Low,19.013978316246362,32.252534557649206
K/E,2026-02-01,290.8694394828613,261.67729863060305,241.60222278926034,254.40117943919935,264.7163203009082,265.5637398051279,0.10828538344181818,17.501679340623635,0.0,0.0,29.35588208211146,18.853054809384187,63.067006729017365,0.0,0.8660254037844386,0.5000000000000001,49.0,35404.028806505885,32.0,67.47412697353374,852546.0,252.5606301088401,200.14764741991516,369.76016895633614,3092.0,0.9844485120143874,typical,0.0,0.10828538344181818,29.35588208211146,550.5,641.75,805.2,49.0,0.0,Low,16.868531743383436,29.624281869698535
F/S,2026-02-01,42.71194879089616,36.39103840682788,35.658179231863436,37.673541963015644,38.25372214319583,40.307254623044095,0.10828538344181818,17.501679340623635,0.0,0.0,29.35588208211146,18.853054809384187,63.067006729017365,0.0,0.8660254037844386,0.5000000000000001,26.0,37977.76498450448,29.0,42.75650366858393,373529.0,38.13634491522569,20.02415990860296,55.073970318137135,483.0,0.8315184529539577,typical,0.0,0.10828538344181818,29.35588208211146,355.0,436.0,571.7000000000002,26.0,1.5151515151515151,Low,11.82548955350962,10.209741389617859
D,2026-02-01,0.0,0.0,0.0,0.0,0.0,0.0,0.10828538344181818,17.501679340623635,0.0,0.0,29.35588208211146,18.853054809384187,63.067006729017365,0.0,0.8660254037844386,0.5000000000000001,10.0,43438.070289872856,17.0,32.5715918586037,358933.0,0.0,0.0,142.50922828231873,0.0,0.35,typical,0.0,0.10828538344181818,29.35588208211146,373.0,456.0,570.3000000000002,10.0,0.0,Low,8.142897964650926,0.0
T,2026-02-01,73.58632676709155,66.32203553495557,79.05813055233682,70.56740054074932,72.98883095146131,86.74695828505214,0.10828538344181818,17.501679340623635,0.0,0.0,29.35588208211146,18.853054809384187,63.067006729017365,0.0,0.8660254037844386,0.5000000000000001,33.0,8200.969947931737,97.0,0.0,353343.0,79.53371485476787,47.91257121683043,97.56143205282538,977.0,1.0036294074710792,typical,0.0,0.10828538344181818,29.35588208211146,158.0,205.0,256.8,33.0,3.787878787878788,Low,2.840909090909091,22.50892612978547
G/S,2026-03-01,566.6192498963945,582.321073352673,644.045482801492,588.0062163282222,597.6619353501866,601.4069104848736,1.0079904092581817,3.2985643951563635,0.09090909090909091,0.0,30.034908066502485,20.095388149350672,62.916053262106736,0.0,1.0,6.123233995736766e-17,21.0,41858.76936999277,7.0,49.35034752315354,390890.0,564.0277637586782,468.178065241685,645.5441529387186,7839.0,1.001996486387063,typical,0.0,1.0079904092581817,30.034908066502485,445.5,569.25,725.7,21.0,73.48484848484848,Medium,67.45122324442474,144.29321900245037
R/N,2026-03-01,111.90716424786915,120.50103662750519,124.23750287952083,102.19235199262843,118.88190125163173,121.90221147201106,1.0079904092581817,3.2985643951563635,0.09090909090909091,0.0,30.034908066502485,20.095388149350672,62.916053262106736,0.0,1.0,6.123233995736766e-17,51.0,31330.65518222099,11.0,76.65413963198206,446374.0,103.47529846691356,82.31050584016742,136.5551191988412,1622.0,0.97518594977642,typical,0.0,1.0079904092581817,30.034908066502485,84.5,137.25,183.60000000000002,51.0,60.60606060606061,Medium,64.61808036254097,23.181300538766497
E,2026-03-01,353.985480610182,400.00030631624094,456.2041291429272,440.7562947987502,403.3966386897834,441.85188588698975,1.0079904092581817,3.2985643951563635,0.09090909090909091,0.0,30.034908066502485,20.095388149350672,62.916053262106736,0.0,1.0,6.123233995736766e-17,20.0,55680.01825933636,11.0,55.761109348493214,406967.0,370.67428295901294,297.528044235964,435.67720677373177,5365.0,0.9885932517551124,typical,0.0,1.0079904092581817,30.034908066502485,306.0,443.25,675.0000000000002,20.0,66.66666666666666,Medium,63.9402773371233,91.08214743677324
M/E,2026-03-01,358.239897370109,413.26906747304434,418.9095574085953,272.807110785302,396.8061740839162,396.8291029047925,1.0079904092581817,3.2985643951563635,0.09090909090909091,0.0,30.034908066502485,20.095388149350672,62.916053262106736,0.0,1.0,6.123233995736766e-17,30.0,25140.114655526762,29.0,38.831176497016315,835819.0,352.62817854435525,302.34991817324305,434.7672975374605,4504.0,1.0015566153463125,typical,0.0,1.0079904092581817,30.034908066502485,351.5,510.0,711.0000000000002,30.0,50.0,Medium,47.20779412425408,42.18953846997439
A,2026-03-01,96.4548900682335,107.42683851402577,118.72630780894617,85.48294162244125,107.5360121304018,102.18650492797575,1.0079904092581817,3.2985643951563635,0.09090909090909091,0.0,30.034908066502485,20.095388149350672,62.916053262106736,0.0,1.0,6.123233995736766e-17,34.0,16997.556497721376,0.0,51.287740727275576,191450.0,91.51062979242826,63.72344012965748,118.57655718444764,1296.0,0.9677901036276229,typical,0.0,1.0079904092581817,30.034908066502485,118.0,151.0,192.50000000000003,34.0,24.242424242424242,Low,31.003753363637074,47.79870973749191
R/S,2026-03-01,35.715684354807124,36.78715488545134,31.25122381045623,36.96573330722538,34.584687683571566,31.83160368122185,1.0079904092581817,3.2985643951563635,0.09090909090909091,0.0,30.034908066502485,20.095388149350672,62.916053262106736,0.0,1.0,6.123233995736766e-17,58.0,38869.334356166,23.0,84.82276801582847,715275.0,35.01980261190231,18.874829912087698,51.24605412990159,456.0,0.806268400473146,typical,0.0,1.0079904092581817,30.034908066502485,126.5,180.5,293.5000000000001,58.0,12.878787878787879,Low,30.86478291304803,4.895991417553012
R/C,2026-03-01,196.42338958345013,217.93059370970454,207.1769916465773,189.2089476929977,207.17699164657733,209.17344097475288,1.0079904092581817,3.2985643951563635,0.09090909090909091,0.0,30.034908066502485,20.095388149350672,62.916053262106736,0.0,1.0,6.123233995736766e-17,19.0,12054.163795161348,11.0,24.758916206328827,581718.0,201.32146549629442,159.75946443456564,253.16148977391927,2428.0,0.989096474498806,typical,0.0,1.0079904092581817,30.034908066502485,237.0,319.0,357.9,19.0,31.818181818181817,Low,30.053365415218572,34.60808596197718
P/N,2026-03-01,185.0189477927837,196.6166095545253,206.4021366659948,166.53517436000806,196.01256467110127,200.9657327151784,1.0079904092581817,3.2985643951563635,0.09090909090909091,0.0,30.034908066502485,20.095388149350672,62.916053262106736,0.0,1.0,6.123233995736766e-17,54.0,20751.61391657302,21.0,68.51752173761194,974114.0,162.71042792992617,133.61042358278826,203.0663813049407,2697.0,0.9649163332968834,typical,0.0,1.0079904092581817,30.034908066502485,236.5,303.75,381.70000000000005,54.0,16.666666666666664,Low,29.629380434402982,16.703427723030998
L,2026-03-01,394.48291476540453,437.982131039047,456.01839144519136,400.94510432268623,429.49447908321434,443.2708384130412,1.0079904092581817,3.2985643951563635,0.09090909090909091,0.0,30.034908066502485,20.095388149350672,62.916053262106736,0.0,1.0,6.123233995736766e-17,54.0,59247.16505912701,14.0,97.98623146836815,933611.0,394.0953507722123,313.4297825194477,500.28940638474324,5538.0,0.9857708936863298,typical,0.0,1.0079904092581817,30.034908066502485,886.5,1038.25,1224.8000000000002,54.0,3.787878787878788,Low,27.337466958001126,42.21194381516631
N,2026-03-01,84.46101855199844,97.23035629850081,92.74750368536701,79.29894584596556,91.47962617862208,91.87017773203904,1.0079904092581817,3.2985643951563635,0.09090909090909091,0.0,30.034908066502485,20.095388149350672,62.916053262106736,0.0,1.0,6.123233995736766e-17,62.0,24965.570277936793,4.0,88.80171457911482,644521.0,78.77551558347079,65.32072623657825,93.93382778143133,1221.0,0.9632398949549266,typical,0.0,1.0079904092581817,30.034908066502485,535.5,642.75,825.9,62.0,6.0606060606060606,Low,26.74588319023325,12.222334971780718
B,2026-03-01,94.2730668142205,95.08576566606722,89.39687370314014,86.7962373772306,92.9185687278093,97.19878268086872,1.0079904092581817,3.2985643951563635,0.09090909090909091,0.0,30.034908066502485,20.095388149350672,62.916053262106736,0.0,1.0,6.123233995736766e-17,11.0,49312.29159982718,8.0,41.88241156212007,131718.0,83.65600749029998,64.21490768753625,111.08424270287259,1175.0,0.9795788760766866,typical,0.0,1.0079904092581817,30.034908066502485,119.0,150.75,171.0,11.0,19.696969696969695,Low,25.24333016325729,63.511446795654344
F/N,2026-03-01,93.92847635105156,88.62756233916052,90.11553820214749,77.8397373325051,90.89052563078651,92.78149495666577,1.0079904092581817,3.2985643951563635,0.09090909090909091,0.0,30.034908066502485,20.095388149350672,62.916053262106736,0.0,1.0,6.123233995736766e-17,58.0,44351.2179713998,11.0,94.01830303515386,547438.0,94.0715441443914,66.7073746751631,126.5807795929283,1048.0,0.9912229790641491,typical,0.0,1.0079904092581817,30.034908066502485,210.5,281.5,415.30000000000007,58.0,2.272727272727273,Low,25.20912121333392,17.18396314183367
C,2026-03-01,23.981795614398013,24.930630257895462,24.50365466832161,25.855744035305474,24.472026846871696,26.369696133866594,1.0079904092581817,3.2985643951563635,0.09090909090909091,0.0,30.034908066502485,20.095388149350672,62.916053262106736,0.0,1.0,6.123233995736766e-17,39.0,89447.24562784938,15.0,100.0,171941.0,25.97008901262241,15.04251395311602,37.46556041607022,344.0,0.57970542451328,typical,0.0,1.0079904092581817,30.034908066502485,191.0,245.0,288.0,,0.0,Low,25.0,15.104070008097203
M/W,2026-03-01,125.46020396202086,130.3427499706951,134.58844215215098,123.97421169851131,130.13046536162233,127.19386160278201,1.0079904092581817,3.2985643951563635,0.09090909090909091,0.0,30.034908066502485,20.095388149350672,62.916053262106736,0.0,1.0,6.123233995736766e-17,53.0,24370.643551681354,8.0,75.68490036817151,426222.0,119.12946400184394,88.80976050644962,154.35510195795396,1811.0,0.9883692592576139,typical,0.0,1.0079904092581817,30.034908066502485,208.5,298.5,405.30000000000007,53.0,7.575757575757576,Low,24.60304327386106,27.950097367532397
S,2026-03-01,181.05782203662062,208.87198843559267,199.92539351108255,164.05043366527465,196.61840132776527,183.74475318556588,1.0079904092581817,3.2985643951563635,0.09090909090909091,0.0,30.034908066502485,20.095388149350672,62.916053262106736,0.0,1.0,6.123233995736766e-17,72.0,25742.327721822323,18.0,95.07507283047032,769657.0,171.30217508709808,120.7311777241504,236.6940749310522,2206.0,1.0383821745317885,typical,0.0,1.0079904092581817,30.034908066502485,344.5,434.5,517.8,72.0,0.7575757575757576,Low,24.336950025799396,22.25695018522512
G/N,2026-03-01,170.82039929830427,185.2441734190962,222.31684905187538,217.4294545150781,192.79380725642525,212.78046946788072,1.0079904092581817,3.2985643951563635,0.09090909090909091,0.0,30.034908066502485,20.095388149350672,62.916053262106736,0.0,1.0,6.123233995736766e-17,32.0,70386.32902931391,13.0,79.41957984524025,619878.0,166.40743710427716,136.99130935578415,236.34556642055918,2854.0,0.9723801736603143,typical,0.0,1.0079904092581817,30.034908066502485,344.5,431.25,580.8000000000002,32.0,3.0303030303030303,Low,22.127622234037336,26.84519165130512
H/E,2026-03-01,173.27578078962873,209.88037713612258,184.70595167943426,172.01355332940483,189.2873698683952,188.67963072087994,1.0079904092581817,3.2985643951563635,0.09090909090909091,0.0,30.034908066502485,20.095388149350672,62.916053262106736,0.0,1.0,6.123233995736766e-17,42.0,46206.38850675846,5.0,78.64547148825885,576624.0,175.92409894907155,145.89470209012143,242.54678829337863,2261.0,1.0452336083598999,typical,0.0,1.0079904092581817,30.034908066502485,446.0,562.5,628.9,42.0,1.5151515151515151,Low,20.79773150842835,30.509326519373378
P/S,2026-03-01,37.79503433703117,43.7147385103011,36.88431061806656,29.940042260961437,39.46469448846628,34.70236837471386,1.0079904092581817,3.2985643951563635,0.09090909090909091,0.0,30.034908066502485,20.095388149350672,62.916053262106736,0.0,1.0,6.123233995736766e-17,57.0,18947.99258776129,13.0,74.55156987481263,479631.0,33.648448237316025,21.23530933000124,44.83975663484239,431.0,0.6938065216802108,typical,0.0,1.0079904092581817,30.034908066502485,68.5,84.0,110.80000000000001,57.0,1.5151515151515151,Low,19.774256105066794,7.015486538050298
K/E,2026-03-01,254.40117943919935,290.8694394828613,261.67729863060305,260.97598593745573,268.9826391842212,259.6610246378045,1.0079904092581817,3.2985643951563635,0.09090909090909091,0.0,30.034908066502485,20.095388149350672,62.916053262106736,0.0,1.0,6.123233995736766e-17,49.0,35404.028806505885,32.0,67.47412697353374,852546.0,241.77467435299144,204.73014667475567,288.75272505023145,3092.0,0.9844485120143874,typical,0.0,1.0079904092581817,30.034908066502485,550.5,641.75,805.2,49.0,0.0,Low,16.868531743383436,28.359135384248056
H/W,2026-03-01,99.97373737373736,123.06666666666666,92.22828282828283,105.42424242424242,105.0895622895623,106.5,1.0079904092581817,3.2985643951563635,0.09090909090909091,0.0,30.034908066502485,20.095388149350672,62.916053262106736,0.0,1.0,6.123233995736766e-17,39.0,35081.3916144126,16.0,62.419549628621816,318281.0,89.67920553506737,65.56061996633943,111.64176508645498,1278.0,0.9688994021038206,typical,0.0,1.0079904092581817,30.034908066502485,163.0,221.25,291.6,39.0,0.7575757575757576,Low,16.173069225337272,28.176110272076365
K/W,2026-03-01,144.48728671796587,175.0081967213115,154.0656574105052,167.37796922047508,157.85371361659418,146.54366008698562,1.0079904092581817,3.2985643951563635,0.09090909090909091,0.0,30.034908066502485,20.095388149350672,62.916053262106736,0.0,1.0,6.123233995736766e-17,15.0,31401.094940158986,4.0,36.309719599293075,774733.0,128.6789096003286,97.93429526356441,166.15290633127398,1941.0,1.0092975501098544,typical,0.0,1.0079904092581817,30.034908066502485,255.0,312.0,386.9,15.0,7.575757575757576,Low,14.75924808164145,16.609452495289165
F/S,2026-03-01,37.673541963015644,42.71194879089616,36.39103840682788,36.711664295874826,38.92550972024656,38.379682313892836,1.0079904092581817,3.2985643951563635,0.09090909090909091,0.0,30.034908066502485,20.095388149350672,62.916053262106736,0.0,1.0,6.123233995736766e-17,26.0,37977.76498450448,29.0,42.75650366858393,373529.0,36.58219181255798,18.820019081794324,52.850936022153824,483.0,0.8315184529539577,typical,0.0,1.0079904092581817,30.034908066502485,355.0,436.0,571.7000000000002,26.0,1.5151515151515151,Low,11.82548955350962,9.793668446776014
D,2026-03-01,0.0,0.0,0.0,0.0,0.0,0.0,1.0079904092581817,3.2985643951563635,0.09090909090909091,0.0,30.034908066502485,20.095388149350672,62.916053262106736,0.0,1.0,6.123233995736766e-17,10.0,43438.070289872856,17.0,32.5715918586037,358933.0,0.0,0.0,142.50922828231873,0.0,0.35,typical,0.0,1.0079904092581817,30.034908066502485,373.0,456.0,570.3000000000002,10.0,0.0,Low,8.142897964650926,0.0
T,2026-03-01,70.56740054074932,73.58632676709155,66.32203553495557,71.41647354190808,70.15858761426549,81.84120316724606,1.0079904092581817,3.2985643951563635,0.09090909090909091,0.0,30.034908066502485,20.095388149350672,62.916053262106736,0.0,1.0,6.123233995736766e-17,33.0,8200.969947931737,97.0,0.0,353343.0,64.23228207814904,39.114827111827665,84.99887566575192,977.0,1.0036294074710792,typical,0.0,1.0079904092581817,30.034908066502485,158.0,205.0,256.8,33.0,2.272727272727273,Low,1.7045454545454546,18.178450423002307
E,2026-04-01,440.7562947987502,353.985480610182,400.00030631624094,345.76854744838573,398.2473605750577,433.9636300516654,1.4145591039527272,2.530834896652727,0.09090909090909091,0.0,31.97926826979474,22.648059208211166,64.40438218875174,0.0,0.8660254037844387,-0.4999999999999998,20.0,55680.01825933636,11.0,55.761109348493214,406967.0,404.40004237797405,349.92303991891345,524.1695245980859,5365.0,0.9885932517551124,typical,0.0,1.4145591039527272,31.97926826979474,306.0,443.25,675.0000000000002,20.0,70.45454545454545,Medium,66.7811864280324,99.36924673940985
R/N,2026-04-01,102.19235199262843,111.90716424786915,120.50103662750519,129.0949090071412,111.53351762266759,116.29751209398755,1.4145591039527272,2.530834896652727,0.09090909090909091,0.0,31.97926826979474,22.648059208211166,64.40438218875174,0.0,0.8660254037844387,-0.4999999999999998,51.0,31330.65518222099,11.0,76.65413963198206,446374.0,106.86103976611372,83.8040466933741,133.54673061947338,1622.0,0.97518594977642,typical,0.0,1.4145591039527272,31.97926826979474,84.5,137.25,183.60000000000002,51.0,60.60606060606061,Medium,64.61808036254097,23.939799308676967
G/S,2026-04-01,588.0062163282222,566.6192498963945,582.321073352673,540.9007459593867,578.9821798590966,589.2695814338998,1.4145591039527272,2.530834896652727,0.09090909090909091,0.0,31.97926826979474,22.648059208211166,64.40438218875174,0.0,0.8660254037844387,-0.4999999999999998,21.0,41858.76936999277,7.0,49.35034752315354,390890.0,549.5591015059537,461.0849163223582,631.899297353834,7839.0,1.001996486387063,typical,0.0,1.4145591039527272,31.97926826979474,445.5,569.25,725.7,21.0,69.6969696969697,Medium,64.61031415351566,140.5917525406006
M/E,2026-04-01,272.807110785302,358.239897370109,413.26906747304434,270.8810898316992,348.10535854281846,371.90547461233797,1.4145591039527272,2.530834896652727,0.09090909090909091,0.0,31.97926826979474,22.648059208211166,64.40438218875174,0.0,0.8660254037844387,-0.4999999999999998,30.0,25140.114655526762,29.0,38.831176497016315,835819.0,297.6503525212416,230.1497915354669,359.9748110986647,4504.0,1.0015566153463125,typical,0.0,1.4145591039527272,31.97926826979474,351.5,510.0,711.0000000000002,30.0,35.60606060606061,Low,36.41233957879953,35.6118193677389
R/S,2026-04-01,36.96573330722538,35.715684354807124,36.78715488545134,33.662032504405715,36.48952418249461,32.84354807127472,1.4145591039527272,2.530834896652727,0.09090909090909091,0.0,31.97926826979474,22.648059208211166,64.40438218875174,0.0,0.8660254037844387,-0.4999999999999998,58.0,38869.334356166,23.0,84.82276801582847,715275.0,35.4665716803116,19.519368982107608,51.24605412990159,456.0,0.806268400473146,typical,0.0,1.4145591039527272,31.97926826979474,126.5,180.5,293.5000000000001,58.0,12.878787878787879,Low,30.86478291304803,4.958452578422509
P/N,2026-04-01,166.53517436000806,185.0189477927837,196.6166095545253,193.3547671840355,182.72357723577235,189.54928441846403,1.4145591039527272,2.530834896652727,0.09090909090909091,0.0,31.97926826979474,22.648059208211166,64.40438218875174,0.0,0.8660254037844387,-0.4999999999999998,54.0,20751.61391657302,21.0,68.51752173761194,974114.0,152.29618630485484,123.17030730722324,210.11146342462604,2697.0,0.9649163332968834,typical,0.0,1.4145591039527272,31.97926826979474,236.5,303.75,381.70000000000005,54.0,15.151515151515152,Low,28.49301679803935,15.634328867550906
L,2026-04-01,400.94510432268623,394.48291476540453,437.982131039047,425.63645546692675,411.1367167090459,428.61034867114836,1.4145591039527272,2.530834896652727,0.09090909090909091,0.0,31.97926826979474,22.648059208211166,64.40438218875174,0.0,0.8660254037844387,-0.4999999999999998,54.0,59247.16505912701,14.0,97.98623146836815,933611.0,388.10609324508414,321.2269560437302,459.29396517547764,5538.0,0.9857708936863298,typical,0.0,1.4145591039527272,31.97926826979474,886.5,1038.25,1224.8000000000002,54.0,3.787878787878788,Low,27.337466958001126,41.57042850235099
N,2026-04-01,79.29894584596556,84.46101855199844,97.23035629850081,89.38536422551662,86.99677356548825,87.48920813284009,1.4145591039527272,2.530834896652727,0.09090909090909091,0.0,31.97926826979474,22.648059208211166,64.40438218875174,0.0,0.8660254037844387,-0.4999999999999998,62.0,24965.570277936793,4.0,88.80171457911482,644521.0,81.31651379396371,65.93860763859918,93.14381787239608,1221.0,0.9632398949549266,typical,0.0,1.4145591039527272,31.97926826979474,535.5,642.75,825.9,62.0,6.0606060606060606,Low,26.74588319023325,12.61658096384194
B,2026-04-01,86.7962373772306,94.2730668142205,95.08576566606722,87.77147599944668,92.0516899525061,94.54396643150274,1.4145591039527272,2.530834896652727,0.09090909090909091,0.0,31.97926826979474,22.648059208211166,64.40438218875174,0.0,0.8660254037844387,-0.4999999999999998,11.0,49312.29159982718,8.0,41.88241156212007,131718.0,84.3727653549551,65.27288744051197,104.14580996937619,1175.0,0.9795788760766866,typical,0.0,1.4145591039527272,31.97926826979474,119.0,150.75,171.0,11.0,20.454545454545457,Low,25.81151198143911,64.05560770354477
C,2026-04-01,25.855744035305474,23.981795614398013,24.930630257895462,25.760860570955725,24.922723302532983,25.6778375396497,1.4145591039527272,2.530834896652727,0.09090909090909091,0.0,31.97926826979474,22.648059208211166,64.40438218875174,0.0,0.8660254037844387,-0.4999999999999998,39.0,89447.24562784938,15.0,100.0,171941.0,25.65077273543748,16.03681560245369,37.61052062577256,344.0,0.57970542451328,typical,0.0,1.4145591039527272,31.97926826979474,191.0,245.0,288.0,,0.0,Low,25.0,14.918357305958137
M/W,2026-04-01,123.97421169851131,125.46020396202086,130.3427499706951,158.15203375923105,126.59238854374242,125.03563474387526,1.4145591039527272,2.530834896652727,0.09090909090909091,0.0,31.97926826979474,22.648059208211166,64.40438218875174,0.0,0.8660254037844387,-0.4999999999999998,53.0,24370.643551681354,8.0,75.68490036817151,426222.0,118.4953905855701,94.38209829846045,141.35985447638993,1811.0,0.9883692592576139,typical,0.0,1.4145591039527272,31.97926826979474,208.5,298.5,405.30000000000007,53.0,7.575757575757576,Low,24.60304327386106,27.801331368528633
S,2026-04-01,164.05043366527465,181.05782203662062,208.87198843559267,161.6587696755541,184.66008137916265,180.77731823535711,1.4145591039527272,2.530834896652727,0.09090909090909091,0.0,31.97926826979474,22.648059208211166,64.40438218875174,0.0,0.8660254037844387,-0.4999999999999998,72.0,25742.327721822323,18.0,95.07507283047032,769657.0,158.52610963974794,126.66509337469292,213.91383305417668,2206.0,1.0383821745317885,typical,0.0,1.4145591039527272,31.97926826979474,344.5,434.5,517.8,72.0,0.7575757575757576,Low,24.336950025799396,20.59698146573707
F/N,2026-04-01,77.8397373325051,93.92847635105156,88.62756233916052,70.5858550004437,86.7985920075724,87.32558345904694,1.4145591039527272,2.530834896652727,0.09090909090909091,0.0,31.97926826979474,22.648059208211166,64.40438218875174,0.0,0.8660254037844387,-0.4999999999999998,58.0,44351.2179713998,11.0,94.01830303515386,547438.0,79.86558044047422,66.12806976135494,99.03472627238291,1048.0,0.9912229790641491,typical,0.0,1.4145591039527272,31.97926826979474,210.5,281.5,415.30000000000007,58.0,0.0,Low,23.504575758788466,14.588972712978313
G/N,2026-04-01,217.4294545150781,170.82039929830427,185.2441734190962,217.7870687494779,191.16467574415955,205.68778715228473,1.4145591039527272,2.530834896652727,0.09090909090909091,0.0,31.97926826979474,22.648059208211166,64.40438218875174,0.0,0.8660254037844387,-0.4999999999999998,32.0,70386.32902931391,13.0,79.41957984524025,619878.0,186.39664596438476,137.49833301243967,243.08729524289916,2854.0,0.9723801736603143,typical,0.0,1.4145591039527272,31.97926826979474,344.5,431.25,580.8000000000002,32.0,4.545454545454546,Low,23.263985870400973,30.069892134320746
A,2026-04-01,85.48294162244125,96.4548900682335,107.42683851402577,90.06823351023502,96.4548900682335,99.51175132676269,1.4145591039527272,2.530834896652727,0.09090909090909091,0.0,31.97926826979474,22.648059208211166,64.40438218875174,0.0,0.8660254037844387,-0.4999999999999998,34.0,16997.556497721376,0.0,51.287740727275576,191450.0,84.19773901560322,66.26572962459748,97.44403733510752,1296.0,0.9677901036276229,typical,0.0,1.4145591039527272,31.97926826979474,118.0,151.0,192.50000000000003,34.0,12.878787878787879,Low,22.481026090909804,43.97897049652819
K/W,2026-04-01,167.37796922047508,144.48728671796587,175.0081967213115,143.51321512211445,162.29115088658415,149.1411843425895,1.4145591039527272,2.530834896652727,0.09090909090909091,0.0,31.97926826979474,22.648059208211166,64.40438218875174,0.0,0.8660254037844387,-0.4999999999999998,15.0,31401.094940158986,4.0,36.309719599293075,774733.0,161.27664095067442,123.9176171916943,220.46603296399732,1941.0,1.0092975501098544,typical,0.0,1.4145591039527272,31.97926826979474,255.0,312.0,386.9,15.0,17.424242424242426,Low,22.14561171800509,20.81706096818832
H/E,2026-04-01,172.01355332940483,173.27578078962873,209.88037713612258,153.92162639952858,185.05657041838538,185.1617560400707,1.4145591039527272,2.530834896652727,0.09090909090909091,0.0,31.97926826979474,22.648059208211166,64.40438218875174,0.0,0.8660254037844387,-0.4999999999999998,42.0,46206.38850675846,5.0,78.64547148825885,576624.0,164.0885135972732,128.51918388755632,201.15384258418027,2261.0,1.0452336083598999,typical,0.0,1.4145591039527272,31.97926826979474,446.0,562.5,628.9,42.0,0.7575757575757576,Low,20.22954969024653,28.45676100843412
P/S,2026-04-01,29.940042260961437,37.79503433703117,43.7147385103011,31.41996830427892,37.14993836943123,34.03829899630217,1.4145591039527272,2.530834896652727,0.09090909090909091,0.0,31.97926826979474,22.648059208211166,64.40438218875174,0.0,0.8660254037844387,-0.4999999999999998,57.0,18947.99258776129,13.0,74.55156987481263,479631.0,31.54720476415427,20.113448749535223,44.2790852183377,431.0,0.6938065216802108,typical,0.0,1.4145591039527272,31.97926826979474,68.5,84.0,110.80000000000001,57.0,0.7575757575757576,Low,19.206074286884974,6.577390694962225
R/C,2026-04-01,189.2089476929977,196.42338958345013,217.93059370970454,163.4819756685541,201.18764366205082,202.04974678103568,1.4145591039527272,2.530834896652727,0.09090909090909091,0.0,31.97926826979474,22.648059208211166,64.40438218875174,0.0,0.8660254037844387,-0.4999999999999998,19.0,12054.163795161348,11.0,24.758916206328827,581718.0,165.4304372848585,131.08812846812333,214.16952932432488,2428.0,0.989096474498806,typical,0.0,1.4145591039527272,31.97926826979474,237.0,319.0,357.9,19.0,16.666666666666664,Low,18.689729051582205,28.438253120044163
H/W,2026-04-01,105.42424242424242,99.97373737373736,123.06666666666666,91.94141414141413,109.48821548821547,103.63131313131312,1.4145591039527272,2.530834896652727,0.09090909090909091,0.0,31.97926826979474,22.648059208211166,64.40438218875174,0.0,0.8660254037844387,-0.4999999999999998,39.0,35081.3916144126,16.0,62.419549628621816,318281.0,96.8802828734279,65.67728360583696,124.2763341317749,1278.0,0.9688994021038206,typical,0.0,1.4145591039527272,31.97926826979474,163.0,221.25,291.6,39.0,2.272727272727273,Low,17.30943286170091,30.43860075638442
K/E,2026-04-01,260.97598593745573,254.40117943919935,290.8694394828613,210.65680020413373,268.74886828650546,259.8509634921985,1.4145591039527272,2.530834896652727,0.09090909090909091,0.0,31.97926826979474,22.648059208211166,64.40438218875174,0.0,0.8660254037844387,-0.4999999999999998,49.0,35404.028806505885,32.0,67.47412697353374,852546.0,225.2984089431378,194.06050304480166,283.6725727604335,3092.0,0.9844485120143874,typical,0.0,1.4145591039527272,31.97926826979474,550.5,641.75,805.2,49.0,0.0,Low,16.868531743383436,26.426539910238013
F/S,2026-04-01,36.711664295874826,37.673541963015644,42.71194879089616,32.56642958748222,39.03238501659554,37.623921289710765,1.4145591039527272,2.530834896652727,0.09090909090909091,0.0,31.97926826979474,22.648059208211166,64.40438218875174,0.0,0.8660254037844387,-0.4999999999999998,26.0,37977.76498450448,29.0,42.75650366858393,373529.0,36.116524067560604,19.606904209109643,52.850936022153824,483.0,0.8315184529539577,typical,0.0,1.4145591039527272,31.97926826979474,355.0,436.0,571.7000000000002,26.0,1.5151515151515151,Low,11.82548955350962,9.669001353994094
D,2026-04-01,0.0,0.0,0.0,0.0,0.0,0.0,1.4145591039527272,2.530834896652727,0.09090909090909091,0.0,31.97926826979474,22.648059208211166,64.40438218875174,0.0,0.8660254037844387,-0.4999999999999998,10.0,43438.070289872856,17.0,32.5715918586037,358933.0,0.6566778510178347,0.0,142.50922828231873,0.0,0.35,typical,0.0,1.4145591039527272,31.97926826979474,373.0,456.0,570.3000000000002,10.0,0.0,Low,8.142897964650926,0.18295276584148984
T,2026-04-01,71.41647354190808,70.56740054074932,73.58632676709155,61.887987640015446,71.85673361658299,75.39453778807777,1.4145591039527272,2.530834896652727,0.09090909090909091,0.0,31.97926826979474,22.648059208211166,64.40438218875174,0.0,0.8660254037844387,-0.4999999999999998,33.0,8200.969947931737,97.0,0.0,353343.0,66.93224546685146,40.114425082625836,93.49042350676766,977.0,1.0036294074710792,typical,0.0,1.4145591039527272,31.97926826979474,158.0,205.0,256.8,33.0,3.0303030303030303,Low,2.2727272727272725,18.942570099549577
R/N,2026-05-01,129.0949090071412,102.19235199262843,111.90716424786915,131.5236120709514,114.39814174921293,118.57052906396375,0.4032308407363636,2.8257803539472723,0.09090909090909091,0.0,32.31527809090912,24.932990303030326,71.57075742237792,0.0,0.49999999999999994,-0.8660254037844387,51.0,31330.65518222099,11.0,76.65413963198206,446374.0,132.13590354620325,110.50074874586001,166.024035383791,1622.0,0.97518594977642,typical,0.0,0.4032308407363636,32.31527809090912,84.5,137.25,183.60000000000002,51.0,71.21212121212122,Medium,72.57262581708643,29.60206095028009
G/S,2026-05-01,540.9007459593867,588.0062163282222,566.6192498963945,556.8732905097389,565.1754040613345,587.1940530460008,0.4032308407363636,2.8257803539472723,0.09090909090909091,0.0,32.31527809090912,24.932990303030326,71.57075742237792,0.0,0.49999999999999994,-0.8660254037844387,21.0,41858.76936999277,7.0,49.35034752315354,390890.0,561.9917902760745,446.96567009860354,647.703319893025,7839.0,1.001996486387063,typical,0.0,0.4032308407363636,32.31527809090912,445.5,569.25,725.7,21.0,71.96969696969697,Medium,66.31485960806111,143.77236313952122
E,2026-05-01,345.76854744838573,440.7562947987502,353.985480610182,352.9994486307664,380.170107619106,416.21505442218546,0.4032308407363636,2.8257803539472723,0.09090909090909091,0.0,32.31527809090912,24.932990303030326,71.57075742237792,0.0,0.49999999999999994,-0.8660254037844387,20.0,55680.01825933636,11.0,55.761109348493214,406967.0,372.89963981768113,340.80380167525584,418.39371114617444,5365.0,0.9885932517551124,typical,0.0,0.4032308407363636,32.31527809090912,306.0,443.25,675.0000000000002,20.0,67.42424242424242,Medium,64.50845915530512,91.62896250007522
M/W,2026-05-01,158.15203375923105,123.97421169851131,125.46020396202086,149.2360801781737,135.86214980658772,131.47493455241667,0.4032308407363636,2.8257803539472723,0.09090909090909091,0.0,32.31527809090912,24.932990303030326,71.57075742237792,0.0,0.49999999999999994,-0.8660254037844387,53.0,24370.643551681354,8.0,75.68490036817151,426222.0,150.6843135081104,118.32805222864303,183.0559890766654,1811.0,0.9883692592576139,typical,0.0,0.4032308407363636,32.31527809090912,208.5,298.5,405.30000000000007,53.0,25.0,Low,37.671225092042874,35.353480934374666
P/N,2026-05-01,193.3547671840355,166.53517436000806,185.0189477927837,213.65067526708324,181.6362964456091,188.5828126049856,0.4032308407363636,2.8257803539472723,0.09090909090909091,0.0,32.31527809090912,24.932990303030326,71.57075742237792,0.0,0.49999999999999994,-0.8660254037844387,54.0,20751.61391657302,21.0,68.51752173761194,974114.0,197.07548937337577,131.07889484847007,244.53609809046793,2697.0,0.9649163332968834,typical,0.0,0.4032308407363636,32.31527809090912,236.5,303.75,381.70000000000005,54.0,27.27272727272727,Low,37.58392588894844,20.231255209695764
M/E,2026-05-01,270.8810898316992,272.807110785302,358.239897370109,262.90186016677353,300.64269932903676,349.59573189977294,0.4032308407363636,2.8257803539472723,0.09090909090909091,0.0,32.31527809090912,24.932990303030326,71.57075742237792,0.0,0.49999999999999994,-0.8660254037844387,30.0,25140.114655526762,29.0,38.831176497016315,835819.0,288.6954569092487,228.23942071017925,357.3895920757343,4504.0,1.0015566153463125,typical,0.0,0.4032308407363636,32.31527809090912,351.5,510.0,711.0000000000002,30.0,33.33333333333333,Low,34.70779412425408,34.54042764154066
R/S,2026-05-01,33.662032504405715,36.96573330722538,35.715684354807124,34.822792245936945,35.44781672214607,33.51321715292735,0.4032308407363636,2.8257803539472723,0.09090909090909091,0.0,32.31527809090912,24.932990303030326,71.57075742237792,0.0,0.49999999999999994,-0.8660254037844387,58.0,38869.334356166,23.0,84.82276801582847,715275.0,35.70294770554505,18.248526689993493,51.24605412990159,456.0,0.806268400473146,typical,0.0,0.4032308407363636,32.31527809090912,126.5,180.5,293.5000000000001,58.0,12.878787878787879,Low,30.86478291304803,4.991499452035238
A,2026-05-01,90.06823351023502,85.48294162244125,96.4548900682335,89.41319181197878,90.66868840030325,98.01061410159211,0.4032308407363636,2.8257803539472723,0.09090909090909091,0.0,32.31527809090912,24.932990303030326,71.57075742237792,0.0,0.49999999999999994,-0.8660254037844387,34.0,16997.556497721376,0.0,51.287740727275576,191450.0,89.79204499021222,68.1054718861773,108.78804702872844,1296.0,0.9677901036276229,typical,0.0,0.4032308407363636,32.31527809090912,118.0,151.0,192.50000000000003,34.0,21.96969696969697,Low,29.29920790909162,46.90104204241955
L,2026-05-01,425.63645546692675,400.94510432268623,394.48291476540453,442.3224076073705,407.0214915183392,424.28614720122613,0.4032308407363636,2.8257803539472723,0.09090909090909091,0.0,32.31527809090912,24.932990303030326,71.57075742237792,0.0,0.49999999999999994,-0.8660254037844387,54.0,59247.16505912701,14.0,97.98623146836815,933611.0,410.4958217262039,331.44998575637123,516.5778291845661,5538.0,0.9857708936863298,typical,0.0,0.4032308407363636,32.31527809090912,886.5,1038.25,1224.8000000000002,54.0,4.545454545454546,Low,27.905648776182947,43.96861452213009
B,2026-05-01,87.77147599944668,86.7962373772306,94.2730668142205,80.45718633282611,89.61359339696592,91.67243048831097,0.4032308407363636,2.8257803539472723,0.09090909090909091,0.0,32.31527809090912,24.932990303030326,71.57075742237792,0.0,0.49999999999999994,-0.8660254037844387,11.0,49312.29159982718,8.0,41.88241156212007,131718.0,87.18251997082511,60.794756170234294,106.2295002563828,1175.0,0.9795788760766866,typical,0.0,0.4032308407363636,32.31527809090912,119.0,150.75,171.0,11.0,22.727272727272727,Low,27.516057435984564,66.18876688897882
N,2026-05-01,89.38536422551662,79.29894584596556,84.46101855199844,88.29861207687814,84.38177620782687,88.08918588156759,0.4032308407363636,2.8257803539472723,0.09090909090909091,0.0,32.31527809090912,24.932990303030326,71.57075742237792,0.0,0.49999999999999994,-0.8660254037844387,62.0,24965.570277936793,4.0,88.80171457911482,644521.0,81.57698761025719,62.131907506602126,100.9670518215115,1221.0,0.9632398949549266,typical,0.0,0.4032308407363636,32.31527809090912,535.5,642.75,825.9,62.0,6.0606060606060606,Low,26.74588319023325,12.65699451379508
C,2026-05-01,25.760860570955725,25.855744035305474,23.981795614398013,29.46131568059578,25.199466740219737,25.15993196340734,0.4032308407363636,2.8257803539472723,0.09090909090909091,0.0,32.31527809090912,24.932990303030326,71.57075742237792,0.0,0.49999999999999994,-0.8660254037844387,39.0,89447.24562784938,15.0,100.0,171941.0,27.792044056170685,14.481483305691004,37.52668395455853,344.0,0.57970542451328,typical,0.0,0.4032308407363636,32.31527809090912,191.0,245.0,288.0,,0.7575757575757576,Low,25.568181818181817,16.163709677255966
G/N,2026-05-01,217.7870687494779,217.4294545150781,170.82039929830427,225.89299139587337,202.01230752095344,202.787138362153,0.4032308407363636,2.8257803539472723,0.09090909090909091,0.0,32.31527809090912,24.932990303030326,71.57075742237792,0.0,0.49999999999999994,-0.8660254037844387,32.0,70386.32902931391,13.0,79.41957984524025,619878.0,208.81308560110978,156.1650290746551,259.43640774616415,2854.0,0.9723801736603143,typical,0.0,0.4032308407363636,32.31527809090912,344.5,431.25,580.8000000000002,32.0,6.8181818181818175,Low,24.968531324946426,33.68615850233591
S,2026-05-01,161.6587696755541,164.05043366527465,181.05782203662062,146.33440411178924,168.92234179248314,181.04305867865938,0.4032308407363636,2.8257803539472723,0.09090909090909091,0.0,32.31527809090912,24.932990303030326,71.57075742237792,0.0,0.49999999999999994,-0.8660254037844387,72.0,25742.327721822323,18.0,95.07507283047032,769657.0,178.93716142917268,132.7908475253878,249.57381507348302,2206.0,1.0383821745317885,typical,0.0,0.4032308407363636,32.31527809090912,344.5,434.5,517.8,72.0,0.7575757575757576,Low,24.336950025799396,23.24894874329379
F/N,2026-05-01,70.5858550004437,77.8397373325051,93.92847635105156,68.26089271452658,80.78468956133345,82.89265536723163,0.4032308407363636,2.8257803539472723,0.09090909090909091,0.0,32.31527809090912,24.932990303030326,71.57075742237792,0.0,0.49999999999999994,-0.8660254037844387,58.0,44351.2179713998,11.0,94.01830303515386,547438.0,76.31786867524008,61.14721040501077,91.161081912563,1048.0,0.9912229790641491,typical,0.0,0.4032308407363636,32.31527809090912,210.5,281.5,415.30000000000007,58.0,0.0,Low,23.504575758788466,13.94091544160984
P/S,2026-05-01,31.41996830427892,29.940042260961437,37.79503433703117,35.290544109878496,33.05168163409051,34.77826201796091,0.4032308407363636,2.8257803539472723,0.09090909090909091,0.0,32.31527809090912,24.932990303030326,71.57075742237792,0.0,0.49999999999999994,-0.8660254037844387,57.0,18947.99258776129,13.0,74.55156987481263,479631.0,35.03309868288984,19.816137438987617,44.72715676031405,431.0,0.6938065216802108,typical,0.0,0.4032308407363636,32.31527809090912,68.5,84.0,110.80000000000001,57.0,2.272727272727273,Low,20.34243792324861,7.304177311910583
H/E,2026-05-01,153.92162639952858,172.01355332940483,173.27578078962873,155.3241013553329,166.4036535061874,179.47004517776466,0.4032308407363636,2.8257803539472723,0.09090909090909091,0.0,32.31527809090912,24.932990303030326,71.57075742237792,0.0,0.49999999999999994,-0.8660254037844387,42.0,46206.38850675846,5.0,78.64547148825885,576624.0,164.50513417937645,128.8369592579957,201.34053942132306,2261.0,1.0452336083598999,typical,0.0,0.4032308407363636,32.31527809090912,446.0,562.5,628.9,42.0,0.7575757575757576,Low,20.22954969024653,28.529012697941194
R/C,2026-05-01,163.4819756685541,189.2089476929977,196.42338958345013,151.0949150641924,183.03810431500062,196.0377118723253,0.4032308407363636,2.8257803539472723,0.09090909090909091,0.0,32.31527809090912,24.932990303030326,71.57075742237792,0.0,0.49999999999999994,-0.8660254037844387,19.0,12054.163795161348,11.0,24.758916206328827,581718.0,166.2700159910214,125.53505602924906,201.33822771034502,2428.0,0.989096474498806,typical,0.0,0.4032308407363636,32.31527809090912,237.0,319.0,357.9,19.0,16.666666666666664,Low,18.689729051582205,28.582580561547246
K/W,2026-05-01,143.51321512211445,167.37796922047508,144.48728671796587,168.35204081632656,151.7928236868518,150.49406155904987,0.4032308407363636,2.8257803539472723,0.09090909090909091,0.0,32.31527809090912,24.932990303030326,71.57075742237792,0.0,0.49999999999999994,-0.8660254037844387,15.0,31401.094940158986,4.0,36.309719599293075,774733.0,133.1372667586735,100.57234889979317,185.71074922021313,1941.0,1.0092975501098544,typical,0.0,0.4032308407363636,32.31527809090912,255.0,312.0,386.9,15.0,11.363636363636363,Low,17.600157172550542,17.18492264543701
K/E,2026-05-01,210.65680020413373,260.97598593745573,254.40117943919935,223.718749114003,242.01132186026294,253.36382108058558,0.4032308407363636,2.8257803539472723,0.09090909090909091,0.0,32.31527809090912,24.932990303030326,71.57075742237792,0.0,0.49999999999999994,-0.8660254037844387,49.0,35404.028806505885,32.0,67.47412697353374,852546.0,229.21099472779503,168.79134534103815,277.08316707563915,3092.0,0.9844485120143874,typical,0.0,0.4032308407363636,32.31527809090912,550.5,641.75,805.2,49.0,0.0,Low,16.868531743383436,26.885469491123647
H/W,2026-05-01,91.94141414141413,105.42424242424242,99.97373737373736,101.12121212121212,99.1131313131313,100.95387205387208,0.4032308407363636,2.8257803539472723,0.09090909090909091,0.0,32.31527809090912,24.932990303030326,71.57075742237792,0.0,0.49999999999999994,-0.8660254037844387,39.0,35081.3916144126,16.0,62.419549628621816,318281.0,90.89986548007084,70.86643201170568,109.97823909860676,1278.0,0.9688994021038206,typical,0.0,0.4032308407363636,32.31527809090912,163.0,221.25,291.6,39.0,0.7575757575757576,Low,16.173069225337272,28.559626707240092
F/S,2026-05-01,32.56642958748222,36.711664295874826,37.673541963015644,33.09317211948791,35.65054528212423,36.95213371266003,0.4032308407363636,2.8257803539472723,0.09090909090909091,0.0,32.31527809090912,24.932990303030326,71.57075742237792,0.0,0.49999999999999994,-0.8660254037844387,26.0,37977.76498450448,29.0,42.75650366858393,373529.0,37.26548342137857,18.536924717718257,52.850936022153824,483.0,0.8315184529539577,typical,0.0,0.4032308407363636,32.31527809090912,355.0,436.0,571.7000000000002,26.0,1.5151515151515151,Low,11.82548955350962,9.976597110633598
D,2026-05-01,0.0,0.0,0.0,0.0,0.0,0.0,0.4032308407363636,2.8257803539472723,0.09090909090909091,0.0,32.31527809090912,24.932990303030326,71.57075742237792,0.0,0.49999999999999994,-0.8660254037844387,10.0,43438.070289872856,17.0,32.5715918586037,358933.0,0.0,0.0,81.30401246568015,0.0,0.35,typical,0.0,0.4032308407363636,32.31527809090912,373.0,456.0,570.3000000000002,10.0,0.0,Low,8.142897964650926,0.0
T,2026-05-01,61.887987640015446,71.41647354190808,70.56740054074932,62.642719196601014,67.95728724089095,70.47305909617614,0.4032308407363636,2.8257803539472723,0.09090909090909091,0.0,32.31527809090912,24.932990303030326,71.57075742237792,0.0,0.49999999999999994,-0.8660254037844387,33.0,8200.969947931737,97.0,0.0,353343.0,61.600581775363615,27.067124367458227,90.91053015248822,977.0,1.0036294074710792,typical,0.0,0.4032308407363636,32.31527809090912,158.0,205.0,256.8,33.0,2.272727272727273,Low,1.7045454545454546,17.4336499592078
R/N,2026-06-01,131.5236120709514,129.0949090071412,102.19235199262843,153.00829302004146,120.93695769024036,119.90942947093606,9.004246103565453,10.822036048254544,2.4545454545454546,0.0,32.26273489736073,27.263561407624653,74.24834947698452,0.0,1.2246467991473532e-16,-1.0,51.0,31330.65518222099,11.0,76.65413963198206,446374.0,156.6755290661029,130.5691002874037,204.44765793060313,1622.0,0.97518594977642,typical,0.0,9.004246103565453,32.26273489736073,84.5,137.25,183.60000000000002,51.0,82.57575757575758,High,81.0953530898137,35.09960908702185
G/S,2026-06-01,556.8732905097389,540.9007459593867,588.0062163282222,690.3387898881061,561.9267509324492,579.7943431413179,9.004246103565453,10.822036048254544,2.4545454545454546,0.0,32.26273489736073,27.263561407624653,74.24834947698452,0.0,1.2246467991473532e-16,-1.0,21.0,41858.76936999277,7.0,49.35034752315354,390890.0,772.0381304157048,619.5167372652346,914.4269698102675,7839.0,1.001996486387063,typical,0.0,9.004246103565453,32.26273489736073,445.5,569.25,725.7,21.0,91.66666666666666,High,81.08758688078838,197.50777211381842
P/N,2026-06-01,213.65067526708324,193.3547671840355,166.53517436000806,269.64563596049186,191.1802056037089,193.59638513740506,9.004246103565453,10.822036048254544,2.4545454545454546,0.0,32.26273489736073,27.263561407624653,74.24834947698452,0.0,1.2246467991473532e-16,-1.0,54.0,20751.61391657302,21.0,68.51752173761194,974114.0,286.41472799130884,210.35531073746975,384.2581264085527,2697.0,0.9649163332968834,typical,0.0,9.004246103565453,32.26273489736073,236.5,303.75,381.70000000000005,54.0,72.72727272727273,Medium,71.67483497985754,29.402588197203695
E,2026-06-01,352.9994486307664,345.76854744838573,440.7562947987502,441.084972125222,379.84143029263413,391.61903449120877,9.004246103565453,10.822036048254544,2.4545454545454546,0.0,32.26273489736073,27.263561407624653,74.24834947698452,0.0,1.2246467991473532e-16,-1.0,20.0,55680.01825933636,11.0,55.761109348493214,406967.0,448.0212457375695,361.19186374138934,539.6594310192459,5365.0,0.9885932517551124,typical,0.0,9.004246103565453,32.26273489736073,306.0,443.25,675.0000000000002,20.0,76.51515151515152,High,71.32664097348695,110.08785619904549
A,2026-06-01,89.41319181197878,90.06823351023502,85.48294162244125,128.55193328279,88.32145564821833,97.92873388931008,9.004246103565453,10.822036048254544,2.4545454545454546,0.0,32.26273489736073,27.263561407624653,74.24834947698452,0.0,1.2246467991473532e-16,-1.0,34.0,16997.556497721376,0.0,51.287740727275576,191450.0,126.28096815578719,92.41140003749916,195.79024588532445,1296.0,0.9677901036276229,typical,0.0,9.004246103565453,32.26273489736073,118.0,151.0,192.50000000000003,34.0,56.81818181818182,Medium,55.43557154545526,65.96028631798757
G/N,2026-06-01,225.89299139587337,217.7870687494779,217.4294545150781,283.3496783894411,220.36983822014312,206.58182273828422,9.004246103565453,10.822036048254544,2.4545454545454546,0.0,32.26273489736073,27.263561407624653,74.24834947698452,0.0,1.2246467991473532e-16,-1.0,32.0,70386.32902931391,13.0,79.41957984524025,619878.0,293.93962183169276,234.17989907153603,374.04641884574653,2854.0,0.9723801736603143,typical,0.0,9.004246103565453,32.26273489736073,344.5,431.25,580.8000000000002,32.0,40.15151515151515,Low,49.968531324946426,47.41894724957052
M/W,2026-06-01,149.2360801781737,158.15203375923105,123.97421169851131,187.65959442034932,143.78744187863867,136.95895362013047,9.004246103565453,10.822036048254544,2.4545454545454546,0.0,32.26273489736073,27.263561407624653,74.24834947698452,0.0,1.2246467991473532e-16,-1.0,53.0,24370.643551681354,8.0,75.68490036817151,426222.0,177.79658668627152,143.4994615440965,255.46663430672888,1811.0,0.9883692592576139,typical,0.0,9.004246103565453,32.26273489736073,208.5,298.5,405.30000000000007,53.0,40.909090909090914,Low,49.60304327386106,41.71454938653366
M/E,2026-06-01,262.90186016677353,270.8810898316992,272.807110785302,318.48132197073824,268.8633535945916,332.83476383925387,9.004246103565453,10.822036048254544,2.4545454545454546,0.0,32.26273489736073,27.263561407624653,74.24834947698452,0.0,1.2246467991473532e-16,-1.0,30.0,25140.114655526762,29.0,38.831176497016315,835819.0,360.4926759266859,275.58678005182924,461.05644739851186,4504.0,1.0015566153463125,typical,0.0,9.004246103565453,32.26273489736073,351.5,510.0,711.0000000000002,30.0,52.27272727272727,Medium,48.91233957879953,43.130471540690735
B,2026-06-01,80.45718633282611,87.77147599944668,86.7962373772306,105.16323142896667,85.0082999031678,88.96343431548854,9.004246103565453,10.822036048254544,2.4545454545454546,0.0,32.26273489736073,27.263561407624653,74.24834947698452,0.0,1.2246467991473532e-16,-1.0,11.0,49312.29159982718,8.0,41.88241156212007,131718.0,114.49997639716005,83.74248923037199,179.91327740001574,1175.0,0.9795788760766866,typical,0.0,9.004246103565453,32.26273489736073,119.0,150.75,171.0,11.0,47.72727272727273,Low,46.266057435984564,86.9281164284001
K/W,2026-06-01,168.35204081632656,143.51321512211445,167.37796922047508,178.74213783874205,159.7477417196387,158.80072766811642,9.004246103565453,10.822036048254544,2.4545454545454546,0.0,32.26273489736073,27.263561407624653,74.24834947698452,0.0,1.2246467991473532e-16,-1.0,15.0,31401.094940158986,4.0,36.309719599293075,774733.0,201.38491502291788,157.69668937690454,259.9615705387226,1941.0,1.0092975501098544,typical,0.0,9.004246103565453,32.26273489736073,255.0,312.0,386.9,15.0,31.818181818181817,Low,32.94106626345963,25.994105714216108
L,2026-06-01,442.3224076073705,425.63645546692675,400.94510432268623,494.11637465603116,422.96798913232783,426.23123410777106,9.004246103565453,10.822036048254544,2.4545454545454546,0.0,32.26273489736073,27.263561407624653,74.24834947698452,0.0,1.2246467991473532e-16,-1.0,54.0,59247.16505912701,14.0,97.98623146836815,933611.0,540.1980719789868,428.45829016475875,758.2806546168114,5538.0,0.9857708936863298,typical,0.0,9.004246103565453,32.26273489736073,886.5,1038.25,1224.8000000000002,54.0,10.606060606060606,Low,32.45110332163749,57.861151162420626
R/S,2026-06-01,34.822792245936945,33.662032504405715,36.96573330722538,40.62659095359311,35.15018601918934,34.867436851380454,9.004246103565453,10.822036048254544,2.4545454545454546,0.0,32.26273489736073,27.263561407624653,74.24834947698452,0.0,1.2246467991473532e-16,-1.0,58.0,38869.334356166,23.0,84.82276801582847,715275.0,48.05284486785256,17.477480677246085,75.43753273107933,456.0,0.806268400473146,typical,0.0,9.004246103565453,32.26273489736073,126.5,180.5,293.5000000000001,58.0,12.878787878787879,Low,30.86478291304803,6.718093721694811
H/W,2026-06-01,101.12121212121212,91.94141414141413,105.42424242424242,98.96969696969697,99.49562289562289,102.29259259259258,9.004246103565453,10.822036048254544,2.4545454545454546,0.0,32.26273489736073,27.263561407624653,74.24834947698452,0.0,1.2246467991473532e-16,-1.0,39.0,35081.3916144126,16.0,62.419549628621816,318281.0,126.35402741086462,88.71063099085197,153.30236804107494,1278.0,0.9688994021038206,typical,0.0,9.004246103565453,32.26273489736073,163.0,221.25,291.6,39.0,18.181818181818183,Low,29.241251043519092,39.69889104623418
N,2026-06-01,88.29861207687814,89.38536422551662,79.29894584596556,109.15066892887937,85.66097404945344,88.57030011403776,9.004246103565453,10.822036048254544,2.4545454545454546,0.0,32.26273489736073,27.263561407624653,74.24834947698452,0.0,1.2246467991473532e-16,-1.0,62.0,24965.570277936793,4.0,88.80171457911482,644521.0,121.11456129847608,80.89820107186895,194.86970901320996,1221.0,0.9632398949549266,typical,0.0,9.004246103565453,32.26273489736073,535.5,642.75,825.9,62.0,6.0606060606060606,Low,26.74588319023325,18.791406532677147
S,2026-06-01,146.33440411178924,161.6587696755541,164.05043366527465,186.54979119820106,157.3478691508727,176.98313523931895,9.004246103565453,10.822036048254544,2.4545454545454546,0.0,32.26273489736073,27.263561407624653,74.24834947698452,0.0,1.2246467991473532e-16,-1.0,72.0,25742.327721822323,18.0,95.07507283047032,769657.0,188.5841144938063,143.90310386683294,274.1328940763921,2206.0,1.0383821745317885,typical,0.0,9.004246103565453,32.26273489736073,344.5,434.5,517.8,72.0,3.0303030303030303,Low,26.041495480344853,24.50235812755634
C,2026-06-01,29.46131568059578,25.760860570955725,25.855744035305474,34.82223141635637,27.025973428952327,25.74900013791201,9.004246103565453,10.822036048254544,2.4545454545454546,0.0,32.26273489736073,27.263561407624653,74.24834947698452,0.0,1.2246467991473532e-16,-1.0,39.0,89447.24562784938,15.0,100.0,171941.0,36.965000993551904,14.462287930784145,55.39023793207396,344.0,0.57970542451328,typical,0.0,9.004246103565453,32.26273489736073,191.0,245.0,288.0,,0.7575757575757576,Low,25.568181818181817,21.498654185768316
R/C,2026-06-01,151.0949150641924,163.4819756685541,189.2089476929977,188.11997533217465,167.9286128085814,187.55280222757938,9.004246103565453,10.822036048254544,2.4545454545454546,0.0,32.26273489736073,27.263561407624653,74.24834947698452,0.0,1.2246467991473532e-16,-1.0,19.0,12054.163795161348,11.0,24.758916206328827,581718.0,175.99977827676256,141.42337083763056,259.7227720243443,2428.0,0.989096474498806,typical,0.0,9.004246103565453,32.26273489736073,237.0,319.0,357.9,19.0,25.757575757575758,Low,25.507910869764025,30.25517145365324
P/S,2026-06-01,35.290544109878496,31.41996830427892,29.940042260961437,41.55176967776017,32.21685155837295,35.84077302341962,9.004246103565453,10.822036048254544,2.4545454545454546,0.0,32.26273489736073,27.263561407624653,74.24834947698452,0.0,1.2246467991473532e-16,-1.0,57.0,18947.99258776129,13.0,74.55156987481263,479631.0,45.36102603850347,21.94142738858349,65.16731663639257,431.0,0.6938065216802108,typical,0.0,9.004246103565453,32.26273489736073,68.5,84.0,110.80000000000001,57.0,9.090909090909092,Low,25.456074286884977,9.457484198999536
F/N,2026-06-01,68.26089271452658,70.5858550004437,77.8397373325051,75.70077202946135,72.22882834915845,81.55967698997249,9.004246103565453,10.822036048254544,2.4545454545454546,0.0,32.26273489736073,27.263561407624653,74.24834947698452,0.0,1.2246467991473532e-16,-1.0,58.0,44351.2179713998,11.0,94.01830303515386,547438.0,85.23232385273299,68.40519873889399,118.14569929441126,1048.0,0.9912229790641491,typical,0.0,9.004246103565453,32.26273489736073,210.5,281.5,415.30000000000007,58.0,0.7575757575757576,Low,24.072757576970282,15.569310835698836
H/E,2026-06-01,155.3241013553329,153.92162639952858,172.01355332940483,191.0170889805539,160.4197603614221,174.85356511490863,9.004246103565453,10.822036048254544,2.4545454545454546,0.0,32.26273489736073,27.263561407624653,74.24834947698452,0.0,1.2246467991473532e-16,-1.0,42.0,46206.38850675846,5.0,78.64547148825885,576624.0,206.51802798829314,153.89668615672224,274.93058489583666,2261.0,1.0452336083598999,typical,0.0,9.004246103565453,32.26273489736073,446.0,562.5,628.9,42.0,1.5151515151515151,Low,20.79773150842835,35.81502469343855
K/E,2026-06-01,223.718749114003,210.65680020413373,260.97598593745573,245.98542712143126,231.7838450851975,250.38324213470935,9.004246103565453,10.822036048254544,2.4545454545454546,0.0,32.26273489736073,27.263561407624653,74.24834947698452,0.0,1.2246467991473532e-16,-1.0,49.0,35404.028806505885,32.0,67.47412697353374,852546.0,307.4297829258331,251.99456189663655,419.2900211352781,3092.0,0.9844485120143874,typical,0.0,9.004246103565453,32.26273489736073,550.5,641.75,805.2,49.0,2.272727272727273,Low,18.57307719792889,36.060198854470386
F/S,2026-06-01,33.09317211948791,32.56642958748222,36.711664295874826,40.83399715504979,34.123755334281654,36.52463252726411,9.004246103565453,10.822036048254544,2.4545454545454546,0.0,32.26273489736073,27.263561407624653,74.24834947698452,0.0,1.2246467991473532e-16,-1.0,26.0,37977.76498450448,29.0,42.75650366858393,373529.0,49.66373708938905,18.004638504346342,77.83866219390048,483.0,0.8315184529539577,typical,0.0,9.004246103565453,32.26273489736073,355.0,436.0,571.7000000000002,26.0,1.5151515151515151,Low,11.82548955350962,13.2958182870377
D,2026-06-01,0.0,0.0,0.0,0.0,0.0,0.0,9.004246103565453,10.822036048254544,2.4545454545454546,0.0,32.26273489736073,27.263561407624653,74.24834947698452,0.0,1.2246467991473532e-16,-1.0,10.0,43438.070289872856,17.0,32.5715918586037,358933.0,0.0,0.0,52.825346142648826,0.0,0.35,typical,0.0,9.004246103565453,32.26273489736073,373.0,456.0,570.3000000000002,10.0,0.0,Low,8.142897964650926,0.0
T,2026-06-01,62.642719196601014,61.887987640015446,71.41647354190808,80.7562765546543,65.31572679284152,67.73715720355351,9.004246103565453,10.822036048254544,2.4545454545454546,0.0,32.26273489736073,27.263561407624653,74.24834947698452,0.0,1.2246467991473532e-16,-1.0,33.0,8200.969947931737,97.0,0.0,353343.0,74.46287280674062,22.27808742274195,100.65970819048461,977.0,1.0036294074710792,typical,0.0,9.004246103565453,32.26273489736073,158.0,205.0,256.8,33.0,3.787878787878788,Low,2.840909090909091,21.073821416227467
R/N,2026-07-01,153.00829302004146,131.5236120709514,129.0949090071412,234.8369039391845,137.87560469937802,124.7045611610228,432.92739154676366,442.33486849106544,26.272727272727273,1.7272727272727273,30.237618454545476,26.955099454545476,82.40452276472236,0.0,-0.4999999999999997,-0.8660254037844388,51.0,31330.65518222099,11.0,76.65413963198206,446374.0,185.99293262229077,139.92670544755325,263.80124108044714,1622.0,0.97518594977642,typical,0.0,432.92739154676366,30.237618454545476,84.5,137.25,183.60000000000002,51.0,91.66666666666666,High,87.91353490799551,41.667510343857565
G/S,2026-07-01,690.3387898881061,556.8732905097389,540.9007459593867,1059.3316411106507,596.0376087857439,587.5098943224203,432.92739154676366,442.33486849106544,26.272727272727273,1.7272727272727273,30.237618454545476,26.955099454545476,82.40452276472236,0.0,-0.4999999999999997,-0.8660254037844388,21.0,41858.76936999277,7.0,49.35034752315354,390890.0,918.7521866997647,734.8323446609527,1249.3963353321158,7839.0,1.001996486387063,typical,0.0,432.92739154676366,30.237618454545476,445.5,569.25,725.7,21.0,97.72727272727273,High,85.63304142624293,235.04110790753526
P/N,2026-07-01,269.64563596049186,213.65067526708324,193.3547671840355,375.2930860713566,225.55035947053685,204.13696835315457,432.92739154676366,442.33486849106544,26.272727272727273,1.7272727272727273,30.237618454545476,26.955099454545476,82.40452276472236,0.0,-0.4999999999999997,-0.8660254037844388,54.0,20751.61391657302,21.0,68.51752173761194,974114.0,363.60237643334057,252.93819582211026,454.5413775767288,2697.0,0.9649163332968834,typical,0.0,432.92739154676366,30.237618454545476,236.5,303.75,381.70000000000005,54.0,86.36363636363636,High,81.90210770713026,37.326470662914254
E,2026-07-01,441.084972125222,352.9994486307664,345.76854744838573,636.3193040495007,379.950989401458,389.09917498825786,432.92739154676366,442.33486849106544,26.272727272727273,1.7272727272727273,30.237618454545476,26.955099454545476,82.40452276472236,0.0,-0.4999999999999997,-0.8660254037844388,20.0,55680.01825933636,11.0,55.761109348493214,406967.0,663.7162022337213,453.50397360897347,776.1121059591555,5365.0,0.9885932517551124,typical,0.0,432.92739154676366,30.237618454545476,306.0,443.25,675.0000000000002,20.0,89.39393939393939,High,80.98573188257785,163.0884573524933
A,2026-07-01,128.55193328279,89.41319181197878,90.06823351023502,164.90674753601215,102.67778620166793,99.56633813495073,432.92739154676366,442.33486849106544,26.272727272727273,1.7272727272727273,30.237618454545476,26.955099454545476,82.40452276472236,0.0,-0.4999999999999997,-0.8660254037844388,34.0,16997.556497721376,0.0,51.287740727275576,191450.0,168.47646899261935,126.19756259687054,222.29435633983465,1296.0,0.9677901036276229,typical,0.0,432.92739154676366,30.237618454545476,118.0,151.0,192.50000000000003,34.0,84.0909090909091,High,75.89011700000071,88.00024496872257
M/W,2026-07-01,187.65959442034932,149.2360801781737,158.15203375923105,267.6908920407924,165.015902785918,145.8041456648302,432.92739154676366,442.33486849106544,26.272727272727273,1.7272727272727273,30.237618454545476,26.955099454545476,82.40452276472236,0.0,-0.4999999999999997,-0.8660254037844388,53.0,24370.643551681354,8.0,75.68490036817151,426222.0,238.6467527268882,194.20715925846838,313.3272446463782,1811.0,0.9883692592576139,typical,0.0,432.92739154676366,30.237618454545476,208.5,298.5,405.30000000000007,53.0,60.60606060606061,Medium,64.37577054658833,55.99118598450765
G/N,2026-07-01,283.3496783894411,225.89299139587337,217.7870687494779,355.5877537382007,242.34324617826414,216.7539609612118,432.92739154676366,442.33486849106544,26.272727272727273,1.7272727272727273,30.237618454545476,26.955099454545476,82.40452276472236,0.0,-0.4999999999999997,-0.8660254037844388,32.0,70386.32902931391,13.0,79.41957984524025,619878.0,351.51577538351756,281.58141730504747,419.7980931213672,2854.0,0.9723801736603143,typical,0.0,432.92739154676366,30.237618454545476,344.5,431.25,580.8000000000002,32.0,53.78787878787878,Medium,60.195804052219145,56.707251327441455
B,2026-07-01,105.16323142896667,80.45718633282611,87.77147599944668,108.57656660672292,91.1306312537465,91.5911606031263,432.92739154676366,442.33486849106544,26.272727272727273,1.7272727272727273,30.237618454545476,26.955099454545476,82.40452276472236,0.0,-0.4999999999999997,-0.8660254037844388,11.0,49312.29159982718,8.0,41.88241156212007,131718.0,138.44638430998995,88.46723406428693,164.5049916214475,1175.0,0.9795788760766866,typical,0.0,432.92739154676366,30.237618454545476,119.0,150.75,171.0,11.0,65.9090909090909,Medium,59.9024210723482,105.10817375756537
M/E,2026-07-01,318.48132197073824,262.90186016677353,270.8810898316992,535.4338251015608,284.08809065640366,316.09672459961104,432.92739154676366,442.33486849106544,26.272727272727273,1.7272727272727273,30.237618454545476,26.955099454545476,82.40452276472236,0.0,-0.4999999999999997,-0.8660254037844388,30.0,25140.114655526762,29.0,38.831176497016315,835819.0,423.0597339956443,350.32252293498135,542.7442293364452,4504.0,1.0015566153463125,typical,0.0,432.92739154676366,30.237618454545476,351.5,510.0,711.0000000000002,30.0,60.60606060606061,Medium,55.16233957879953,50.61619010762429
R/C,2026-07-01,188.11997533217465,151.0949150641924,163.4819756685541,247.60509054213153,167.5656220216404,184.37663284184558,432.92739154676366,442.33486849106544,26.272727272727273,1.7272727272727273,30.237618454545476,26.955099454545476,82.40452276472236,0.0,-0.4999999999999997,-0.8660254037844388,19.0,12054.163795161348,11.0,24.758916206328827,581718.0,243.7975923795255,190.40418104376263,307.45045378932525,2428.0,0.989096474498806,typical,0.0,432.92739154676366,30.237618454545476,237.0,319.0,357.9,19.0,51.515151515151516,Medium,44.826092687945845,41.90992755588197
S,2026-07-01,186.54979119820106,146.33440411178924,161.6587696755541,245.54416961130738,164.8476549951815,174.75386818717206,432.92739154676366,442.33486849106544,26.272727272727273,1.7272727272727273,30.237618454545476,26.955099454545476,82.40452276472236,0.0,-0.4999999999999997,-0.8660254037844388,72.0,25742.327721822323,18.0,95.07507283047032,769657.0,267.7824837399718,205.93159574436964,347.12761871552317,2206.0,1.0383821745317885,typical,0.0,432.92739154676366,30.237618454545476,344.5,434.5,517.8,72.0,22.727272727272727,Low,40.81422275307213,34.792444392758306
K/W,2026-07-01,178.74213783874205,168.35204081632656,143.51321512211445,241.89444630311144,163.53579792572768,162.91347440615593,432.92739154676366,442.33486849106544,26.272727272727273,1.7272727272727273,30.237618454545476,26.955099454545476,82.40452276472236,0.0,-0.4999999999999997,-0.8660254037844388,15.0,31401.094940158986,4.0,36.309719599293075,774733.0,222.0092344930705,189.80609137792064,302.0502814012557,1941.0,1.0092975501098544,typical,0.0,432.92739154676366,30.237618454545476,255.0,312.0,386.9,15.0,41.66666666666667,Low,40.32742989982327,28.656225369652578
L,2026-07-01,494.11637465603116,442.3224076073705,425.63645546692675,616.8015256539761,454.0250792434428,432.5808979762444,432.92739154676366,442.33486849106544,26.272727272727273,1.7272727272727273,30.237618454545476,26.955099454545476,82.40452276472236,0.0,-0.4999999999999997,-0.8660254037844388,54.0,59247.16505912701,14.0,97.98623146836815,933611.0,622.8485235544924,491.70161171825333,851.0711969090833,5538.0,0.9857708936863298,typical,0.0,432.92739154676366,30.237618454545476,886.5,1038.25,1224.8000000000002,54.0,13.636363636363635,Low,34.72383059436476,66.71392298874932
H/W,2026-07-01,98.96969696969697,101.12121212121212,91.94141414141413,127.65656565656566,97.34410774410775,103.41616161616162,432.92739154676366,442.33486849106544,26.272727272727273,1.7272727272727273,30.237618454545476,26.955099454545476,82.40452276472236,0.0,-0.4999999999999997,-0.8660254037844388,39.0,35081.3916144126,16.0,62.419549628621816,318281.0,136.1071698117192,98.87461420840089,203.0659398475874,1278.0,0.9688994021038206,typical,0.0,432.92739154676366,30.237618454545476,163.0,221.25,291.6,39.0,25.0,Low,34.35488740715545,42.76320918047863
R/S,2026-07-01,40.62659095359311,34.822792245936945,33.662032504405715,76.34227530840023,36.37047190131192,36.42999804190327,432.92739154676366,442.33486849106544,26.272727272727273,1.7272727272727273,30.237618454545476,26.955099454545476,82.40452276472236,0.0,-0.4999999999999997,-0.8660254037844388,58.0,38869.334356166,23.0,84.82276801582847,715275.0,51.04630336711936,17.910410602849456,71.40123312202127,456.0,0.806268400473146,typical,0.0,432.92739154676366,30.237618454545476,126.5,180.5,293.5000000000001,58.0,12.878787878787879,Low,30.86478291304803,7.136598282775067
P/S,2026-07-01,41.55176967776017,35.290544109878496,31.41996830427892,48.26835710512414,36.08742736397253,36.61868286670188,432.92739154676366,442.33486849106544,26.272727272727273,1.7272727272727273,30.237618454545476,26.955099454545476,82.40452276472236,0.0,-0.4999999999999997,-0.8660254037844388,57.0,18947.99258776129,13.0,74.55156987481263,479631.0,46.878992570278655,31.332991381475058,61.62834334482505,431.0,0.6938065216802108,typical,0.0,432.92739154676366,30.237618454545476,68.5,84.0,110.80000000000001,57.0,12.121212121212121,Low,27.728801559612247,9.773970525316056
N,2026-07-01,109.15066892887937,88.29861207687814,89.38536422551662,189.5703279281284,95.6115484104247,91.3041609879565,432.92739154676366,442.33486849106544,26.272727272727273,1.7272727272727273,30.237618454545476,26.955099454545476,82.40452276472236,0.0,-0.4999999999999997,-0.8660254037844388,62.0,24965.570277936793,4.0,88.80171457911482,644521.0,146.8501262803561,105.46496130473534,198.7420076919182,1221.0,0.9632398949549266,typical,0.0,432.92739154676366,30.237618454545476,535.5,642.75,825.9,62.0,6.0606060606060606,Low,26.74588319023325,22.784381933304907
F/N,2026-07-01,75.70077202946135,68.26089271452658,70.5858550004437,91.51051557369776,71.51583991481054,79.15721596119145,432.92739154676366,442.33486849106544,26.272727272727273,1.7272727272727273,30.237618454545476,26.955099454545476,82.40452276472236,0.0,-0.4999999999999997,-0.8660254037844388,58.0,44351.2179713998,11.0,94.01830303515386,547438.0,95.94485178459551,68.47052399739475,141.7957133350384,1048.0,0.9912229790641491,typical,0.0,432.92739154676366,30.237618454545476,210.5,281.5,415.30000000000007,58.0,3.0303030303030303,Low,25.77730303151574,17.52615853934062
C,2026-07-01,34.82223141635637,29.46131568059578,25.760860570955725,38.73617432078334,30.014802555969293,27.46876292925114,432.92739154676366,442.33486849106544,26.272727272727273,1.7272727272727273,30.237618454545476,26.955099454545476,82.40452276472236,0.0,-0.4999999999999997,-0.8660254037844388,39.0,89447.24562784938,15.0,100.0,171941.0,38.56107514524392,17.224200170279126,52.446954369243876,344.0,0.57970542451328,typical,0.0,432.92739154676366,30.237618454545476,191.0,245.0,288.0,,0.7575757575757576,Low,25.568181818181817,22.426922691646507
H/E,2026-07-01,191.0170889805539,155.3241013553329,153.92162639952858,252.16499705362406,166.75427224513848,175.90542133176191,432.92739154676366,442.33486849106544,26.272727272727273,1.7272727272727273,30.237618454545476,26.955099454545476,82.40452276472236,0.0,-0.4999999999999997,-0.8660254037844388,42.0,46206.38850675846,5.0,78.64547148825885,576624.0,261.4241149287378,201.71360007490037,332.6476265919655,2261.0,1.0452336083598999,typical,0.0,432.92739154676366,30.237618454545476,446.0,562.5,628.9,42.0,6.8181818181818175,Low,24.775004235701076,45.33701596338998
K/E,2026-07-01,245.98542712143126,223.718749114003,210.65680020413373,302.87941935300955,226.7869921465227,247.76793021651406,432.92739154676366,442.33486849106544,26.272727272727273,1.7272727272727273,30.237618454545476,26.955099454545476,82.40452276472236,0.0,-0.4999999999999997,-0.8660254037844388,49.0,35404.028806505885,32.0,67.47412697353374,852546.0,327.13016340998047,241.58090878120657,444.09951964770596,3092.0,0.9844485120143874,typical,0.0,432.92739154676366,30.237618454545476,550.5,641.75,805.2,49.0,3.787878787878788,Low,19.709440834292526,38.37096923919419
F/S,2026-07-01,40.83399715504979,33.09317211948791,32.56642958748222,60.27766714082503,35.497866287339974,37.265125651967764,432.92739154676366,442.33486849106544,26.272727272727273,1.7272727272727273,30.237618454545476,26.955099454545476,82.40452276472236,0.0,-0.4999999999999997,-0.8660254037844388,26.0,37977.76498450448,29.0,42.75650366858393,373529.0,52.379758908948055,18.01623778534278,73.67527819451784,483.0,0.8315184529539577,typical,0.0,432.92739154676366,30.237618454545476,355.0,436.0,571.7000000000002,26.0,1.5151515151515151,Low,11.82548955350962,14.022943040285508
D,2026-07-01,0.0,0.0,0.0,0.0,0.0,0.0,432.92739154676366,442.33486849106544,26.272727272727273,1.7272727272727273,30.237618454545476,26.955099454545476,82.40452276472236,0.0,-0.4999999999999997,-0.8660254037844388,10.0,43438.070289872856,17.0,32.5715918586037,358933.0,0.43262379212492635,0.0,70.69559719234883,0.0,0.35,typical,0.0,432.92739154676366,30.237618454545476,373.0,456.0,570.3000000000002,10.0,0.0,Low,8.142897964650926,0.1205305146433809
T,2026-07-01,80.7562765546543,62.642719196601014,61.887987640015446,109.24739281575899,68.42899446375692,70.14286404016995,432.92739154676366,442.33486849106544,26.272727272727273,1.7272727272727273,30.237618454545476,26.955099454545476,82.40452276472236,0.0,-0.4999999999999997,-0.8660254037844388,33.0,8200.969947931737,97.0,0.0,353343.0,101.18193497308977,36.23834513238223,153.5043364179745,977.0,1.0036294074710792,typical,0.0,432.92739154676366,30.237618454545476,158.0,205.0,256.8,33.0,9.848484848484848,Low,7.386363636363636,28.635613263341785
R/N,2026-08-01,234.8369039391845,153.00829302004146,131.5236120709514,139.93066113798665,173.12293634339244,143.76053904630268,657.3282583279818,1099.2598959783109,31.0,2.727272727272727,27.98216087976542,25.8958759530792,88.37366056121309,0.0,-0.8660254037844384,-0.5000000000000004,51.0,31330.65518222099,11.0,76.65413963198206,446374.0,196.8753701725944,131.95894778949148,229.53074019770864,1622.0,0.97518594977642,typical,0.0,657.3282583279818,27.98216087976542,84.5,137.25,183.60000000000002,51.0,93.18181818181817,High,89.04989854435914,44.10547437184836
G/S,2026-08-01,1059.3316411106507,690.3387898881061,556.8732905097389,795.107853294654,768.8479071694986,667.0116556154165,657.3282583279818,1099.2598959783109,31.0,2.727272727272727,27.98216087976542,25.8958759530792,88.37366056121309,0.0,-0.8660254037844384,-0.5000000000000004,21.0,41858.76936999277,7.0,49.35034752315354,390890.0,893.8867480853968,626.8171202837091,1067.9395898017412,7839.0,1.001996486387063,typical,0.0,657.3282583279818,27.98216087976542,445.5,569.25,725.7,21.0,96.96969696969697,High,85.0648596080611,228.67987108531727
E,2026-08-01,636.3193040495007,441.084972125222,352.9994486307664,496.96011762543645,476.80124160182976,428.48567461046787,657.3282583279818,1099.2598959783109,31.0,2.727272727272727,27.98216087976542,25.8958759530792,88.37366056121309,0.0,-0.8660254037844384,-0.5000000000000004,20.0,55680.01825933636,11.0,55.761109348493214,406967.0,518.0483986683766,401.0549316861926,643.2709319404878,5365.0,0.9885932517551124,typical,0.0,657.3282583279818,27.98216087976542,306.0,443.25,675.0000000000002,20.0,85.60606060606061,High,78.14482279166876,127.29494004879429
P/N,2026-08-01,375.2930860713566,269.64563596049186,213.65067526708324,272.7262648659545,286.19646576631055,233.91638110595986,657.3282583279818,1099.2598959783109,31.0,2.727272727272727,27.98216087976542,25.8958759530792,88.37366056121309,0.0,-0.8660254037844384,-0.5000000000000004,54.0,20751.61391657302,21.0,68.51752173761194,974114.0,324.1227130415297,252.2244486295797,464.1708433316887,2697.0,0.9649163332968834,typical,0.0,657.3282583279818,27.98216087976542,236.5,303.75,381.70000000000005,54.0,79.54545454545455,High,76.7884713434939,33.27359149355514
M/E,2026-08-01,535.4338251015608,318.48132197073824,262.90186016677353,462.5201747151715,372.27233574635756,336.45751753769713,657.3282583279818,1099.2598959783109,31.0,2.727272727272727,27.98216087976542,25.8958759530792,88.37366056121309,0.0,-0.8660254037844384,-0.5000000000000004,30.0,25140.114655526762,29.0,38.831176497016315,835819.0,461.32634272739216,359.55039213486174,586.7232601194762,4504.0,1.0015566153463125,typical,0.0,657.3282583279818,27.98216087976542,351.5,510.0,711.0000000000002,30.0,68.18181818181817,Medium,60.844157760617705,55.1945268924722
A,2026-08-01,164.90674753601215,128.55193328279,89.41319181197878,124.45792266868841,127.62395754359363,109.14632297194844,657.3282583279818,1099.2598959783109,31.0,2.727272727272727,27.98216087976542,25.8958759530792,88.37366056121309,0.0,-0.8660254037844384,-0.5000000000000004,34.0,16997.556497721376,0.0,51.287740727275576,191450.0,122.98077144211292,102.97726808933955,181.5548052197842,1296.0,0.9677901036276229,typical,0.0,657.3282583279818,27.98216087976542,118.0,151.0,192.50000000000003,34.0,56.81818181818182,Medium,55.43557154545526,64.23649592170955
M/W,2026-08-01,267.6908920407924,187.65959442034932,149.2360801781737,161.12401828625013,201.52885554643845,168.6955026765131,657.3282583279818,1099.2598959783109,31.0,2.727272727272727,27.98216087976542,25.8958759530792,88.37366056121309,0.0,-0.8660254037844384,-0.5000000000000004,53.0,24370.643551681354,8.0,75.68490036817151,426222.0,201.58435128675416,118.97514174170409,252.50337410095796,1811.0,0.9883692592576139,typical,0.0,657.3282583279818,27.98216087976542,208.5,298.5,405.30000000000007,53.0,46.96969696969697,Low,54.14849781931561,47.29562324017863
G/N,2026-08-01,355.5877537382007,283.3496783894411,225.89299139587337,277.2702364046446,288.2768078411718,245.14455768106257,657.3282583279818,1099.2598959783109,31.0,2.727272727272727,27.98216087976542,25.8958759530792,88.37366056121309,0.0,-0.8660254037844384,-0.5000000000000004,32.0,70386.32902931391,13.0,79.41957984524025,619878.0,315.856270088777,242.43823559268594,461.5241932411386,2854.0,0.9723801736603143,typical,0.0,657.3282583279818,27.98216087976542,344.5,431.25,580.8000000000002,32.0,43.18181818181818,Low,52.24125859767369,50.95458623935308
K/W,2026-08-01,241.89444630311144,178.74213783874205,168.35204081632656,161.85823017731684,196.32954165272668,174.06118266978922,657.3282583279818,1099.2598959783109,31.0,2.727272727272727,27.98216087976542,25.8958759530792,88.37366056121309,0.0,-0.8660254037844384,-0.5000000000000004,15.0,31401.094940158986,4.0,36.309719599293075,774733.0,215.9673536180319,158.1877139238756,282.96967123646874,1941.0,1.0092975501098544,typical,0.0,657.3282583279818,27.98216087976542,255.0,312.0,386.9,15.0,39.39393939393939,Low,38.62288444527781,27.87635916090213
R/C,2026-08-01,247.60509054213153,188.11997533217465,151.0949150641924,233.4484498514324,195.60666031283287,189.3223823139168,657.3282583279818,1099.2598959783109,31.0,2.727272727272727,27.98216087976542,25.8958759530792,88.37366056121309,0.0,-0.8660254037844384,-0.5000000000000004,19.0,12054.163795161348,11.0,24.758916206328827,581718.0,211.2101436844257,175.47372062298624,293.2265135037556,2428.0,0.989096474498806,typical,0.0,657.3282583279818,27.98216087976542,237.0,319.0,357.9,19.0,37.878787878787875,Low,34.59881996067311,36.30799522868911
L,2026-08-01,616.8015256539761,494.11637465603116,442.3224076073705,498.5531018147619,517.7467693057926,462.3841304120659,657.3282583279818,1099.2598959783109,31.0,2.727272727272727,27.98216087976542,25.8958759530792,88.37366056121309,0.0,-0.8660254037844384,-0.5000000000000004,54.0,59247.16505912701,14.0,97.98623146836815,933611.0,516.7551403194954,433.6329551753786,646.8326206841102,5538.0,0.9857708936863298,typical,0.0,657.3282583279818,27.98216087976542,886.5,1038.25,1224.8000000000002,54.0,9.848484848484848,Low,31.882921503455673,55.3501555058258
R/S,2026-08-01,76.34227530840023,40.62659095359311,34.822792245936945,42.5909535931075,50.59721950264343,43.02251811239475,657.3282583279818,1099.2598959783109,31.0,2.727272727272727,27.98216087976542,25.8958759530792,88.37366056121309,0.0,-0.8660254037844384,-0.5000000000000004,58.0,38869.334356166,23.0,84.82276801582847,715275.0,40.3134200236573,23.88855230776254,55.535559147475354,456.0,0.806268400473146,typical,0.0,657.3282583279818,27.98216087976542,126.5,180.5,293.5000000000001,58.0,12.878787878787879,Low,30.86478291304803,5.636072842425263
S,2026-08-01,245.54416961130738,186.54979119820106,146.33440411178924,199.393912624478,192.8094549737659,180.86589838312452,657.3282583279818,1099.2598959783109,31.0,2.727272727272727,27.98216087976542,25.8958759530792,88.37366056121309,0.0,-0.8660254037844384,-0.5000000000000004,72.0,25742.327721822323,18.0,95.07507283047032,769657.0,215.8617339206291,142.57135940897174,257.7202367860544,2206.0,1.0383821745317885,typical,0.0,657.3282583279818,27.98216087976542,344.5,434.5,517.8,72.0,8.333333333333332,Low,30.01876820761758,28.046484852425056
B,2026-08-01,108.57656660672292,105.16323142896667,80.45718633282611,123.04260616959469,98.0656614561719,93.83962742656892,657.3282583279818,1099.2598959783109,31.0,2.727272727272727,27.98216087976542,25.8958759530792,88.37366056121309,0.0,-0.8660254037844384,-0.5000000000000004,11.0,49312.29159982718,8.0,41.88241156212007,131718.0,92.8755349412661,69.81209363124081,153.64701555303154,1175.0,0.9795788760766866,typical,0.0,657.3282583279818,27.98216087976542,119.0,150.75,171.0,11.0,25.757575757575758,Low,29.788784708711837,70.51089064612741
H/W,2026-08-01,127.65656565656566,98.96969696969697,101.12121212121212,113.8868686868687,109.24915824915826,104.18114478114477,657.3282583279818,1099.2598959783109,31.0,2.727272727272727,27.98216087976542,25.8958759530792,88.37366056121309,0.0,-0.8660254037844384,-0.5000000000000004,39.0,35081.3916144126,16.0,62.419549628621816,318281.0,121.90833580064015,83.19769497565193,163.97181773435452,1278.0,0.9688994021038206,typical,0.0,657.3282583279818,27.98216087976542,163.0,221.25,291.6,39.0,15.151515151515152,Low,26.96852377079182,38.302109079913706
N,2026-08-01,189.5703279281284,109.15066892887937,88.29861207687814,114.07501460239756,129.00653631129532,106.6941562595611,657.3282583279818,1099.2598959783109,31.0,2.727272727272727,27.98216087976542,25.8958759530792,88.37366056121309,0.0,-0.8660254037844384,-0.5000000000000004,62.0,24965.570277936793,4.0,88.80171457911482,644521.0,150.21863769715569,106.58152206245369,203.82055288294458,1221.0,0.9632398949549266,typical,0.0,657.3282583279818,27.98216087976542,535.5,642.75,825.9,62.0,6.0606060606060606,Low,26.74588319023325,23.30701989495388
C,2026-08-01,38.73617432078334,34.82223141635637,29.46131568059578,31.14549717280375,34.33990713924516,29.76968693973245,657.3282583279818,1099.2598959783109,31.0,2.727272727272727,27.98216087976542,25.8958759530792,88.37366056121309,0.0,-0.8660254037844384,-0.5000000000000004,39.0,89447.24562784938,15.0,100.0,171941.0,28.213610633606894,19.831304041827867,37.61052062577256,344.0,0.57970542451328,typical,0.0,657.3282583279818,27.98216087976542,191.0,245.0,288.0,,0.7575757575757576,Low,25.568181818181817,16.408890627370372
F/N,2026-08-01,91.51051557369776,75.70077202946135,68.26089271452658,107.41325760937083,78.4907267725619,79.63770816694768,657.3282583279818,1099.2598959783109,31.0,2.727272727272727,27.98216087976542,25.8958759530792,88.37366056121309,0.0,-0.8660254037844384,-0.5000000000000004,58.0,44351.2179713998,11.0,94.01830303515386,547438.0,93.24544168213207,64.15850986845084,173.04488475390505,1048.0,0.9912229790641491,typical,0.0,657.3282583279818,27.98216087976542,210.5,281.5,415.30000000000007,58.0,2.272727272727273,Low,25.20912121333392,17.033059758754796
H/E,2026-08-01,252.16499705362406,191.0170889805539,155.3241013553329,204.4808485562758,199.5020624631703,182.95285798467884,657.3282583279818,1099.2598959783109,31.0,2.727272727272727,27.98216087976542,25.8958759530792,88.37366056121309,0.0,-0.8660254037844384,-0.5000000000000004,42.0,46206.38850675846,5.0,78.64547148825885,576624.0,213.17163230902503,152.1785302702373,262.38635118214773,2261.0,1.0452336083598999,typical,0.0,657.3282583279818,27.98216087976542,446.0,562.5,628.9,42.0,1.5151515151515151,Low,20.79773150842835,36.96891428539656
P/S,2026-08-01,48.26835710512414,41.55176967776017,35.290544109878496,36.31510829371368,41.70355696425427,37.37761929917239,657.3282583279818,1099.2598959783109,31.0,2.727272727272727,27.98216087976542,25.8958759530792,88.37366056121309,0.0,-0.8660254037844384,-0.5000000000000004,57.0,18947.99258776129,13.0,74.55156987481263,479631.0,33.30271304065012,26.428573357811768,44.09802808201093,431.0,0.6938065216802108,typical,0.0,657.3282583279818,27.98216087976542,68.5,84.0,110.80000000000001,57.0,1.5151515151515151,Low,19.774256105066794,6.943402957825937
K/E,2026-08-01,302.87941935300955,245.98542712143126,223.718749114003,289.8174704431403,257.52786519614796,249.76959352820543,657.3282583279818,1099.2598959783109,31.0,2.727272727272727,27.98216087976542,25.8958759530792,88.37366056121309,0.0,-0.8660254037844384,-0.5000000000000004,49.0,35404.028806505885,32.0,67.47412697353374,852546.0,289.22869450774886,204.7559022891444,437.6272717865618,3092.0,0.9844485120143874,typical,0.0,657.3282583279818,27.98216087976542,550.5,641.75,805.2,49.0,0.7575757575757576,Low,17.436713561565252,33.92528901757194
F/S,2026-08-01,60.27766714082503,40.83399715504979,33.09317211948791,49.23897581792318,44.734945471787576,40.192745376955905,657.3282583279818,1099.2598959783109,31.0,2.727272727272727,27.98216087976542,25.8958759530792,88.37366056121309,0.0,-0.8660254037844384,-0.5000000000000004,26.0,37977.76498450448,29.0,42.75650366858393,373529.0,40.274792225339176,18.820019081794324,53.14593018563811,483.0,0.8315184529539577,typical,0.0,657.3282583279818,27.98216087976542,355.0,436.0,571.7000000000002,26.0,1.5151515151515151,Low,11.82548955350962,10.78223972578814
D,2026-08-01,0.0,0.0,0.0,0.0,0.0,0.0,657.3282583279818,1099.2598959783109,31.0,2.727272727272727,27.98216087976542,25.8958759530792,88.37366056121309,0.0,-0.8660254037844384,-0.5000000000000004,10.0,43438.070289872856,17.0,32.5715918586037,358933.0,7.668560421169368,0.11961484336028293,148.49508725517276,0.0,0.35,typical,0.0,657.3282583279818,27.98216087976542,373.0,456.0,570.3000000000002,10.0,0.0,Low,8.142897964650926,2.136487985548659
T,2026-08-01,109.24739281575899,80.7562765546543,62.642719196601014,100.00193124758594,84.21546285567143,76.0863750482812,657.3282583279818,1099.2598959783109,31.0,2.727272727272727,27.98216087976542,25.8958759530792,88.37366056121309,0.0,-0.8660254037844384,-0.5000000000000004,33.0,8200.969947931737,97.0,0.0,353343.0,90.54547299415624,66.71326312469532,155.13716616186608,977.0,1.0036294074710792,typical,0.0,657.3282583279818,27.98216087976542,158.0,205.0,256.8,33.0,5.303030303030303,Low,3.977272727272727,25.62537619088428
G/S,2026-09-01,795.107853294654,1059.3316411106507,690.3387898881061,660.8301906340654,848.2594280978036,705.0930895151264,423.5562194331255,1513.811869307871,30.636363636363637,1.0,27.975627390029345,25.543302668621724,87.69739843208248,0.0,-1.0,-1.8369701987210297e-16,21.0,41858.76936999277,7.0,49.35034752315354,390890.0,645.8951563387534,555.7683765842893,782.3661116884745,7839.0,1.001996486387063,typical,0.0,423.5562194331255,27.975627390029345,445.5,569.25,725.7,21.0,84.0909090909091,High,75.4057686989702,165.23706319904662
R/N,2026-09-01,139.93066113798665,234.8369039391845,153.00829302004146,135.8205482607694,175.92528603240422,148.4311218613223,423.5562194331255,1513.811869307871,30.636363636363637,1.0,27.975627390029345,25.543302668621724,87.69739843208248,0.0,-1.0,-1.8369701987210297e-16,51.0,31330.65518222099,11.0,76.65413963198206,446374.0,129.9996385761292,96.59630764140786,149.10671468018927,1622.0,0.97518594977642,typical,0.0,423.5562194331255,27.975627390029345,84.5,137.25,183.60000000000002,51.0,70.45454545454545,Medium,72.0044439989046,29.123479095137533
E,2026-09-01,496.96011762543645,636.3193040495007,441.084972125222,488.08582981069657,524.7881312667197,452.31478077967694,423.5562194331255,1513.811869307871,30.636363636363637,1.0,27.975627390029345,25.543302668621724,87.69739843208248,0.0,-1.0,-1.8369701987210297e-16,20.0,55680.01825933636,11.0,55.761109348493214,406967.0,429.88067750169864,368.815928460428,532.1824463203866,5365.0,0.9885932517551124,typical,0.0,423.5562194331255,27.975627390029345,306.0,443.25,675.0000000000002,20.0,71.21212121212122,Medium,67.34936824621421,105.6303527071479
P/N,2026-09-01,272.7262648659545,375.2930860713566,269.64563596049186,235.0338641402943,305.8883289659343,248.5342672848216,423.5562194331255,1513.811869307871,30.636363636363637,1.0,27.975627390029345,25.543302668621724,87.69739843208248,0.0,-1.0,-1.8369701987210297e-16,54.0,20751.61391657302,21.0,68.51752173761194,974114.0,234.9457957473025,185.07964784208792,284.7091170038771,2697.0,0.9649163332968834,typical,0.0,423.5562194331255,27.975627390029345,236.5,303.75,381.70000000000005,54.0,49.24242424242424,Low,54.06119861622116,24.118921989346475
M/E,2026-09-01,462.5201747151715,535.4338251015608,318.48132197073824,422.3488805400287,438.8117739291568,353.8375637618742,423.5562194331255,1513.811869307871,30.636363636363637,1.0,27.975627390029345,25.543302668621724,87.69739843208248,0.0,-1.0,-1.8369701987210297e-16,30.0,25140.114655526762,29.0,38.831176497016315,835819.0,383.80214821555575,332.28079658461155,472.3251609620698,4504.0,1.0015566153463125,typical,0.0,423.5562194331255,27.975627390029345,351.5,510.0,711.0000000000002,30.0,56.060606060606055,Medium,51.75324866970862,45.919289728464626
A,2026-09-01,124.45792266868841,164.90674753601215,128.55193328279,101.53146322971949,139.3055344958302,113.81349507202425,423.5562194331255,1513.811869307871,30.636363636363637,1.0,27.975627390029345,25.543302668621724,87.69739843208248,0.0,-1.0,-1.8369701987210297e-16,34.0,16997.556497721376,0.0,51.287740727275576,191450.0,112.29927942166293,75.46312314059873,137.8782169615849,1296.0,0.9677901036276229,typical,0.0,423.5562194331255,27.975627390029345,118.0,151.0,192.50000000000003,34.0,46.21212121212121,Low,47.4810260909098,58.657236574386495
B,2026-09-01,123.04260616959469,108.57656660672292,105.16323142896667,102.72513487342648,112.26080140176141,98.63455065246461,423.5562194331255,1513.811869307871,30.636363636363637,1.0,27.975627390029345,25.543302668621724,87.69739843208248,0.0,-1.0,-1.8369701987210297e-16,11.0,49312.29159982718,8.0,41.88241156212007,131718.0,112.57301509584109,70.40909301186078,140.06327757785394,1175.0,0.9795788760766866,typical,0.0,423.5562194331255,27.975627390029345,119.0,150.75,171.0,11.0,46.21212121212121,Low,45.129693799620924,85.46517187919729
R/C,2026-09-01,233.4484498514324,247.60509054213153,188.11997533217465,231.95111285530078,223.05783857524617,195.4932256919138,423.5562194331255,1513.811869307871,30.636363636363637,1.0,27.975627390029345,25.543302668621724,87.69739843208248,0.0,-1.0,-1.8369701987210297e-16,19.0,12054.163795161348,11.0,24.758916206328827,581718.0,219.64368124346495,175.94829121362181,268.21210708734145,2428.0,0.989096474498806,typical,0.0,423.5562194331255,27.975627390029345,237.0,319.0,357.9,19.0,43.93939393939394,Low,39.14427450612766,37.75775912787037
M/W,2026-09-01,161.12401828625013,267.6908920407924,187.65959442034932,136.92357285195172,205.49150158246394,174.63947173055132,423.5562194331255,1513.811869307871,30.636363636363637,1.0,27.975627390029345,25.543302668621724,87.69739843208248,0.0,-1.0,-1.8369701987210297e-16,53.0,24370.643551681354,8.0,75.68490036817151,426222.0,148.40605184498722,124.41450660779091,182.2164825819994,1811.0,0.9883692592576139,typical,0.0,423.5562194331255,27.975627390029345,208.5,298.5,405.30000000000007,53.0,25.0,Low,37.671225092042874,34.818956282169204
G/N,2026-09-01,277.2702364046446,355.5877537382007,283.3496783894411,259.98554840865427,305.40255617742883,262.88619719878596,423.5562194331255,1513.811869307871,30.636363636363637,1.0,27.975627390029345,25.543302668621724,87.69739843208248,0.0,-1.0,-1.8369701987210297e-16,32.0,70386.32902931391,13.0,79.41957984524025,619878.0,245.29567699229418,204.47711038351832,288.84567331432584,2854.0,0.9723801736603143,typical,0.0,423.5562194331255,27.975627390029345,344.5,431.25,580.8000000000002,32.0,20.454545454545457,Low,35.19580405221916,39.57160554049251
R/S,2026-09-01,42.5909535931075,76.34227530840023,40.62659095359311,30.894066966908166,53.186606618366945,44.16839631877815,423.5562194331255,1513.811869307871,30.636363636363637,1.0,27.975627390029345,25.543302668621724,87.69739843208248,0.0,-1.0,-1.8369701987210297e-16,58.0,38869.334356166,23.0,84.82276801582847,715275.0,35.457617987435825,19.011517109151107,46.06021014128781,456.0,0.806268400473146,typical,0.0,423.5562194331255,27.975627390029345,126.5,180.5,293.5000000000001,58.0,12.878787878787879,Low,30.86478291304803,4.957200795139746
L,2026-09-01,498.5531018147619,616.8015256539761,494.11637465603116,488.90804277404294,536.4903340415898,479.7291615869588,423.5562194331255,1513.811869307871,30.636363636363637,1.0,27.975627390029345,25.543302668621724,87.69739843208248,0.0,-1.0,-1.8369701987210297e-16,54.0,59247.16505912701,14.0,97.98623146836815,933611.0,442.6029164042673,389.3278766614942,555.8191775911546,5538.0,0.9857708936863298,typical,0.0,423.5562194331255,27.975627390029345,886.5,1038.25,1224.8000000000002,54.0,6.0606060606060606,Low,29.042012412546583,47.407637271226164
N,2026-09-01,114.07501460239756,189.5703279281284,109.15066892887937,105.58476344115928,137.59867048646845,111.62982226796095,423.5562194331255,1513.811869307871,30.636363636363637,1.0,27.975627390029345,25.543302668621724,87.69739843208248,0.0,-1.0,-1.8369701987210297e-16,62.0,24965.570277936793,4.0,88.80171457911482,644521.0,102.7287277164339,74.28606156277641,129.00357226989524,1221.0,0.9632398949549266,typical,0.0,423.5562194331255,27.975627390029345,535.5,642.75,825.9,62.0,6.0606060606060606,Low,26.74588319023325,15.938771229554025
C,2026-09-01,31.14549717280375,38.73617432078334,34.82223141635637,30.006895600606814,34.90130096998115,30.963637199466735,423.5562194331255,1513.811869307871,30.636363636363637,1.0,27.975627390029345,25.543302668621724,87.69739843208248,0.0,-1.0,-1.8369701987210297e-16,39.0,89447.24562784938,15.0,100.0,171941.0,26.453050365764916,14.481483305691004,36.84581405716964,344.0,0.57970542451328,typical,0.0,423.5562194331255,27.975627390029345,191.0,245.0,288.0,,0.0,Low,25.0,15.384957843542214
F/N,2026-09-01,107.41325760937083,91.51051557369776,75.70077202946135,110.57520631821811,91.54151507084332,81.88517171000088,423.5562194331255,1513.811869307871,30.636363636363637,1.0,27.975627390029345,25.543302668621724,87.69739843208248,0.0,-1.0,-1.8369701987210297e-16,58.0,44351.2179713998,11.0,94.01830303515386,547438.0,88.10606650426068,66.95271542196186,148.02786753808869,1048.0,0.9912229790641491,typical,0.0,423.5562194331255,27.975627390029345,210.5,281.5,415.30000000000007,58.0,1.5151515151515151,Low,24.640939395152103,16.094254783968356
S,2026-09-01,199.393912624478,245.54416961130738,186.54979119820106,181.85504336652747,210.49595781132882,183.92191348110075,423.5562194331255,1513.811869307871,30.636363636363637,1.0,27.975627390029345,25.543302668621724,87.69739843208248,0.0,-1.0,-1.8369701987210297e-16,72.0,25742.327721822323,18.0,95.07507283047032,769657.0,174.66216950681215,138.4803849773769,246.5574569833784,2206.0,1.0383821745317885,typical,0.0,423.5562194331255,27.975627390029345,344.5,434.5,517.8,72.0,0.7575757575757576,Low,24.336950025799396,22.69350756334473
K/W,2026-09-01,161.85823017731684,241.89444630311144,178.74213783874205,151.7928236868518,194.16493810639008,176.95633991301438,423.5562194331255,1513.811869307871,30.636363636363637,1.0,27.975627390029345,25.543302668621724,87.69739843208248,0.0,-1.0,-1.8369701987210297e-16,15.0,31401.094940158986,4.0,36.309719599293075,774733.0,164.30464790509885,125.70791231029264,216.2083077495433,1941.0,1.0092975501098544,typical,0.0,423.5562194331255,27.975627390029345,255.0,312.0,386.9,15.0,17.424242424242426,Low,22.14561171800509,21.207906195437506
H/E,2026-09-01,204.4808485562758,252.16499705362406,191.0170889805539,193.12080141426043,215.8876448634846,188.15370261245334,423.5562194331255,1513.811869307871,30.636363636363637,1.0,27.975627390029345,25.543302668621724,87.69739843208248,0.0,-1.0,-1.8369701987210297e-16,42.0,46206.38850675846,5.0,78.64547148825885,576624.0,183.12222801764676,142.37448725149792,246.0900164937094,2261.0,1.0452336083598999,typical,0.0,423.5562194331255,27.975627390029345,446.0,562.5,628.9,42.0,1.5151515151515151,Low,20.79773150842835,31.75764935515115
P/S,2026-09-01,36.31510829371368,48.26835710512414,41.55176967776017,33.92445853143159,42.04507835886599,37.130964958619465,423.5562194331255,1513.811869307871,30.636363636363637,1.0,27.975627390029345,25.543302668621724,87.69739843208248,0.0,-1.0,-1.8369701987210297e-16,57.0,18947.99258776129,13.0,74.55156987481263,479631.0,32.900485540095936,26.077942259110284,42.665175130211416,431.0,0.6938065216802108,typical,0.0,423.5562194331255,27.975627390029345,68.5,84.0,110.80000000000001,57.0,1.5151515151515151,Low,19.774256105066794,6.859541093068617
H/W,2026-09-01,113.8868686868687,127.65656565656566,98.96969696969697,122.63636363636363,113.50437710437711,106.5,423.5562194331255,1513.811869307871,30.636363636363637,1.0,27.975627390029345,25.543302668621724,87.69739843208248,0.0,-1.0,-1.8369701987210297e-16,39.0,35081.3916144126,16.0,62.419549628621816,318281.0,97.8994564086647,72.77489943541298,129.66545118556542,1278.0,0.9688994021038206,typical,0.0,423.5562194331255,27.975627390029345,163.0,221.25,291.6,39.0,3.0303030303030303,Low,17.877614679882726,30.75881262427374
K/E,2026-09-01,289.8174704431403,302.87941935300955,245.98542712143126,259.8363528110913,279.5607723058604,255.67230869552895,423.5562194331255,1513.811869307871,30.636363636363637,1.0,27.975627390029345,25.543302668621724,87.69739843208248,0.0,-1.0,-1.8369701987210297e-16,49.0,35404.028806505885,32.0,67.47412697353374,852546.0,252.17372676263605,207.60294884347311,317.91249422093136,3092.0,0.9844485120143874,typical,0.0,423.5562194331255,27.975627390029345,550.5,641.75,805.2,49.0,0.0,Low,16.868531743383436,29.578899761729694
F/S,2026-09-01,49.23897581792318,60.27766714082503,40.83399715504979,41.24623044096728,50.11688003793267,42.120317686107164,423.5562194331255,1513.811869307871,30.636363636363637,1.0,27.975627390029345,25.543302668621724,87.69739843208248,0.0,-1.0,-1.8369701987210297e-16,26.0,37977.76498450448,29.0,42.75650366858393,373529.0,36.572811140539756,19.606904209109643,47.76787202523674,483.0,0.8315184529539577,typical,0.0,423.5562194331255,27.975627390029345,355.0,436.0,571.7000000000002,26.0,1.5151515151515151,Low,11.82548955350962,9.791157082994829
D,2026-09-01,0.0,0.0,0.0,0.0,0.0,0.0,423.5562194331255,1513.811869307871,30.636363636363637,1.0,27.975627390029345,25.543302668621724,87.69739843208248,0.0,-1.0,-1.8369701987210297e-16,10.0,43438.070289872856,17.0,32.5715918586037,358933.0,0.833639348191213,0.0,148.49508725517268,0.0,0.35,typical,0.0,423.5562194331255,27.975627390029345,373.0,456.0,570.3000000000002,10.0,0.0,Low,8.142897964650926,0.23225486321715
T,2026-09-01,100.00193124758594,109.24739281575899,80.7562765546543,110.09646581691774,96.66853353933307,80.9921301660873,423.5562194331255,1513.811869307871,30.636363636363637,1.0,27.975627390029345,25.543302668621724,87.69739843208248,0.0,-1.0,-1.8369701987210297e-16,33.0,8200.969947931737,97.0,0.0,353343.0,85.1605191533205,66.08345777814488,138.17464445742223,977.0,1.0036294074710792,typical,0.0,423.5562194331255,27.975627390029345,158.0,205.0,256.8,33.0,4.545454545454546,Low,3.409090909090909,24.10137434541522
G/S,2026-10-01,660.8301906340654,795.107853294654,1059.3316411106507,553.35391628678,838.4232283464567,717.2304185661002,334.46266431144363,1415.347142072551,25.90909090909091,1.0909090909090908,29.03482263636366,25.350393909090936,84.86849002124451,0.0,-0.8660254037844386,0.5000000000000001,21.0,41858.76936999277,7.0,49.35034752315354,390890.0,629.7877453128225,456.05818614582535,751.7377680788004,7839.0,1.001996486387063,typical,0.0,334.46266431144363,29.03482263636366,445.5,569.25,725.7,21.0,84.0909090909091,High,75.4057686989702,161.11636146046777
R/N,2026-10-01,135.8205482607694,139.93066113798665,234.8369039391845,115.45680718728403,170.1960377793135,154.03582123934578,334.46266431144363,1415.347142072551,25.90909090909091,1.0909090909090908,29.03482263636366,25.350393909090936,84.86849002124451,0.0,-0.8660254037844386,0.5000000000000001,51.0,31330.65518222099,11.0,76.65413963198206,446374.0,128.58345884275778,112.12086752177566,151.72107324635238,1622.0,0.97518594977642,typical,0.0,334.46266431144363,29.03482263636366,84.5,137.25,183.60000000000002,51.0,68.93939393939394,Medium,70.86808036254097,28.806216052628017
E,2026-10-01,488.08582981069657,496.96011762543645,636.3193040495007,452.260001225265,540.4550838285446,460.2030366150013,334.46266431144363,1415.347142072551,25.90909090909091,1.0909090909090908,29.03482263636366,25.350393909090936,84.86849002124451,0.0,-0.8660254037844386,0.5000000000000001,20.0,55680.01825933636,11.0,55.761109348493214,406967.0,434.02951222468727,363.8402766884609,529.143691948836,5365.0,0.9885932517551124,typical,0.0,334.46266431144363,29.03482263636366,306.0,443.25,675.0000000000002,20.0,71.21212121212122,Medium,67.34936824621421,106.64980507625611
M/E,2026-10-01,422.3488805400287,462.5201747151715,535.4338251015608,404.7395461070894,473.4342934522537,378.76119205432866,334.46266431144363,1415.347142072551,25.90909090909091,1.0909090909090908,29.03482263636366,25.350393909090936,84.86849002124451,0.0,-0.8660254037844386,0.5000000000000001,30.0,25140.114655526762,29.0,38.831176497016315,835819.0,370.18655146175917,315.9476964425866,449.6152883416516,4504.0,1.0015566153463125,typical,0.0,334.46266431144363,29.03482263636366,351.5,510.0,711.0000000000002,30.0,53.78787878787878,Medium,50.048703215163165,44.29027713676755
P/N,2026-10-01,235.0338641402943,272.7262648659545,375.2930860713566,199.1535980649063,294.35107169253513,259.95071558153603,334.46266431144363,1415.347142072551,25.90909090909091,1.0909090909090908,29.03482263636366,25.350393909090936,84.86849002124451,0.0,-0.8660254037844386,0.5000000000000001,54.0,20751.61391657302,21.0,68.51752173761194,974114.0,225.20455165501755,174.79813064344546,265.4904565280995,2697.0,0.9649163332968834,typical,0.0,334.46266431144363,29.03482263636366,236.5,303.75,381.70000000000005,54.0,41.66666666666667,Low,48.37938043440299,23.118911303504266
A,2026-10-01,101.53146322971949,124.45792266868841,164.90674753601215,99.07505686125853,130.29871114480667,116.48824867323731,334.46266431144363,1415.347142072551,25.90909090909091,1.0909090909090908,29.03482263636366,25.350393909090936,84.86849002124451,0.0,-0.8660254037844386,0.5000000000000001,34.0,16997.556497721376,0.0,51.287740727275576,191450.0,105.56228591651224,76.941522019685,128.15111417464027,1296.0,0.9677901036276229,typical,0.0,334.46266431144363,29.03482263636366,118.0,151.0,192.50000000000003,34.0,40.15151515151515,Low,42.935571545455254,55.138305519202
R/C,2026-10-01,231.95111285530078,233.4484498514324,247.60509054213153,199.55418512081627,237.66821774962156,202.61691988563098,334.46266431144363,1415.347142072551,25.90909090909091,1.0909090909090908,29.03482263636366,25.350393909090936,84.86849002124451,0.0,-0.8660254037844386,0.5000000000000001,19.0,12054.163795161348,11.0,24.758916206328827,581718.0,217.7013039365797,170.9940907876475,274.1555525127867,2428.0,0.989096474498806,typical,0.0,334.46266431144363,29.03482263636366,237.0,319.0,357.9,19.0,43.18181818181818,Low,38.57609268794584,37.42385553422444
G/N,2026-10-01,259.98554840865427,277.2702364046446,355.5877537382007,235.19096149026817,297.61451285049986,269.97887951438196,334.46266431144363,1415.347142072551,25.90909090909091,1.0909090909090908,29.03482263636366,25.350393909090936,84.86849002124451,0.0,-0.8660254037844386,0.5000000000000001,32.0,70386.32902931391,13.0,79.41957984524025,619878.0,247.949347447353,209.47150165025172,278.24194594791106,2854.0,0.9723801736603143,typical,0.0,334.46266431144363,29.03482263636366,344.5,431.25,580.8000000000002,32.0,21.21212121212121,Low,35.76398587040097,39.9997011423785
B,2026-10-01,102.72513487342648,123.04260616959469,108.57656660672292,105.0006916585973,111.44810254991471,101.2893669018306,334.46266431144363,1415.347142072551,25.90909090909091,1.0909090909090908,29.03482263636366,25.350393909090936,84.86849002124451,0.0,-0.8660254037844386,0.5000000000000001,11.0,49312.29159982718,8.0,41.88241156212007,131718.0,93.25318348772029,61.34348414893744,132.68097021664113,1175.0,0.9795788760766866,typical,0.0,334.46266431144363,29.03482263636366,119.0,150.75,171.0,11.0,27.27272727272727,Low,30.92514834507547,70.79760054640998
R/S,2026-10-01,30.894066966908166,42.5909535931075,76.34227530840023,29.644018014489916,49.94243195613863,43.15645192872527,334.46266431144363,1415.347142072551,25.90909090909091,1.0909090909090908,29.03482263636366,25.350393909090936,84.86849002124451,0.0,-0.8660254037844386,0.5000000000000001,58.0,38869.334356166,23.0,84.82276801582847,715275.0,35.60944326206717,17.50473497350721,46.89381489567,456.0,0.806268400473146,typical,0.0,334.46266431144363,29.03482263636366,126.5,180.5,293.5000000000001,58.0,12.878787878787879,Low,30.86478291304803,4.978426935383896
M/W,2026-10-01,136.92357285195172,161.12401828625013,267.6908920407924,119.51623490798265,188.57949439299807,176.79769858945804,334.46266431144363,1415.347142072551,25.90909090909091,1.0909090909090908,29.03482263636366,25.350393909090936,84.86849002124451,0.0,-0.8660254037844386,0.5000000000000001,53.0,24370.643551681354,8.0,75.68490036817151,426222.0,132.81565576231316,113.56014915937509,155.19517209606917,1811.0,0.9883692592576139,typical,0.0,334.46266431144363,29.03482263636366,208.5,298.5,405.30000000000007,53.0,15.151515151515152,Low,30.28486145567924,31.161145075175178
L,2026-10-01,488.90804277404294,498.5531018147619,616.8015256539761,451.5816642864607,534.7542234142603,494.3896513288516,334.46266431144363,1415.347142072551,25.90909090909091,1.0909090909090908,29.03482263636366,25.350393909090936,84.86849002124451,0.0,-0.8660254037844386,0.5000000000000001,54.0,59247.16505912701,14.0,97.98623146836815,933611.0,448.98269938285455,375.20214415236524,561.2936673041365,5538.0,0.9857708936863298,typical,0.0,334.46266431144363,29.03482263636366,886.5,1038.25,1224.8000000000002,54.0,6.8181818181818175,Low,29.6101942307284,48.09098215240122
N,2026-10-01,105.58476344115928,114.07501460239756,189.5703279281284,85.78549773315162,136.41003532389507,116.01079186715988,334.46266431144363,1415.347142072551,25.90909090909091,1.0909090909090908,29.03482263636366,25.350393909090936,84.86849002124451,0.0,-0.8660254037844386,0.5000000000000001,62.0,24965.570277936793,4.0,88.80171457911482,644521.0,102.30345015048982,75.51459069318929,124.80361994000124,1221.0,0.9632398949549266,typical,0.0,334.46266431144363,29.03482263636366,535.5,642.75,825.9,62.0,6.0606060606060606,Low,26.74588319023325,15.872787721500124
C,2026-10-01,30.006895600606814,31.14549717280375,38.73617432078334,28.868294028409874,33.29618903139797,31.65549579368363,334.46266431144363,1415.347142072551,25.90909090909091,1.0909090909090908,29.03482263636366,25.350393909090936,84.86849002124451,0.0,-0.8660254037844386,0.5000000000000001,39.0,89447.24562784938,15.0,100.0,171941.0,26.798497942378837,13.311395047565567,36.84581405716964,344.0,0.57970542451328,typical,0.0,334.46266431144363,29.03482263636366,191.0,245.0,288.0,,0.0,Low,25.0,15.585868374837203
F/N,2026-10-01,110.57520631821811,107.41325760937083,91.51051557369776,97.18342355133551,103.16632650042891,87.34108320761972,334.46266431144363,1415.347142072551,25.90909090909091,1.0909090909090908,29.03482263636366,25.350393909090936,84.86849002124451,0.0,-0.8660254037844386,0.5000000000000001,58.0,44351.2179713998,11.0,94.01830303515386,547438.0,92.8282924416462,62.786580628401204,131.31458250484087,1048.0,0.9912229790641491,typical,0.0,334.46266431144363,29.03482263636366,210.5,281.5,415.30000000000007,58.0,1.5151515151515151,Low,24.640939395152103,16.956859487585113
S,2026-10-01,181.85504336652747,199.393912624478,245.54416961130738,160.06432701574045,208.93104186743759,186.88934843130951,334.46266431144363,1415.347142072551,25.90909090909091,1.0909090909090908,29.03482263636366,25.350393909090936,84.86849002124451,0.0,-0.8660254037844386,0.5000000000000001,72.0,25742.327721822323,18.0,95.07507283047032,769657.0,164.9003915220454,128.65170971565456,208.305086059166,2206.0,1.0383821745317885,typical,0.0,334.46266431144363,29.03482263636366,344.5,434.5,517.8,72.0,0.7575757575757576,Low,24.336950025799396,21.425179206067817
H/W,2026-10-01,122.63636363636363,113.8868686868687,127.65656565656566,108.0060606060606,121.39326599326598,109.36868686868688,334.46266431144363,1415.347142072551,25.90909090909091,1.0909090909090908,29.03482263636366,25.350393909090936,84.86849002124451,0.0,-0.8660254037844386,0.5000000000000001,39.0,35081.3916144126,16.0,62.419549628621816,318281.0,116.47805867644739,85.30340761806904,139.2629941075205,1278.0,0.9688994021038206,typical,0.0,334.46266431144363,29.03482263636366,163.0,221.25,291.6,39.0,8.333333333333332,Low,21.854887407155452,36.595982379233256
H/E,2026-10-01,193.12080141426043,204.4808485562758,252.16499705362406,188.07189157336475,216.58888234138672,191.67157729326263,334.46266431144363,1415.347142072551,25.90909090909091,1.0909090909090908,29.03482263636366,25.350393909090936,84.86849002124451,0.0,-0.8660254037844386,0.5000000000000001,42.0,46206.38850675846,5.0,78.64547148825885,576624.0,182.87133400116846,142.66583537533296,222.8534092363853,2261.0,1.0452336083598999,typical,0.0,334.46266431144363,29.03482263636366,446.0,562.5,628.9,42.0,1.5151515151515151,Low,20.79773150842835,31.71413850293579
P/S,2026-10-01,33.92445853143159,36.31510829371368,48.26835710512414,26.980190174326466,39.5026413100898,37.79503433703116,334.46266431144363,1415.347142072551,25.90909090909091,1.0909090909090908,29.03482263636366,25.350393909090936,84.86849002124451,0.0,-0.8660254037844386,0.5000000000000001,57.0,18947.99258776129,13.0,74.55156987481263,479631.0,33.730703226772235,21.97191273713734,44.02315660891457,431.0,0.6938065216802108,typical,0.0,334.46266431144363,29.03482263636366,68.5,84.0,110.80000000000001,57.0,1.5151515151515151,Low,19.774256105066794,7.032636177972699
K/W,2026-10-01,151.7928236868518,161.85823017731684,241.89444630311144,135.3959518233523,185.18183338909333,174.35881565741047,334.46266431144363,1415.347142072551,25.90909090909091,1.0909090909090908,29.03482263636366,25.350393909090936,84.86849002124451,0.0,-0.8660254037844386,0.5000000000000001,15.0,31401.094940158986,4.0,36.309719599293075,774733.0,135.0552499445808,104.64722670437759,189.10724295167057,1941.0,1.0092975501098544,typical,0.0,334.46266431144363,29.03482263636366,255.0,312.0,386.9,15.0,12.121212121212121,Low,18.16833899073236,17.43248963766624
K/E,2026-10-01,259.8363528110913,289.8174704431403,302.87941935300955,249.57965467381135,284.1777475357471,255.48236984113487,334.46266431144363,1415.347142072551,25.90909090909091,1.0909090909090908,29.03482263636366,25.350393909090936,84.86849002124451,0.0,-0.8660254037844386,0.5000000000000001,49.0,35404.028806505885,32.0,67.47412697353374,852546.0,245.2394950524294,193.6369641463383,284.3866737034804,3092.0,0.9844485120143874,typical,0.0,334.46266431144363,29.03482263636366,550.5,641.75,805.2,49.0,0.0,Low,16.868531743383436,28.765544035445522
F/S,2026-10-01,41.24623044096728,49.23897581792318,60.27766714082503,36.597155049786636,50.254291133238496,42.87607871028924,334.46266431144363,1415.347142072551,25.90909090909091,1.0909090909090908,29.03482263636366,25.350393909090936,84.86849002124451,0.0,-0.8660254037844386,0.5000000000000001,26.0,37977.76498450448,29.0,42.75650366858393,373529.0,40.25808380732762,19.65542343777712,48.452655288625564,483.0,0.8315184529539577,typical,0.0,334.46266431144363,29.03482263636366,355.0,436.0,571.7000000000002,26.0,1.5151515151515151,Low,11.82548955350962,10.777766601074514
D,2026-10-01,0.0,0.0,0.0,0.0,0.0,0.0,334.46266431144363,1415.347142072551,25.90909090909091,1.0909090909090908,29.03482263636366,25.350393909090936,84.86849002124451,0.0,-0.8660254037844386,0.5000000000000001,10.0,43438.070289872856,17.0,32.5715918586037,358933.0,0.6399494936611664,0.0,145.2362252577349,0.0,0.35,typical,0.0,334.46266431144363,29.03482263636366,373.0,456.0,570.3000000000002,10.0,0.0,Low,8.142897964650926,0.17829218646966602
T,2026-10-01,110.09646581691774,100.00193124758594,109.24739281575899,91.41685979142527,106.44859662675422,87.43879554525557,334.46266431144363,1415.347142072551,25.90909090909091,1.0909090909090908,29.03482263636366,25.350393909090936,84.86849002124451,0.0,-0.8660254037844386,0.5000000000000001,33.0,8200.969947931737,97.0,0.0,353343.0,94.03366290748481,63.572728715441855,140.2740352752198,977.0,1.0036294074710792,typical,0.0,334.46266431144363,29.03482263636366,158.0,205.0,256.8,33.0,6.0606060606060606,Low,4.545454545454545,26.61257274305273
G/S,2026-11-01,553.35391628678,660.8301906340654,795.107853294654,601.2715499378368,669.7639867384997,719.3059469539991,65.39132376720727,823.4102075117764,9.181818181818182,0.0,31.690834897360727,24.94620178885633,75.97789260992325,0.0,-0.5000000000000004,0.8660254037844384,21.0,41858.76936999277,7.0,49.35034752315354,390890.0,573.2573438662002,474.2574304211295,699.7414944494567,7839.0,1.001996486387063,typical,0.0,65.39132376720727,31.690834897360727,445.5,569.25,725.7,21.0,76.51515151515152,High,69.72395051715202,146.65438969178035
R/N,2026-11-01,115.45680718728403,135.8205482607694,139.93066113798665,123.49020962911771,130.4026721953467,151.76280426936958,65.39132376720727,823.4102075117764,9.181818181818182,0.0,31.690834897360727,24.94620178885633,75.97789260992325,0.0,-0.5000000000000004,0.8660254037844384,51.0,31330.65518222099,11.0,76.65413963198206,446374.0,123.31215750246342,90.88900807373784,161.04878647687283,1622.0,0.97518594977642,typical,0.0,65.39132376720727,31.690834897360727,84.5,137.25,183.60000000000002,51.0,66.66666666666666,Medium,69.16353490799551,27.625300197247917
E,2026-11-01,452.260001225265,488.08582981069657,496.96011762543645,500.5755682166269,479.10198288713264,477.95161224448117,65.39132376720727,823.4102075117764,9.181818181818182,0.0,31.690834897360727,24.94620178885633,75.97789260992325,0.0,-0.5000000000000004,0.8660254037844384,20.0,55680.01825933636,11.0,55.761109348493214,406967.0,428.47677861910967,317.618756363667,524.2543876971482,5365.0,0.9885932517551124,typical,0.0,65.39132376720727,31.690834897360727,306.0,443.25,675.0000000000002,20.0,71.21212121212122,Medium,67.34936824621421,105.28538643651935
M/E,2026-11-01,404.7395461070894,422.3488805400287,462.5201747151715,363.46766852988793,429.8695337874298,401.0709347668937,65.39132376720727,823.4102075117764,9.181818181818182,0.0,31.690834897360727,24.94620178885633,75.97789260992325,0.0,-0.5000000000000004,0.8660254037844384,30.0,25140.114655526762,29.0,38.831176497016315,835819.0,377.2802121794048,317.70904849459464,467.3276947559245,4504.0,1.0015566153463125,typical,0.0,65.39132376720727,31.690834897360727,351.5,510.0,711.0000000000002,30.0,55.3030303030303,Medium,51.1850668515268,45.13898489737669
A,2026-11-01,99.07505686125853,101.53146322971949,124.45792266868841,89.90447308567096,108.35481425322216,117.98938589840789,65.39132376720727,823.4102075117764,9.181818181818182,0.0,31.690834897360727,24.94620178885633,75.97789260992325,0.0,-0.5000000000000004,0.8660254037844384,34.0,16997.556497721376,0.0,51.287740727275576,191450.0,103.07727501932179,80.03354622148332,153.48126027926725,1296.0,0.9677901036276229,typical,0.0,65.39132376720727,31.690834897360727,118.0,151.0,192.50000000000003,34.0,37.878787878787875,Low,41.2310260909098,53.840310796198374
P/N,2026-11-01,199.1535980649063,235.0338641402943,272.7262648659545,183.56924007256603,235.63790902371838,260.9171873950144,65.39132376720727,823.4102075117764,9.181818181818182,0.0,31.690834897360727,24.94620178885633,75.97789260992325,0.0,-0.5000000000000004,0.8660254037844384,54.0,20751.61391657302,21.0,68.51752173761194,974114.0,198.65840214231,154.66012488471566,252.6883158986325,2697.0,0.9649163332968834,typical,0.0,65.39132376720727,31.690834897360727,236.5,303.75,381.70000000000005,54.0,27.27272727272727,Low,37.58392588894844,20.39375290184824
B,2026-11-01,105.0006916585973,102.72513487342648,123.04260616959469,96.71116336976068,110.25614423387283,104.16090284502236,65.39132376720727,823.4102075117764,9.181818181818182,0.0,31.690834897360727,24.94620178885633,75.97789260992325,0.0,-0.5000000000000004,0.8660254037844384,11.0,49312.29159982718,8.0,41.88241156212007,131718.0,101.1480324262595,60.569891336019516,140.92010498699858,1175.0,0.9795788760766866,typical,0.0,65.39132376720727,31.690834897360727,119.0,150.75,171.0,11.0,34.090909090909086,Low,36.03878470871183,76.7913515436459
G/N,2026-11-01,235.19096149026817,259.98554840865427,277.2702364046446,203.12488513908616,257.48224876785565,272.8795283045137,65.39132376720727,823.4102075117764,9.181818181818182,0.0,31.690834897360727,24.94620178885633,75.97789260992325,0.0,-0.5000000000000004,0.8660254037844384,32.0,70386.32902931391,13.0,79.41957984524025,619878.0,232.8745849935823,203.11542896492358,269.75493794018166,2854.0,0.9723801736603143,typical,0.0,65.39132376720727,31.690834897360727,344.5,431.25,580.8000000000002,32.0,16.666666666666664,Low,32.35489496131006,37.56780930982908
R/S,2026-11-01,29.644018014489916,30.894066966908166,42.5909535931075,26.697474055218322,34.37634619150186,42.48678284707264,65.39132376720727,823.4102075117764,9.181818181818182,0.0,31.690834897360727,24.94620178885633,75.97789260992325,0.0,-0.5000000000000004,0.8660254037844384,58.0,38869.334356166,23.0,84.82276801582847,715275.0,34.0119444340099,17.527743190788684,48.87211199890057,456.0,0.806268400473146,typical,0.0,65.39132376720727,31.690834897360727,126.5,180.5,293.5000000000001,58.0,12.878787878787879,Low,30.86478291304803,4.755086426061291
R/C,2026-11-01,199.55418512081627,231.95111285530078,233.4484498514324,202.00437293266805,221.65124927584984,208.62895479434135,65.39132376720727,823.4102075117764,9.181818181818182,0.0,31.690834897360727,24.94620178885633,75.97789260992325,0.0,-0.5000000000000004,0.8660254037844384,19.0,12054.163795161348,11.0,24.758916206328827,581718.0,204.40557888328746,160.84673139994976,253.07463031877055,2428.0,0.989096474498806,typical,0.0,65.39132376720727,31.690834897360727,237.0,319.0,357.9,19.0,32.57575757575758,Low,30.621547233400392,35.13825923957784
L,2026-11-01,451.5816642864607,488.90804277404294,498.5531018147619,430.6518861681006,479.6809362917552,498.71385279877387,65.39132376720727,823.4102075117764,9.181818181818182,0.0,31.690834897360727,24.94620178885633,75.97789260992325,0.0,-0.5000000000000004,0.8660254037844384,54.0,59247.16505912701,14.0,97.98623146836815,933611.0,449.5252870871007,336.6965602032252,566.2926183659797,5538.0,0.9857708936863298,typical,0.0,65.39132376720727,31.690834897360727,886.5,1038.25,1224.8000000000002,54.0,6.8181818181818175,Low,29.6101942307284,48.14909925944539
M/W,2026-11-01,119.51623490798265,136.92357285195172,161.12401828625013,116.33196577189075,139.18794201539484,170.35839878091664,65.39132376720727,823.4102075117764,9.181818181818182,0.0,31.690834897360727,24.94620178885633,75.97789260992325,0.0,-0.5000000000000004,0.8660254037844384,53.0,24370.643551681354,8.0,75.68490036817151,426222.0,129.73696450300557,116.10883945265174,157.72186247710326,1811.0,0.9883692592576139,typical,0.0,65.39132376720727,31.690834897360727,208.5,298.5,405.30000000000007,53.0,12.121212121212121,Low,28.012134182951968,30.438824017297456
N,2026-11-01,85.78549773315162,105.58476344115928,114.07501460239756,85.41192668205711,101.81509192556949,115.41081411843238,65.39132376720727,823.4102075117764,9.181818181818182,0.0,31.690834897360727,24.94620178885633,75.97789260992325,0.0,-0.5000000000000004,0.8660254037844384,62.0,24965.570277936793,4.0,88.80171457911482,644521.0,85.82723750917387,61.04477229279444,125.04766453624549,1221.0,0.9632398949549266,typical,0.0,65.39132376720727,31.690834897360727,535.5,642.75,825.9,62.0,6.0606060606060606,Low,26.74588319023325,13.31643771252975
C,2026-11-01,28.868294028409874,30.006895600606814,31.14549717280375,25.926906633567782,30.00689560060681,32.17340136992599,65.39132376720727,823.4102075117764,9.181818181818182,0.0,31.690834897360727,24.94620178885633,75.97789260992325,0.0,-0.5000000000000004,0.8660254037844384,39.0,89447.24562784938,15.0,100.0,171941.0,25.507038678584316,14.259214323611737,36.87269062105644,344.0,0.57970542451328,typical,0.0,65.39132376720727,31.690834897360727,191.0,245.0,288.0,,0.0,Low,25.0,14.834762318809544
F/N,2026-11-01,97.18342355133551,110.57520631821811,107.41325760937083,76.25876297808145,105.05729582630813,91.77401129943502,65.39132376720727,823.4102075117764,9.181818181818182,0.0,31.690834897360727,24.94620178885633,75.97789260992325,0.0,-0.5000000000000004,0.8660254037844384,58.0,44351.2179713998,11.0,94.01830303515386,547438.0,88.61631680734709,61.93192126187286,133.45222135564066,1048.0,0.9912229790641491,typical,0.0,65.39132376720727,31.690834897360727,210.5,281.5,415.30000000000007,58.0,1.5151515151515151,Low,24.640939395152103,16.18746174130168
S,2026-11-01,160.06432701574045,181.85504336652747,199.393912624478,170.69394474783164,180.43776100224864,186.62360798800728,65.39132376720727,823.4102075117764,9.181818181818182,0.0,31.690834897360727,24.94620178885633,75.97789260992325,0.0,-0.5000000000000004,0.8660254037844384,72.0,25742.327721822323,18.0,95.07507283047032,769657.0,160.77580223986473,130.94380625501782,215.07881718523453,2206.0,1.0383821745317885,typical,0.0,65.39132376720727,31.690834897360727,344.5,434.5,517.8,72.0,0.7575757575757576,Low,24.336950025799396,20.889279541388532
H/E,2026-11-01,188.07189157336475,193.12080141426043,204.4808485562758,183.02298173246905,195.22451384796696,197.36328815556863,65.39132376720727,823.4102075117764,9.181818181818182,0.0,31.690834897360727,24.94620178885633,75.97789260992325,0.0,-0.5000000000000004,0.8660254037844384,42.0,46206.38850675846,5.0,78.64547148825885,576624.0,180.20162219315932,146.08058338895995,224.2260815693329,2261.0,1.0452336083598999,typical,0.0,65.39132376720727,31.690834897360727,446.0,562.5,628.9,42.0,1.5151515151515151,Low,20.79773150842835,31.251148442166702
H/W,2026-11-01,108.0060606060606,122.63636363636363,113.8868686868687,93.0888888888889,114.84309764309764,112.04612794612795,65.39132376720727,823.4102075117764,9.181818181818182,0.0,31.690834897360727,24.94620178885633,75.97789260992325,0.0,-0.5000000000000004,0.8660254037844384,39.0,35081.3916144126,16.0,62.419549628621816,318281.0,107.96226808661314,78.43569989628992,139.5641100292055,1278.0,0.9688994021038206,typical,0.0,65.39132376720727,31.690834897360727,163.0,221.25,291.6,39.0,6.0606060606060606,Low,20.15034195261,33.92042506043814
P/S,2026-11-01,26.980190174326466,33.92445853143159,36.31510829371368,28.915478077126256,32.40658566649058,37.05507131537242,65.39132376720727,823.4102075117764,9.181818181818182,0.0,31.690834897360727,24.94620178885633,75.97789260992325,0.0,-0.5000000000000004,0.8660254037844384,57.0,18947.99258776129,13.0,74.55156987481263,479631.0,31.2431161631306,16.94424343182254,44.09802808201093,431.0,0.6938065216802108,typical,0.0,65.39132376720727,31.690834897360727,68.5,84.0,110.80000000000001,57.0,0.7575757575757576,Low,19.206074286884974,6.513990163924058
K/W,2026-11-01,135.3959518233523,151.7928236868518,161.85823017731684,118.51204416192708,149.68233522917365,173.00593844095013,65.39132376720727,823.4102075117764,9.181818181818182,0.0,31.690834897360727,24.94620178885633,75.97789260992325,0.0,-0.5000000000000004,0.8660254037844384,15.0,31401.094940158986,4.0,36.309719599293075,774733.0,135.69145644175956,112.53411033283967,179.62943640746963,1941.0,1.0092975501098544,typical,0.0,65.39132376720727,31.690834897360727,255.0,312.0,386.9,15.0,12.121212121212121,Low,18.16833899073236,17.51460909006839
K/E,2026-11-01,249.57965467381135,259.8363528110913,289.8174704431403,241.60222278926034,266.4111593093476,261.9695122527478,65.39132376720727,823.4102075117764,9.181818181818182,0.0,31.690834897360727,24.94620178885633,75.97789260992325,0.0,-0.5000000000000004,0.8660254037844384,49.0,35404.028806505885,32.0,67.47412697353374,852546.0,239.10638191052087,201.60311731748314,281.0608031470542,3092.0,0.9844485120143874,typical,0.0,65.39132376720727,31.690834897360727,550.5,641.75,805.2,49.0,0.0,Low,16.868531743383436,28.046156091345317
F/S,2026-11-01,36.597155049786636,41.24623044096728,49.23897581792318,35.658179231863436,42.36078710289237,43.547866287339964,65.39132376720727,823.4102075117764,9.181818181818182,0.0,31.690834897360727,24.94620178885633,75.97789260992325,0.0,-0.5000000000000004,0.8660254037844384,26.0,37977.76498450448,29.0,42.75650366858393,373529.0,36.253785370224044,18.820019081794324,52.86555594526728,483.0,0.8315184529539577,typical,0.0,65.39132376720727,31.690834897360727,355.0,436.0,571.7000000000002,26.0,1.5151515151515151,Low,11.82548955350962,9.705748514900863
D,2026-11-01,0.0,0.0,0.0,0.0,0.0,0.0,65.39132376720727,823.4102075117764,9.181818181818182,0.0,31.690834897360727,24.94620178885633,75.97789260992325,0.0,-0.5000000000000004,0.8660254037844384,10.0,43438.070289872856,17.0,32.5715918586037,358933.0,0.0,0.0,142.50922828231873,0.0,0.35,typical,0.0,65.39132376720727,31.690834897360727,373.0,456.0,570.3000000000002,10.0,0.0,Low,8.142897964650926,0.0
T,2026-11-01,91.41685979142527,110.09646581691774,100.00193124758594,79.05813055233682,100.50508561864298,92.36027423715721,65.39132376720727,823.4102075117764,9.181818181818182,0.0,31.690834897360727,24.94620178885633,75.97789260992325,0.0,-0.5000000000000004,0.8660254037844384,33.0,8200.969947931737,97.0,0.0,353343.0,89.25640630289531,63.080873397146405,122.28952805625536,977.0,1.0036294074710792,typical,0.0,65.39132376720727,31.690834897360727,158.0,205.0,256.8,33.0,5.303030303030303,Low,3.977272727272727,25.260555976174796
G/S,2026-12-01,601.2715499378368,553.35391628678,660.8301906340654,644.045482801492,605.1518856195607,726.7056568586822,15.211105354725452,415.0650934333763,2.4545454545454546,0.09090909090909091,31.861376939393963,22.638293090909116,66.30760114675759,0.0,-2.4492935982947064e-16,1.0,21.0,41858.76936999277,7.0,49.35034752315354,390890.0,584.3642480099998,492.4075068962959,728.001540764407,7839.0,1.001996486387063,typical,0.0,15.211105354725452,31.861376939393963,445.5,569.25,725.7,21.0,78.78787878787878,High,71.42849597169747,149.4958295198137
E,2026-12-01,500.5755682166269,452.260001225265,488.08582981069657,456.2041291429272,480.3071330841962,502.5476321754579,15.211105354725452,415.0650934333763,2.4545454545454546,0.09090909090909091,31.861376939393963,22.638293090909116,66.30760114675759,0.0,-2.4492935982947064e-16,1.0,20.0,55680.01825933636,11.0,55.761109348493214,406967.0,451.8344569322839,372.5794129352988,574.62855188666,5365.0,0.9885932517551124,typical,0.0,15.211105354725452,31.861376939393963,306.0,443.25,675.0000000000002,20.0,76.51515151515152,High,71.32664097348695,111.02483909808016
R/N,2026-12-01,123.49020962911771,115.45680718728403,135.8205482607694,124.23750287952083,124.92252169239039,150.42390386239728,15.211105354725452,415.0650934333763,2.4545454545454546,0.09090909090909091,31.861376939393963,22.638293090909116,66.30760114675759,0.0,-2.4492935982947064e-16,1.0,51.0,31330.65518222099,11.0,76.65413963198206,446374.0,126.36572606576766,97.2263128805925,165.13529622812334,1622.0,0.97518594977642,typical,0.0,15.211105354725452,31.861376939393963,84.5,137.25,183.60000000000002,51.0,67.42424242424242,Medium,69.73171672617732,28.3093831777316
M/E,2026-12-01,363.46766852988793,404.7395461070894,422.3488805400287,418.9095574085953,396.85203172566867,417.8319028274129,15.211105354725452,415.0650934333763,2.4545454545454546,0.09090909090909091,31.861376939393963,22.638293090909116,66.30760114675759,0.0,-2.4492935982947064e-16,1.0,30.0,25140.114655526762,29.0,38.831176497016315,835819.0,389.00939870686227,328.4576337961543,473.41763628593765,4504.0,1.0015566153463125,typical,0.0,15.211105354725452,31.861376939393963,351.5,510.0,711.0000000000002,30.0,57.57575757575758,Medium,52.889612306072266,46.54230146800471
P/N,2026-12-01,183.56924007256603,199.1535980649063,235.0338641402943,206.4021366659948,205.91890075925554,255.90361486259494,15.211105354725452,415.0650934333763,2.4545454545454546,0.09090909090909091,31.861376939393963,22.638293090909116,66.30760114675759,0.0,-2.4492935982947064e-16,1.0,54.0,20751.61391657302,21.0,68.51752173761194,974114.0,198.19981458375037,149.04900578040073,241.85925109545113,2697.0,0.9649163332968834,typical,0.0,15.211105354725452,31.861376939393963,236.5,303.75,381.70000000000005,54.0,27.27272727272727,Low,37.58392588894844,20.346675500377817
A,2026-12-01,89.90447308567096,99.07505686125853,101.53146322971949,118.72630780894617,96.83699772554967,118.07126611068993,15.211105354725452,415.0650934333763,2.4545454545454546,0.09090909090909091,31.861376939393963,22.638293090909116,66.30760114675759,0.0,-2.4492935982947064e-16,1.0,34.0,16997.556497721376,0.0,51.287740727275576,191450.0,94.53988481148765,75.06560044329154,119.60268590794183,1296.0,0.9677901036276229,typical,0.0,15.211105354725452,31.861376939393963,118.0,151.0,192.50000000000003,34.0,25.0,Low,31.571935181818894,49.38097926951561
R/S,2026-12-01,26.697474055218322,29.644018014489916,30.894066966908166,31.25122381045623,29.078519678872137,41.13256314861954,15.211105354725452,415.0650934333763,2.4545454545454546,0.09090909090909091,31.861376939393963,22.638293090909116,66.30760114675759,0.0,-2.4492935982947064e-16,1.0,58.0,38869.334356166,23.0,84.82276801582847,715275.0,33.72346315439561,19.011517109151107,52.81284395748318,456.0,0.806268400473146,typical,0.0,15.211105354725452,31.861376939393963,126.5,180.5,293.5000000000001,58.0,12.878787878787879,Low,30.86478291304803,4.714754906070478
R/C,2026-12-01,202.00437293266805,199.55418512081627,231.95111285530078,207.1769916465773,211.16989030292837,217.11386443908728,15.211105354725452,415.0650934333763,2.4545454545454546,0.09090909090909091,31.861376939393963,22.638293090909116,66.30760114675759,0.0,-2.4492935982947064e-16,1.0,19.0,12054.163795161348,11.0,24.758916206328827,581718.0,204.972388575904,171.11369008829342,250.56508193657194,2428.0,0.989096474498806,typical,0.0,15.211105354725452,31.861376939393963,237.0,319.0,357.9,19.0,32.57575757575758,Low,30.621547233400392,35.23569643296305
B,2026-12-01,96.71116336976068,105.0006916585973,102.72513487342648,89.39687370314014,101.47899663392816,106.86989901784482,15.211105354725452,415.0650934333763,2.4545454545454546,0.09090909090909091,31.861376939393963,22.638293090909116,66.30760114675759,0.0,-2.4492935982947064e-16,1.0,11.0,49312.29159982718,8.0,41.88241156212007,131718.0,92.72014775051794,65.63316782007088,131.05448822688425,1175.0,0.9795788760766866,typical,0.0,15.211105354725452,31.861376939393963,119.0,150.75,171.0,11.0,25.757575757575758,Low,29.788784708711837,70.39292105142648
L,2026-12-01,430.6518861681006,451.5816642864607,488.90804277404294,456.01839144519136,457.0471977428681,496.7687658922289,15.211105354725452,415.0650934333763,2.4545454545454546,0.09090909090909091,31.861376939393963,22.638293090909116,66.30760114675759,0.0,-2.4492935982947064e-16,1.0,54.0,59247.16505912701,14.0,97.98623146836815,933611.0,441.6815789089131,337.2600291659286,570.7875903136567,5538.0,0.9857708936863298,typical,0.0,15.211105354725452,31.861376939393963,886.5,1038.25,1224.8000000000002,54.0,6.0606060606060606,Low,29.042012412546583,47.30895189847946
M/W,2026-12-01,116.33196577189075,119.51623490798265,136.92357285195172,134.58844215215098,124.25725784394172,164.87437971320284,15.211105354725452,415.0650934333763,2.4545454545454546,0.09090909090909091,31.861376939393963,22.638293090909116,66.30760114675759,0.0,-2.4492935982947064e-16,1.0,53.0,24370.643551681354,8.0,75.68490036817151,426222.0,127.33066089801639,93.93202876233208,170.03928122181935,1811.0,0.9883692592576139,typical,0.0,15.211105354725452,31.861376939393963,208.5,298.5,405.30000000000007,53.0,11.363636363636363,Low,27.44395236477015,29.87425822646799
N,2026-12-01,85.41192668205711,85.78549773315162,105.58476344115928,92.74750368536701,92.26072928545601,114.92969988596222,15.211105354725452,415.0650934333763,2.4545454545454546,0.09090909090909091,31.861376939393963,22.638293090909116,66.30760114675759,0.0,-2.4492935982947064e-16,1.0,62.0,24965.570277936793,4.0,88.80171457911482,644521.0,85.69513422619978,69.06624159765248,104.60392359014756,1221.0,0.9632398949549266,typical,0.0,15.211105354725452,31.861376939393963,535.5,642.75,825.9,62.0,6.0606060606060606,Low,26.74588319023325,13.295941362065749
C,2026-12-01,25.926906633567782,28.868294028409874,30.006895600606814,24.50365466832161,28.26736542086149,31.584333195421323,15.211105354725452,415.0650934333763,2.4545454545454546,0.09090909090909091,31.861376939393963,22.638293090909116,66.30760114675759,0.0,-2.4492935982947064e-16,1.0,39.0,89447.24562784938,15.0,100.0,171941.0,26.362147875697904,14.481483305691004,38.03666123652455,344.0,0.57970542451328,typical,0.0,15.211105354725452,31.861376939393963,191.0,245.0,288.0,,0.0,Low,25.0,15.332089423521964
G/N,2026-12-01,203.12488513908616,235.19096149026817,259.98554840865427,222.31684905187538,232.76713167933622,269.0848439283825,15.211105354725452,415.0650934333763,2.4545454545454546,0.09090909090909091,31.861376939393963,22.638293090909116,66.30760114675759,0.0,-2.4492935982947064e-16,1.0,32.0,70386.32902931391,13.0,79.41957984524025,619878.0,204.875998377132,171.3246567296492,242.0391748661824,2854.0,0.9723801736603143,typical,0.0,15.211105354725452,31.861376939393963,344.5,431.25,580.8000000000002,32.0,6.0606060606060606,Low,24.400349506764606,33.05101945497856
S,2026-12-01,170.69394474783164,160.06432701574045,181.85504336652747,199.92539351108255,170.87110504336655,190.68353142734767,15.211105354725452,415.0650934333763,2.4545454545454546,0.09090909090909091,31.861376939393963,22.638293090909116,66.30760114675759,0.0,-2.4492935982947064e-16,1.0,72.0,25742.327721822323,18.0,95.07507283047032,769657.0,173.39025950633788,129.99445825419542,221.57977907917152,2206.0,1.0383821745317885,typical,0.0,15.211105354725452,31.861376939393963,344.5,434.5,517.8,72.0,0.7575757575757576,Low,24.336950025799396,22.52825083203789
F/N,2026-12-01,76.25876297808145,97.18342355133551,110.57520631821811,90.11553820214749,94.67246428254502,93.10698967669417,15.211105354725452,415.0650934333763,2.4545454545454546,0.09090909090909091,31.861376939393963,22.638293090909116,66.30760114675759,0.0,-2.4492935982947064e-16,1.0,58.0,44351.2179713998,11.0,94.01830303515386,547438.0,81.34816292819761,57.77176993648038,97.0032762510652,1048.0,0.9912229790641491,typical,0.0,15.211105354725452,31.861376939393963,210.5,281.5,415.30000000000007,58.0,0.0,Low,23.504575758788466,14.859794703363233
H/E,2026-12-01,183.02298173246905,188.07189157336475,193.12080141426043,184.70595167943426,188.07189157336475,201.97976821842465,15.211105354725452,415.0650934333763,2.4545454545454546,0.09090909090909091,31.861376939393963,22.638293090909116,66.30760114675759,0.0,-2.4492935982947064e-16,1.0,42.0,46206.38850675846,5.0,78.64547148825885,576624.0,175.57751408921433,139.29341805784475,217.95615950179146,2261.0,1.0452336083598999,typical,0.0,15.211105354725452,31.861376939393963,446.0,562.5,628.9,42.0,1.5151515151515151,Low,20.79773150842835,30.44922065144953
P/S,2026-12-01,28.915478077126256,26.980190174326466,33.92445853143159,36.88431061806656,29.940042260961434,35.99256030991371,15.211105354725452,415.0650934333763,2.4545454545454546,0.09090909090909091,31.861376939393963,22.638293090909116,66.30760114675759,0.0,-2.4492935982947064e-16,1.0,57.0,18947.99258776129,13.0,74.55156987481263,479631.0,33.54896645275295,18.839249706072053,45.94716996492817,431.0,0.6938065216802108,typical,0.0,15.211105354725452,31.861376939393963,68.5,84.0,110.80000000000001,57.0,1.5151515151515151,Low,19.774256105066794,6.994745221379133
H/W,2026-12-01,93.0888888888889,108.0060606060606,122.63636363636363,92.22828282828283,107.9104377104377,110.70740740740742,15.211105354725452,415.0650934333763,2.4545454545454546,0.09090909090909091,31.861376939393963,22.638293090909116,66.30760114675759,0.0,-2.4492935982947064e-16,1.0,39.0,35081.3916144126,16.0,62.419549628621816,318281.0,99.13263187102162,69.92903090996238,128.81196791393936,1278.0,0.9688994021038206,typical,0.0,15.211105354725452,31.861376939393963,163.0,221.25,291.6,39.0,3.787878787878788,Low,18.445796498064546,31.146261282018596
K/W,2026-12-01,118.51204416192708,135.3959518233523,151.7928236868518,154.0656574105052,135.23360655737704,164.69927233188358,15.211105354725452,415.0650934333763,2.4545454545454546,0.09090909090909091,31.861376939393963,22.638293090909116,66.30760114675759,0.0,-2.4492935982947064e-16,1.0,15.0,31401.094940158986,4.0,36.309719599293075,774733.0,134.3043328554561,102.87602850590338,185.0472498602627,1941.0,1.0092975501098544,typical,0.0,15.211105354725452,31.861376939393963,255.0,312.0,386.9,15.0,12.121212121212121,Low,18.16833899073236,17.335563717494427
K/E,2026-12-01,241.60222278926034,249.57965467381135,259.8363528110913,261.67729863060305,250.33941009138766,264.950091198624,15.211105354725452,415.0650934333763,2.4545454545454546,0.09090909090909091,31.861376939393963,22.638293090909116,66.30760114675759,0.0,-2.4492935982947064e-16,1.0,49.0,35404.028806505885,32.0,67.47412697353374,852546.0,238.02534525136502,207.67203694553538,282.58363807030537,3092.0,0.9844485120143874,typical,0.0,15.211105354725452,31.861376939393963,550.5,641.75,805.2,49.0,0.0,Low,16.868531743383436,27.91935511413637
F/S,2026-12-01,35.658179231863436,36.597155049786636,41.24623044096728,36.39103840682788,37.83385490753912,43.97536747273589,15.211105354725452,415.0650934333763,2.4545454545454546,0.09090909090909091,31.861376939393963,22.638293090909116,66.30760114675759,0.0,-2.4492935982947064e-16,1.0,26.0,37977.76498450448,29.0,42.75650366858393,373529.0,37.719307485617314,19.606193231426733,55.55615682508687,483.0,0.8315184529539577,typical,0.0,15.211105354725452,31.861376939393963,355.0,436.0,571.7000000000002,26.0,1.5151515151515151,Low,11.82548955350962,10.098093450740722
D,2026-12-01,0.0,0.0,0.0,0.0,0.0,0.0,15.211105354725452,415.0650934333763,2.4545454545454546,0.09090909090909091,31.861376939393963,22.638293090909116,66.30760114675759,0.0,-2.4492935982947064e-16,1.0,10.0,43438.070289872856,17.0,32.5715918586037,358933.0,0.0,0.0,142.50922828231873,0.0,0.35,typical,0.0,15.211105354725452,31.861376939393963,373.0,456.0,570.3000000000002,10.0,0.0,Low,8.142897964650926,0.0
T,2026-12-01,79.05813055233682,91.41685979142527,110.09646581691774,66.32203553495557,93.52381872022663,95.09617612977985,15.211105354725452,415.0650934333763,2.4545454545454546,0.09090909090909091,31.861376939393963,22.638293090909116,66.30760114675759,0.0,-2.4492935982947064e-16,1.0,33.0,8200.969947931737,97.0,0.0,353343.0,85.75543645961012,60.532833191194854,98.84544607970271,977.0,1.0036294074710792,typical,0.0,15.211105354725452,31.861376939393963,158.0,205.0,256.8,33.0,4.545454545454546,Low,3.409090909090909,24.269742561649764
