ward,date,cases,reporting_dispensaries,source,year,month
A,2008-01-01,97.0,5,Praja raw (monthly BMC dispensary records),2008,1
B,2008-01-01,42.0,4,Praja raw (monthly BMC dispensary records),2008,1
C,2008-01-01,148.0,5,Praja raw (monthly BMC dispensary records),2008,1
D,2008-01-01,38.0,5,Praja raw (monthly BMC dispensary records),2008,1
E,2008-01-01,307.0,11,Praja raw (monthly BMC dispensary records),2008,1
F/N,2008-01-01,170.0,6,Praja raw (monthly BMC dispensary records),2008,1
F/S,2008-01-01,356.0,9,Praja raw (monthly BMC dispensary records),2008,1
G/N,2008-01-01,256.0,9,Praja raw (monthly BMC dispensary records),2008,1
G/S,2008-01-01,591.0,13,Praja raw (monthly BMC dispensary records),2008,1
H/E,2008-01-01,295.0,2,Praja raw (monthly BMC dispensary records),2008,1
H/W,2008-01-01,274.0,4,Praja raw (monthly BMC dispensary records),2008,1
K/E,2008-01-01,337.0,10,Praja raw (monthly BMC dispensary records),2008,1
K/W,2008-01-01,273.0,5,Praja raw (monthly BMC dispensary records),2008,1
L,2008-01-01,294.0,9,Praja raw (monthly BMC dispensary records),2008,1
M/E,2008-01-01,105.0,5,Praja raw (monthly BMC dispensary records),2008,1
M/W,2008-01-01,292.0,6,Praja raw (monthly BMC dispensary records),2008,1
N,2008-01-01,236.0,6,Praja raw (monthly BMC dispensary records),2008,1
P/N,2008-01-01,93.0,8,Praja raw (monthly BMC dispensary records),2008,1
P/S,2008-01-01,31.0,2,Praja raw (monthly BMC dispensary records),2008,1
R/C,2008-01-01,195.0,6,Praja raw (monthly BMC dispensary records),2008,1
R/N,2008-01-01,82.0,1,Praja raw (monthly BMC dispensary records),2008,1
R/S,2008-01-01,295.0,5,Praja raw (monthly BMC dispensary records),2008,1
S,2008-01-01,191.0,6,Praja raw (monthly BMC dispensary records),2008,1
T,2008-01-01,69.0,3,Praja raw (monthly BMC dispensary records),2008,1
A,2008-02-01,80.0,5,Praja raw (monthly BMC dispensary records),2008,2
B,2008-02-01,40.0,3,Praja raw (monthly BMC dispensary records),2008,2
C,2008-02-01,73.0,5,Praja raw (monthly BMC dispensary records),2008,2
D,2008-02-01,40.0,5,Praja raw (monthly BMC dispensary records),2008,2
E,2008-02-01,293.0,12,Praja raw (monthly BMC dispensary records),2008,2
F/N,2008-02-01,185.0,6,Praja raw (monthly BMC dispensary records),2008,2
F/S,2008-02-01,307.0,9,Praja raw (monthly BMC dispensary records),2008,2
G/N,2008-02-01,238.0,9,Praja raw (monthly BMC dispensary records),2008,2
G/S,2008-02-01,551.0,12,Praja raw (monthly BMC dispensary records),2008,2
H/E,2008-02-01,276.0,2,Praja raw (monthly BMC dispensary records),2008,2
H/W,2008-02-01,283.0,4,Praja raw (monthly BMC dispensary records),2008,2
K/E,2008-02-01,314.0,10,Praja raw (monthly BMC dispensary records),2008,2
K/W,2008-02-01,259.0,5,Praja raw (monthly BMC dispensary records),2008,2
L,2008-02-01,318.0,9,Praja raw (monthly BMC dispensary records),2008,2
M/E,2008-02-01,104.0,5,Praja raw (monthly BMC dispensary records),2008,2
M/W,2008-02-01,225.0,6,Praja raw (monthly BMC dispensary records),2008,2
N,2008-02-01,225.0,6,Praja raw (monthly BMC dispensary records),2008,2
P/N,2008-02-01,94.0,8,Praja raw (monthly BMC dispensary records),2008,2
P/S,2008-02-01,32.0,2,Praja raw (monthly BMC dispensary records),2008,2
R/C,2008-02-01,169.0,6,Praja raw (monthly BMC dispensary records),2008,2
R/N,2008-02-01,84.0,1,Praja raw (monthly BMC dispensary records),2008,2
R/S,2008-02-01,242.0,5,Praja raw (monthly BMC dispensary records),2008,2
S,2008-02-01,181.0,6,Praja raw (monthly BMC dispensary records),2008,2
T,2008-02-01,66.0,3,Praja raw (monthly BMC dispensary records),2008,2
A,2008-03-01,97.0,5,Praja raw (monthly BMC dispensary records),2008,3
B,2008-03-01,28.0,3,Praja raw (monthly BMC dispensary records),2008,3
C,2008-03-01,49.0,5,Praja raw (monthly BMC dispensary records),2008,3
D,2008-03-01,32.0,5,Praja raw (monthly BMC dispensary records),2008,3
E,2008-03-01,263.0,11,Praja raw (monthly BMC dispensary records),2008,3
F/N,2008-03-01,219.0,6,Praja raw (monthly BMC dispensary records),2008,3
F/S,2008-03-01,316.0,9,Praja raw (monthly BMC dispensary records),2008,3
G/N,2008-03-01,252.0,9,Praja raw (monthly BMC dispensary records),2008,3
G/S,2008-03-01,546.0,12,Praja raw (monthly BMC dispensary records),2008,3
H/E,2008-03-01,353.0,2,Praja raw (monthly BMC dispensary records),2008,3
H/W,2008-03-01,287.0,4,Praja raw (monthly BMC dispensary records),2008,3
K/E,2008-03-01,370.0,10,Praja raw (monthly BMC dispensary records),2008,3
K/W,2008-03-01,269.0,5,Praja raw (monthly BMC dispensary records),2008,3
L,2008-03-01,323.0,9,Praja raw (monthly BMC dispensary records),2008,3
M/E,2008-03-01,94.0,5,Praja raw (monthly BMC dispensary records),2008,3
M/W,2008-03-01,197.0,6,Praja raw (monthly BMC dispensary records),2008,3
N,2008-03-01,212.0,6,Praja raw (monthly BMC dispensary records),2008,3
P/N,2008-03-01,126.0,9,Praja raw (monthly BMC dispensary records),2008,3
P/S,2008-03-01,34.0,2,Praja raw (monthly BMC dispensary records),2008,3
R/C,2008-03-01,177.0,6,Praja raw (monthly BMC dispensary records),2008,3
R/N,2008-03-01,80.0,1,Praja raw (monthly BMC dispensary records),2008,3
R/S,2008-03-01,280.0,5,Praja raw (monthly BMC dispensary records),2008,3
S,2008-03-01,261.0,6,Praja raw (monthly BMC dispensary records),2008,3
T,2008-03-01,57.0,3,Praja raw (monthly BMC dispensary records),2008,3
A,2008-04-01,82.0,4,Praja raw (monthly BMC dispensary records),2008,4
B,2008-04-01,43.0,4,Praja raw (monthly BMC dispensary records),2008,4
C,2008-04-01,73.0,5,Praja raw (monthly BMC dispensary records),2008,4
D,2008-04-01,39.0,5,Praja raw (monthly BMC dispensary records),2008,4
E,2008-04-01,331.0,12,Praja raw (monthly BMC dispensary records),2008,4
F/N,2008-04-01,257.0,6,Praja raw (monthly BMC dispensary records),2008,4
F/S,2008-04-01,226.0,9,Praja raw (monthly BMC dispensary records),2008,4
G/N,2008-04-01,225.0,9,Praja raw (monthly BMC dispensary records),2008,4
G/S,2008-04-01,560.0,13,Praja raw (monthly BMC dispensary records),2008,4
H/E,2008-04-01,302.0,2,Praja raw (monthly BMC dispensary records),2008,4
H/W,2008-04-01,325.0,4,Praja raw (monthly BMC dispensary records),2008,4
K/E,2008-04-01,395.0,10,Praja raw (monthly BMC dispensary records),2008,4
K/W,2008-04-01,256.0,5,Praja raw (monthly BMC dispensary records),2008,4
L,2008-04-01,336.0,10,Praja raw (monthly BMC dispensary records),2008,4
M/E,2008-04-01,103.0,5,Praja raw (monthly BMC dispensary records),2008,4
M/W,2008-04-01,209.0,6,Praja raw (monthly BMC dispensary records),2008,4
N,2008-04-01,188.0,6,Praja raw (monthly BMC dispensary records),2008,4
P/N,2008-04-01,106.0,8,Praja raw (monthly BMC dispensary records),2008,4
P/S,2008-04-01,55.0,2,Praja raw (monthly BMC dispensary records),2008,4
R/C,2008-04-01,163.0,6,Praja raw (monthly BMC dispensary records),2008,4
R/N,2008-04-01,77.0,1,Praja raw (monthly BMC dispensary records),2008,4
R/S,2008-04-01,242.0,5,Praja raw (monthly BMC dispensary records),2008,4
S,2008-04-01,187.0,6,Praja raw (monthly BMC dispensary records),2008,4
T,2008-04-01,48.0,3,Praja raw (monthly BMC dispensary records),2008,4
A,2008-05-01,84.0,4,Praja raw (monthly BMC dispensary records),2008,5
B,2008-05-01,48.0,4,Praja raw (monthly BMC dispensary records),2008,5
C,2008-05-01,27.0,4,Praja raw (monthly BMC dispensary records),2008,5
D,2008-05-01,41.0,5,Praja raw (monthly BMC dispensary records),2008,5
E,2008-05-01,276.0,10,Praja raw (monthly BMC dispensary records),2008,5
F/N,2008-05-01,181.0,6,Praja raw (monthly BMC dispensary records),2008,5
F/S,2008-05-01,200.0,9,Praja raw (monthly BMC dispensary records),2008,5
G/N,2008-05-01,273.0,9,Praja raw (monthly BMC dispensary records),2008,5
G/S,2008-05-01,583.0,13,Praja raw (monthly BMC dispensary records),2008,5
H/E,2008-05-01,246.0,2,Praja raw (monthly BMC dispensary records),2008,5
H/W,2008-05-01,307.0,4,Praja raw (monthly BMC dispensary records),2008,5
K/E,2008-05-01,303.0,9,Praja raw (monthly BMC dispensary records),2008,5
K/W,2008-05-01,229.0,5,Praja raw (monthly BMC dispensary records),2008,5
L,2008-05-01,340.0,9,Praja raw (monthly BMC dispensary records),2008,5
M/E,2008-05-01,99.0,5,Praja raw (monthly BMC dispensary records),2008,5
M/W,2008-05-01,237.0,6,Praja raw (monthly BMC dispensary records),2008,5
N,2008-05-01,413.0,6,Praja raw (monthly BMC dispensary records),2008,5
P/N,2008-05-01,104.0,8,Praja raw (monthly BMC dispensary records),2008,5
P/S,2008-05-01,83.0,2,Praja raw (monthly BMC dispensary records),2008,5
R/C,2008-05-01,155.0,6,Praja raw (monthly BMC dispensary records),2008,5
R/N,2008-05-01,79.0,1,Praja raw (monthly BMC dispensary records),2008,5
R/S,2008-05-01,269.0,5,Praja raw (monthly BMC dispensary records),2008,5
S,2008-05-01,149.0,6,Praja raw (monthly BMC dispensary records),2008,5
T,2008-05-01,45.0,3,Praja raw (monthly BMC dispensary records),2008,5
A,2008-06-01,88.0,5,Praja raw (monthly BMC dispensary records),2008,6
B,2008-06-01,102.0,5,Praja raw (monthly BMC dispensary records),2008,6
C,2008-06-01,117.0,5,Praja raw (monthly BMC dispensary records),2008,6
D,2008-06-01,125.0,4,Praja raw (monthly BMC dispensary records),2008,6
E,2008-06-01,501.0,12,Praja raw (monthly BMC dispensary records),2008,6
F/N,2008-06-01,360.0,6,Praja raw (monthly BMC dispensary records),2008,6
F/S,2008-06-01,452.0,9,Praja raw (monthly BMC dispensary records),2008,6
G/N,2008-06-01,242.0,9,Praja raw (monthly BMC dispensary records),2008,6
G/S,2008-06-01,597.0,13,Praja raw (monthly BMC dispensary records),2008,6
H/E,2008-06-01,238.0,6,Praja raw (monthly BMC dispensary records),2008,6
H/W,2008-06-01,212.0,5,Praja raw (monthly BMC dispensary records),2008,6
K/E,2008-06-01,445.0,10,Praja raw (monthly BMC dispensary records),2008,6
K/W,2008-06-01,245.0,5,Praja raw (monthly BMC dispensary records),2008,6
L,2008-06-01,418.0,9,Praja raw (monthly BMC dispensary records),2008,6
M/E,2008-06-01,55.0,5,Praja raw (monthly BMC dispensary records),2008,6
M/W,2008-06-01,262.0,6,Praja raw (monthly BMC dispensary records),2008,6
N,2008-06-01,214.0,5,Praja raw (monthly BMC dispensary records),2008,6
P/N,2008-06-01,176.0,9,Praja raw (monthly BMC dispensary records),2008,6
P/S,2008-06-01,78.0,2,Praja raw (monthly BMC dispensary records),2008,6
R/C,2008-06-01,247.0,6,Praja raw (monthly BMC dispensary records),2008,6
R/N,2008-06-01,77.0,2,Praja raw (monthly BMC dispensary records),2008,6
R/S,2008-06-01,218.0,5,Praja raw (monthly BMC dispensary records),2008,6
S,2008-06-01,283.0,6,Praja raw (monthly BMC dispensary records),2008,6
T,2008-06-01,97.0,2,Praja raw (monthly BMC dispensary records),2008,6
A,2008-07-01,95.0,5,Praja raw (monthly BMC dispensary records),2008,7
B,2008-07-01,121.0,5,Praja raw (monthly BMC dispensary records),2008,7
C,2008-07-01,92.0,5,Praja raw (monthly BMC dispensary records),2008,7
D,2008-07-01,125.0,4,Praja raw (monthly BMC dispensary records),2008,7
E,2008-07-01,576.0,11,Praja raw (monthly BMC dispensary records),2008,7
F/N,2008-07-01,618.0,6,Praja raw (monthly BMC dispensary records),2008,7
F/S,2008-07-01,703.0,9,Praja raw (monthly BMC dispensary records),2008,7
G/N,2008-07-01,422.0,9,Praja raw (monthly BMC dispensary records),2008,7
G/S,2008-07-01,893.0,13,Praja raw (monthly BMC dispensary records),2008,7
H/E,2008-07-01,277.0,6,Praja raw (monthly BMC dispensary records),2008,7
H/W,2008-07-01,271.0,5,Praja raw (monthly BMC dispensary records),2008,7
K/E,2008-07-01,473.0,10,Praja raw (monthly BMC dispensary records),2008,7
K/W,2008-07-01,468.0,5,Praja raw (monthly BMC dispensary records),2008,7
L,2008-07-01,496.0,9,Praja raw (monthly BMC dispensary records),2008,7
M/E,2008-07-01,139.0,5,Praja raw (monthly BMC dispensary records),2008,7
M/W,2008-07-01,553.0,6,Praja raw (monthly BMC dispensary records),2008,7
N,2008-07-01,466.0,5,Praja raw (monthly BMC dispensary records),2008,7
P/N,2008-07-01,199.0,9,Praja raw (monthly BMC dispensary records),2008,7
P/S,2008-07-01,129.0,2,Praja raw (monthly BMC dispensary records),2008,7
R/C,2008-07-01,350.0,6,Praja raw (monthly BMC dispensary records),2008,7
R/N,2008-07-01,100.0,2,Praja raw (monthly BMC dispensary records),2008,7
R/S,2008-07-01,403.0,5,Praja raw (monthly BMC dispensary records),2008,7
S,2008-07-01,441.0,6,Praja raw (monthly BMC dispensary records),2008,7
T,2008-07-01,130.0,2,Praja raw (monthly BMC dispensary records),2008,7
A,2008-08-01,84.0,5,Praja raw (monthly BMC dispensary records),2008,8
B,2008-08-01,97.0,5,Praja raw (monthly BMC dispensary records),2008,8
C,2008-08-01,88.0,5,Praja raw (monthly BMC dispensary records),2008,8
D,2008-08-01,158.0,4,Praja raw (monthly BMC dispensary records),2008,8
E,2008-08-01,589.0,12,Praja raw (monthly BMC dispensary records),2008,8
F/N,2008-08-01,529.0,6,Praja raw (monthly BMC dispensary records),2008,8
F/S,2008-08-01,833.0,9,Praja raw (monthly BMC dispensary records),2008,8
G/N,2008-08-01,429.0,9,Praja raw (monthly BMC dispensary records),2008,8
G/S,2008-08-01,801.0,13,Praja raw (monthly BMC dispensary records),2008,8
H/E,2008-08-01,339.0,6,Praja raw (monthly BMC dispensary records),2008,8
H/W,2008-08-01,246.0,5,Praja raw (monthly BMC dispensary records),2008,8
K/E,2008-08-01,498.0,10,Praja raw (monthly BMC dispensary records),2008,8
K/W,2008-08-01,365.0,5,Praja raw (monthly BMC dispensary records),2008,8
L,2008-08-01,481.0,9,Praja raw (monthly BMC dispensary records),2008,8
M/E,2008-08-01,196.0,5,Praja raw (monthly BMC dispensary records),2008,8
M/W,2008-08-01,361.0,6,Praja raw (monthly BMC dispensary records),2008,8
N,2008-08-01,199.0,5,Praja raw (monthly BMC dispensary records),2008,8
P/N,2008-08-01,247.0,9,Praja raw (monthly BMC dispensary records),2008,8
P/S,2008-08-01,72.0,2,Praja raw (monthly BMC dispensary records),2008,8
R/C,2008-08-01,363.0,6,Praja raw (monthly BMC dispensary records),2008,8
R/N,2008-08-01,109.0,2,Praja raw (monthly BMC dispensary records),2008,8
R/S,2008-08-01,432.0,5,Praja raw (monthly BMC dispensary records),2008,8
S,2008-08-01,280.0,6,Praja raw (monthly BMC dispensary records),2008,8
T,2008-08-01,122.0,2,Praja raw (monthly BMC dispensary records),2008,8
A,2008-09-01,65.0,5,Praja raw (monthly BMC dispensary records),2008,9
B,2008-09-01,122.0,4,Praja raw (monthly BMC dispensary records),2008,9
C,2008-09-01,69.0,5,Praja raw (monthly BMC dispensary records),2008,9
D,2008-09-01,142.0,4,Praja raw (monthly BMC dispensary records),2008,9
E,2008-09-01,470.0,12,Praja raw (monthly BMC dispensary records),2008,9
F/N,2008-09-01,375.0,6,Praja raw (monthly BMC dispensary records),2008,9
F/S,2008-09-01,620.0,9,Praja raw (monthly BMC dispensary records),2008,9
G/N,2008-09-01,324.0,9,Praja raw (monthly BMC dispensary records),2008,9
G/S,2008-09-01,726.0,13,Praja raw (monthly BMC dispensary records),2008,9
H/E,2008-09-01,365.0,6,Praja raw (monthly BMC dispensary records),2008,9
H/W,2008-09-01,235.0,5,Praja raw (monthly BMC dispensary records),2008,9
K/E,2008-09-01,520.0,10,Praja raw (monthly BMC dispensary records),2008,9
K/W,2008-09-01,327.0,5,Praja raw (monthly BMC dispensary records),2008,9
L,2008-09-01,454.0,8,Praja raw (monthly BMC dispensary records),2008,9
M/E,2008-09-01,187.0,5,Praja raw (monthly BMC dispensary records),2008,9
M/W,2008-09-01,350.0,6,Praja raw (monthly BMC dispensary records),2008,9
N,2008-09-01,252.0,5,Praja raw (monthly BMC dispensary records),2008,9
P/N,2008-09-01,199.0,9,Praja raw (monthly BMC dispensary records),2008,9
P/S,2008-09-01,68.0,2,Praja raw (monthly BMC dispensary records),2008,9
R/C,2008-09-01,305.0,6,Praja raw (monthly BMC dispensary records),2008,9
R/N,2008-09-01,100.0,2,Praja raw (monthly BMC dispensary records),2008,9
R/S,2008-09-01,274.0,5,Praja raw (monthly BMC dispensary records),2008,9
S,2008-09-01,212.0,6,Praja raw (monthly BMC dispensary records),2008,9
T,2008-09-01,102.0,2,Praja raw (monthly BMC dispensary records),2008,9
A,2008-10-01,85.0,5,Praja raw (monthly BMC dispensary records),2008,10
B,2008-10-01,107.0,5,Praja raw (monthly BMC dispensary records),2008,10
C,2008-10-01,74.0,5,Praja raw (monthly BMC dispensary records),2008,10
D,2008-10-01,70.0,3,Praja raw (monthly BMC dispensary records),2008,10
E,2008-10-01,376.0,12,Praja raw (monthly BMC dispensary records),2008,10
F/N,2008-10-01,303.0,6,Praja raw (monthly BMC dispensary records),2008,10
F/S,2008-10-01,369.0,9,Praja raw (monthly BMC dispensary records),2008,10
G/N,2008-10-01,273.0,9,Praja raw (monthly BMC dispensary records),2008,10
G/S,2008-10-01,503.0,12,Praja raw (monthly BMC dispensary records),2008,10
H/E,2008-10-01,306.0,6,Praja raw (monthly BMC dispensary records),2008,10
H/W,2008-10-01,211.0,5,Praja raw (monthly BMC dispensary records),2008,10
K/E,2008-10-01,419.0,10,Praja raw (monthly BMC dispensary records),2008,10
K/W,2008-10-01,283.0,5,Praja raw (monthly BMC dispensary records),2008,10
L,2008-10-01,406.0,8,Praja raw (monthly BMC dispensary records),2008,10
M/E,2008-10-01,210.0,5,Praja raw (monthly BMC dispensary records),2008,10
M/W,2008-10-01,298.0,6,Praja raw (monthly BMC dispensary records),2008,10
N,2008-10-01,242.0,5,Praja raw (monthly BMC dispensary records),2008,10
P/N,2008-10-01,203.0,9,Praja raw (monthly BMC dispensary records),2008,10
P/S,2008-10-01,58.0,2,Praja raw (monthly BMC dispensary records),2008,10
R/C,2008-10-01,257.0,6,Praja raw (monthly BMC dispensary records),2008,10
R/N,2008-10-01,88.0,2,Praja raw (monthly BMC dispensary records),2008,10
R/S,2008-10-01,216.0,5,Praja raw (monthly BMC dispensary records),2008,10
S,2008-10-01,203.0,5,Praja raw (monthly BMC dispensary records),2008,10
T,2008-10-01,100.0,2,Praja raw (monthly BMC dispensary records),2008,10
A,2008-11-01,122.0,5,Praja raw (monthly BMC dispensary records),2008,11
B,2008-11-01,111.0,4,Praja raw (monthly BMC dispensary records),2008,11
C,2008-11-01,101.0,5,Praja raw (monthly BMC dispensary records),2008,11
D,2008-11-01,82.0,4,Praja raw (monthly BMC dispensary records),2008,11
E,2008-11-01,466.0,12,Praja raw (monthly BMC dispensary records),2008,11
F/N,2008-11-01,305.0,6,Praja raw (monthly BMC dispensary records),2008,11
F/S,2008-11-01,0.0,0,Praja raw (monthly BMC dispensary records),2008,11
G/N,2008-11-01,253.0,8,Praja raw (monthly BMC dispensary records),2008,11
G/S,2008-11-01,416.0,11,Praja raw (monthly BMC dispensary records),2008,11
H/E,2008-11-01,243.0,5,Praja raw (monthly BMC dispensary records),2008,11
H/W,2008-11-01,200.0,5,Praja raw (monthly BMC dispensary records),2008,11
K/E,2008-11-01,456.0,10,Praja raw (monthly BMC dispensary records),2008,11
K/W,2008-11-01,243.0,5,Praja raw (monthly BMC dispensary records),2008,11
L,2008-11-01,435.0,10,Praja raw (monthly BMC dispensary records),2008,11
M/E,2008-11-01,80.0,5,Praja raw (monthly BMC dispensary records),2008,11
M/W,2008-11-01,288.0,6,Praja raw (monthly BMC dispensary records),2008,11
N,2008-11-01,372.0,6,Praja raw (monthly BMC dispensary records),2008,11
P/N,2008-11-01,189.0,9,Praja raw (monthly BMC dispensary records),2008,11
P/S,2008-11-01,38.0,2,Praja raw (monthly BMC dispensary records),2008,11
R/C,2008-11-01,262.0,6,Praja raw (monthly BMC dispensary records),2008,11
R/N,2008-11-01,82.0,2,Praja raw (monthly BMC dispensary records),2008,11
R/S,2008-11-01,217.0,5,Praja raw (monthly BMC dispensary records),2008,11
S,2008-11-01,320.0,7,Praja raw (monthly BMC dispensary records),2008,11
T,2008-11-01,155.0,3,Praja raw (monthly BMC dispensary records),2008,11
A,2008-12-01,132.0,5,Praja raw (monthly BMC dispensary records),2008,12
B,2008-12-01,108.0,3,Praja raw (monthly BMC dispensary records),2008,12
C,2008-12-01,98.0,5,Praja raw (monthly BMC dispensary records),2008,12
D,2008-12-01,69.0,4,Praja raw (monthly BMC dispensary records),2008,12
E,2008-12-01,499.0,12,Praja raw (monthly BMC dispensary records),2008,12
F/N,2008-12-01,306.0,6,Praja raw (monthly BMC dispensary records),2008,12
F/S,2008-12-01,0.0,0,Praja raw (monthly BMC dispensary records),2008,12
G/N,2008-12-01,264.0,8,Praja raw (monthly BMC dispensary records),2008,12
G/S,2008-12-01,414.0,11,Praja raw (monthly BMC dispensary records),2008,12
H/E,2008-12-01,359.0,6,Praja raw (monthly BMC dispensary records),2008,12
H/W,2008-12-01,197.0,5,Praja raw (monthly BMC dispensary records),2008,12
K/E,2008-12-01,538.0,10,Praja raw (monthly BMC dispensary records),2008,12
K/W,2008-12-01,340.0,5,Praja raw (monthly BMC dispensary records),2008,12
L,2008-12-01,447.0,10,Praja raw (monthly BMC dispensary records),2008,12
M/E,2008-12-01,115.0,5,Praja raw (monthly BMC dispensary records),2008,12
M/W,2008-12-01,347.0,6,Praja raw (monthly BMC dispensary records),2008,12
N,2008-12-01,395.0,6,Praja raw (monthly BMC dispensary records),2008,12
P/N,2008-12-01,192.0,9,Praja raw (monthly BMC dispensary records),2008,12
P/S,2008-12-01,58.0,2,Praja raw (monthly BMC dispensary records),2008,12
R/C,2008-12-01,275.0,6,Praja raw (monthly BMC dispensary records),2008,12
R/N,2008-12-01,45.0,2,Praja raw (monthly BMC dispensary records),2008,12
R/S,2008-12-01,209.0,5,Praja raw (monthly BMC dispensary records),2008,12
S,2008-12-01,299.0,6,Praja raw (monthly BMC dispensary records),2008,12
T,2008-12-01,186.0,3,Praja raw (monthly BMC dispensary records),2008,12
A,2009-01-01,147.0,5,Praja raw (monthly BMC dispensary records),2009,1
B,2009-01-01,131.0,4,Praja raw (monthly BMC dispensary records),2009,1
C,2009-01-01,164.0,5,Praja raw (monthly BMC dispensary records),2009,1
D,2009-01-01,101.0,4,Praja raw (monthly BMC dispensary records),2009,1
E,2009-01-01,440.0,12,Praja raw (monthly BMC dispensary records),2009,1
F/N,2009-01-01,360.0,5,Praja raw (monthly BMC dispensary records),2009,1
F/S,2009-01-01,375.0,9,Praja raw (monthly BMC dispensary records),2009,1
G/N,2009-01-01,251.0,9,Praja raw (monthly BMC dispensary records),2009,1
G/S,2009-01-01,461.0,11,Praja raw (monthly BMC dispensary records),2009,1
H/E,2009-01-01,269.0,6,Praja raw (monthly BMC dispensary records),2009,1
H/W,2009-01-01,151.0,5,Praja raw (monthly BMC dispensary records),2009,1
K/E,2009-01-01,723.0,10,Praja raw (monthly BMC dispensary records),2009,1
K/W,2009-01-01,202.0,3,Praja raw (monthly BMC dispensary records),2009,1
L,2009-01-01,541.0,11,Praja raw (monthly BMC dispensary records),2009,1
M/E,2009-01-01,96.0,4,Praja raw (monthly BMC dispensary records),2009,1
M/W,2009-01-01,282.0,6,Praja raw (monthly BMC dispensary records),2009,1
N,2009-01-01,230.0,4,Praja raw (monthly BMC dispensary records),2009,1
P/N,2009-01-01,148.0,9,Praja raw (monthly BMC dispensary records),2009,1
P/S,2009-01-01,69.0,2,Praja raw (monthly BMC dispensary records),2009,1
R/C,2009-01-01,213.0,6,Praja raw (monthly BMC dispensary records),2009,1
R/N,2009-01-01,85.0,2,Praja raw (monthly BMC dispensary records),2009,1
R/S,2009-01-01,169.0,5,Praja raw (monthly BMC dispensary records),2009,1
S,2009-01-01,195.0,6,Praja raw (monthly BMC dispensary records),2009,1
T,2009-01-01,157.0,3,Praja raw (monthly BMC dispensary records),2009,1
A,2009-02-01,127.0,5,Praja raw (monthly BMC dispensary records),2009,2
B,2009-02-01,122.0,3,Praja raw (monthly BMC dispensary records),2009,2
C,2009-02-01,58.0,5,Praja raw (monthly BMC dispensary records),2009,2
D,2009-02-01,93.0,4,Praja raw (monthly BMC dispensary records),2009,2
E,2009-02-01,514.0,12,Praja raw (monthly BMC dispensary records),2009,2
F/N,2009-02-01,273.0,5,Praja raw (monthly BMC dispensary records),2009,2
F/S,2009-02-01,305.0,9,Praja raw (monthly BMC dispensary records),2009,2
G/N,2009-02-01,255.0,9,Praja raw (monthly BMC dispensary records),2009,2
G/S,2009-02-01,513.0,11,Praja raw (monthly BMC dispensary records),2009,2
H/E,2009-02-01,246.0,6,Praja raw (monthly BMC dispensary records),2009,2
H/W,2009-02-01,146.0,5,Praja raw (monthly BMC dispensary records),2009,2
K/E,2009-02-01,633.0,10,Praja raw (monthly BMC dispensary records),2009,2
K/W,2009-02-01,205.0,3,Praja raw (monthly BMC dispensary records),2009,2
L,2009-02-01,493.0,11,Praja raw (monthly BMC dispensary records),2009,2
M/E,2009-02-01,101.0,5,Praja raw (monthly BMC dispensary records),2009,2
M/W,2009-02-01,277.0,6,Praja raw (monthly BMC dispensary records),2009,2
N,2009-02-01,222.0,4,Praja raw (monthly BMC dispensary records),2009,2
P/N,2009-02-01,155.0,9,Praja raw (monthly BMC dispensary records),2009,2
P/S,2009-02-01,50.0,2,Praja raw (monthly BMC dispensary records),2009,2
R/C,2009-02-01,175.0,6,Praja raw (monthly BMC dispensary records),2009,2
R/N,2009-02-01,83.0,2,Praja raw (monthly BMC dispensary records),2009,2
R/S,2009-02-01,129.0,5,Praja raw (monthly BMC dispensary records),2009,2
S,2009-02-01,241.0,7,Praja raw (monthly BMC dispensary records),2009,2
T,2009-02-01,127.0,3,Praja raw (monthly BMC dispensary records),2009,2
A,2009-03-01,102.0,5,Praja raw (monthly BMC dispensary records),2009,3
B,2009-03-01,108.0,3,Praja raw (monthly BMC dispensary records),2009,3
C,2009-03-01,42.0,5,Praja raw (monthly BMC dispensary records),2009,3
D,2009-03-01,130.0,4,Praja raw (monthly BMC dispensary records),2009,3
E,2009-03-01,452.0,11,Praja raw (monthly BMC dispensary records),2009,3
F/N,2009-03-01,196.0,5,Praja raw (monthly BMC dispensary records),2009,3
F/S,2009-03-01,341.0,9,Praja raw (monthly BMC dispensary records),2009,3
G/N,2009-03-01,220.0,9,Praja raw (monthly BMC dispensary records),2009,3
G/S,2009-03-01,407.0,11,Praja raw (monthly BMC dispensary records),2009,3
H/E,2009-03-01,252.0,6,Praja raw (monthly BMC dispensary records),2009,3
H/W,2009-03-01,156.0,5,Praja raw (monthly BMC dispensary records),2009,3
K/E,2009-03-01,625.0,10,Praja raw (monthly BMC dispensary records),2009,3
K/W,2009-03-01,195.0,3,Praja raw (monthly BMC dispensary records),2009,3
L,2009-03-01,532.0,11,Praja raw (monthly BMC dispensary records),2009,3
M/E,2009-03-01,80.0,5,Praja raw (monthly BMC dispensary records),2009,3
M/W,2009-03-01,251.0,6,Praja raw (monthly BMC dispensary records),2009,3
N,2009-03-01,188.0,4,Praja raw (monthly BMC dispensary records),2009,3
P/N,2009-03-01,186.0,9,Praja raw (monthly BMC dispensary records),2009,3
P/S,2009-03-01,46.0,2,Praja raw (monthly BMC dispensary records),2009,3
R/C,2009-03-01,157.0,6,Praja raw (monthly BMC dispensary records),2009,3
R/N,2009-03-01,86.0,2,Praja raw (monthly BMC dispensary records),2009,3
R/S,2009-03-01,142.0,5,Praja raw (monthly BMC dispensary records),2009,3
S,2009-03-01,188.0,7,Praja raw (monthly BMC dispensary records),2009,3
T,2009-03-01,118.0,3,Praja raw (monthly BMC dispensary records),2009,3
A,2009-04-01,175.0,5,Praja raw (monthly BMC dispensary records),2009,4
B,2009-04-01,112.0,5,Praja raw (monthly BMC dispensary records),2009,4
C,2009-04-01,54.0,5,Praja raw (monthly BMC dispensary records),2009,4
D,2009-04-01,154.0,4,Praja raw (monthly BMC dispensary records),2009,4
E,2009-04-01,373.0,10,Praja raw (monthly BMC dispensary records),2009,4
F/N,2009-04-01,232.0,6,Praja raw (monthly BMC dispensary records),2009,4
F/S,2009-04-01,351.0,9,Praja raw (monthly BMC dispensary records),2009,4
G/N,2009-04-01,305.0,9,Praja raw (monthly BMC dispensary records),2009,4
G/S,2009-04-01,446.0,13,Praja raw (monthly BMC dispensary records),2009,4
H/E,2009-04-01,248.0,6,Praja raw (monthly BMC dispensary records),2009,4
H/W,2009-04-01,156.0,5,Praja raw (monthly BMC dispensary records),2009,4
K/E,2009-04-01,549.0,10,Praja raw (monthly BMC dispensary records),2009,4
K/W,2009-04-01,215.0,4,Praja raw (monthly BMC dispensary records),2009,4
L,2009-04-01,595.0,11,Praja raw (monthly BMC dispensary records),2009,4
M/E,2009-04-01,109.0,5,Praja raw (monthly BMC dispensary records),2009,4
M/W,2009-04-01,274.0,6,Praja raw (monthly BMC dispensary records),2009,4
N,2009-04-01,290.0,7,Praja raw (monthly BMC dispensary records),2009,4
P/N,2009-04-01,217.0,9,Praja raw (monthly BMC dispensary records),2009,4
P/S,2009-04-01,84.0,2,Praja raw (monthly BMC dispensary records),2009,4
R/C,2009-04-01,175.0,6,Praja raw (monthly BMC dispensary records),2009,4
R/N,2009-04-01,75.0,2,Praja raw (monthly BMC dispensary records),2009,4
R/S,2009-04-01,134.0,4,Praja raw (monthly BMC dispensary records),2009,4
S,2009-04-01,233.0,7,Praja raw (monthly BMC dispensary records),2009,4
T,2009-04-01,118.0,3,Praja raw (monthly BMC dispensary records),2009,4
A,2009-05-01,158.0,5,Praja raw (monthly BMC dispensary records),2009,5
B,2009-05-01,103.0,4,Praja raw (monthly BMC dispensary records),2009,5
C,2009-05-01,46.0,4,Praja raw (monthly BMC dispensary records),2009,5
D,2009-05-01,169.0,4,Praja raw (monthly BMC dispensary records),2009,5
E,2009-05-01,445.0,12,Praja raw (monthly BMC dispensary records),2009,5
F/N,2009-05-01,264.0,6,Praja raw (monthly BMC dispensary records),2009,5
F/S,2009-05-01,309.0,9,Praja raw (monthly BMC dispensary records),2009,5
G/N,2009-05-01,282.0,9,Praja raw (monthly BMC dispensary records),2009,5
G/S,2009-05-01,487.0,13,Praja raw (monthly BMC dispensary records),2009,5
H/E,2009-05-01,286.0,6,Praja raw (monthly BMC dispensary records),2009,5
H/W,2009-05-01,161.0,5,Praja raw (monthly BMC dispensary records),2009,5
K/E,2009-05-01,515.0,10,Praja raw (monthly BMC dispensary records),2009,5
K/W,2009-05-01,173.0,4,Praja raw (monthly BMC dispensary records),2009,5
L,2009-05-01,710.0,11,Praja raw (monthly BMC dispensary records),2009,5
M/E,2009-05-01,90.0,5,Praja raw (monthly BMC dispensary records),2009,5
M/W,2009-05-01,239.0,6,Praja raw (monthly BMC dispensary records),2009,5
N,2009-05-01,283.0,7,Praja raw (monthly BMC dispensary records),2009,5
P/N,2009-05-01,203.0,9,Praja raw (monthly BMC dispensary records),2009,5
P/S,2009-05-01,53.0,2,Praja raw (monthly BMC dispensary records),2009,5
R/C,2009-05-01,197.0,6,Praja raw (monthly BMC dispensary records),2009,5
R/N,2009-05-01,80.0,2,Praja raw (monthly BMC dispensary records),2009,5
R/S,2009-05-01,162.0,5,Praja raw (monthly BMC dispensary records),2009,5
S,2009-05-01,273.0,7,Praja raw (monthly BMC dispensary records),2009,5
T,2009-05-01,123.0,3,Praja raw (monthly BMC dispensary records),2009,5
A,2009-06-01,185.0,5,Praja raw (monthly BMC dispensary records),2009,6
B,2009-06-01,140.0,4,Praja raw (monthly BMC dispensary records),2009,6
C,2009-06-01,88.0,5,Praja raw (monthly BMC dispensary records),2009,6
D,2009-06-01,211.0,5,Praja raw (monthly BMC dispensary records),2009,6
E,2009-06-01,438.0,11,Praja raw (monthly BMC dispensary records),2009,6
F/N,2009-06-01,409.0,6,Praja raw (monthly BMC dispensary records),2009,6
F/S,2009-06-01,264.0,8,Praja raw (monthly BMC dispensary records),2009,6
G/N,2009-06-01,267.0,9,Praja raw (monthly BMC dispensary records),2009,6
G/S,2009-06-01,513.0,13,Praja raw (monthly BMC dispensary records),2009,6
H/E,2009-06-01,376.0,6,Praja raw (monthly BMC dispensary records),2009,6
H/W,2009-06-01,247.0,5,Praja raw (monthly BMC dispensary records),2009,6
K/E,2009-06-01,584.0,10,Praja raw (monthly BMC dispensary records),2009,6
K/W,2009-06-01,224.0,4,Praja raw (monthly BMC dispensary records),2009,6
L,2009-06-01,1288.0,11,Praja raw (monthly BMC dispensary records),2009,6
M/E,2009-06-01,130.0,5,Praja raw (monthly BMC dispensary records),2009,6
M/W,2009-06-01,330.0,6,Praja raw (monthly BMC dispensary records),2009,6
N,2009-06-01,354.0,7,Praja raw (monthly BMC dispensary records),2009,6
P/N,2009-06-01,200.0,9,Praja raw (monthly BMC dispensary records),2009,6
P/S,2009-06-01,94.0,2,Praja raw (monthly BMC dispensary records),2009,6
R/C,2009-06-01,178.0,6,Praja raw (monthly BMC dispensary records),2009,6
R/N,2009-06-01,94.0,2,Praja raw (monthly BMC dispensary records),2009,6
R/S,2009-06-01,228.0,5,Praja raw (monthly BMC dispensary records),2009,6
S,2009-06-01,266.0,7,Praja raw (monthly BMC dispensary records),2009,6
T,2009-06-01,96.0,3,Praja raw (monthly BMC dispensary records),2009,6
A,2009-07-01,140.0,5,Praja raw (monthly BMC dispensary records),2009,7
B,2009-07-01,159.0,5,Praja raw (monthly BMC dispensary records),2009,7
C,2009-07-01,144.0,5,Praja raw (monthly BMC dispensary records),2009,7
D,2009-07-01,410.0,5,Praja raw (monthly BMC dispensary records),2009,7
E,2009-07-01,771.0,12,Praja raw (monthly BMC dispensary records),2009,7
F/N,2009-07-01,840.0,6,Praja raw (monthly BMC dispensary records),2009,7
F/S,2009-07-01,650.0,9,Praja raw (monthly BMC dispensary records),2009,7
G/N,2009-07-01,392.0,9,Praja raw (monthly BMC dispensary records),2009,7
G/S,2009-07-01,774.0,13,Praja raw (monthly BMC dispensary records),2009,7
H/E,2009-07-01,661.0,6,Praja raw (monthly BMC dispensary records),2009,7
H/W,2009-07-01,273.0,4,Praja raw (monthly BMC dispensary records),2009,7
K/E,2009-07-01,789.0,10,Praja raw (monthly BMC dispensary records),2009,7
K/W,2009-07-01,526.0,4,Praja raw (monthly BMC dispensary records),2009,7
L,2009-07-01,1318.0,11,Praja raw (monthly BMC dispensary records),2009,7
M/E,2009-07-01,317.0,5,Praja raw (monthly BMC dispensary records),2009,7
M/W,2009-07-01,693.0,6,Praja raw (monthly BMC dispensary records),2009,7
N,2009-07-01,826.0,6,Praja raw (monthly BMC dispensary records),2009,7
P/N,2009-07-01,310.0,8,Praja raw (monthly BMC dispensary records),2009,7
P/S,2009-07-01,182.0,2,Praja raw (monthly BMC dispensary records),2009,7
R/C,2009-07-01,299.0,6,Praja raw (monthly BMC dispensary records),2009,7
R/N,2009-07-01,49.0,2,Praja raw (monthly BMC dispensary records),2009,7
R/S,2009-07-01,505.0,5,Praja raw (monthly BMC dispensary records),2009,7
S,2009-07-01,509.0,6,Praja raw (monthly BMC dispensary records),2009,7
T,2009-07-01,177.0,3,Praja raw (monthly BMC dispensary records),2009,7
A,2009-08-01,151.0,5,Praja raw (monthly BMC dispensary records),2009,8
B,2009-08-01,160.0,4,Praja raw (monthly BMC dispensary records),2009,8
C,2009-08-01,189.0,5,Praja raw (monthly BMC dispensary records),2009,8
D,2009-08-01,418.0,5,Praja raw (monthly BMC dispensary records),2009,8
E,2009-08-01,845.0,11,Praja raw (monthly BMC dispensary records),2009,8
F/N,2009-08-01,873.0,5,Praja raw (monthly BMC dispensary records),2009,8
F/S,2009-08-01,824.0,9,Praja raw (monthly BMC dispensary records),2009,8
G/N,2009-08-01,519.0,9,Praja raw (monthly BMC dispensary records),2009,8
G/S,2009-08-01,884.0,12,Praja raw (monthly BMC dispensary records),2009,8
H/E,2009-08-01,771.0,6,Praja raw (monthly BMC dispensary records),2009,8
H/W,2009-08-01,380.0,5,Praja raw (monthly BMC dispensary records),2009,8
K/E,2009-08-01,864.0,10,Praja raw (monthly BMC dispensary records),2009,8
K/W,2009-08-01,555.0,4,Praja raw (monthly BMC dispensary records),2009,8
L,2009-08-01,1250.0,11,Praja raw (monthly BMC dispensary records),2009,8
M/E,2009-08-01,684.0,4,Praja raw (monthly BMC dispensary records),2009,8
M/W,2009-08-01,572.0,6,Praja raw (monthly BMC dispensary records),2009,8
N,2009-08-01,1074.0,7,Praja raw (monthly BMC dispensary records),2009,8
P/N,2009-08-01,418.0,9,Praja raw (monthly BMC dispensary records),2009,8
P/S,2009-08-01,197.0,2,Praja raw (monthly BMC dispensary records),2009,8
R/C,2009-08-01,292.0,6,Praja raw (monthly BMC dispensary records),2009,8
R/N,2009-08-01,246.0,2,Praja raw (monthly BMC dispensary records),2009,8
R/S,2009-08-01,571.0,5,Praja raw (monthly BMC dispensary records),2009,8
S,2009-08-01,568.0,7,Praja raw (monthly BMC dispensary records),2009,8
T,2009-08-01,209.0,3,Praja raw (monthly BMC dispensary records),2009,8
A,2009-09-01,100.0,5,Praja raw (monthly BMC dispensary records),2009,9
B,2009-09-01,189.0,5,Praja raw (monthly BMC dispensary records),2009,9
C,2009-09-01,156.0,5,Praja raw (monthly BMC dispensary records),2009,9
D,2009-09-01,388.0,5,Praja raw (monthly BMC dispensary records),2009,9
E,2009-09-01,729.0,11,Praja raw (monthly BMC dispensary records),2009,9
F/N,2009-09-01,545.0,5,Praja raw (monthly BMC dispensary records),2009,9
F/S,2009-09-01,551.0,9,Praja raw (monthly BMC dispensary records),2009,9
G/N,2009-09-01,371.0,9,Praja raw (monthly BMC dispensary records),2009,9
G/S,2009-09-01,606.0,12,Praja raw (monthly BMC dispensary records),2009,9
H/E,2009-09-01,427.0,6,Praja raw (monthly BMC dispensary records),2009,9
H/W,2009-09-01,364.0,5,Praja raw (monthly BMC dispensary records),2009,9
K/E,2009-09-01,644.0,10,Praja raw (monthly BMC dispensary records),2009,9
K/W,2009-09-01,356.0,4,Praja raw (monthly BMC dispensary records),2009,9
L,2009-09-01,1067.0,11,Praja raw (monthly BMC dispensary records),2009,9
M/E,2009-09-01,542.0,4,Praja raw (monthly BMC dispensary records),2009,9
M/W,2009-09-01,320.0,6,Praja raw (monthly BMC dispensary records),2009,9
N,2009-09-01,500.0,7,Praja raw (monthly BMC dispensary records),2009,9
P/N,2009-09-01,330.0,9,Praja raw (monthly BMC dispensary records),2009,9
P/S,2009-09-01,183.0,2,Praja raw (monthly BMC dispensary records),2009,9
R/C,2009-09-01,228.0,6,Praja raw (monthly BMC dispensary records),2009,9
R/N,2009-09-01,136.0,2,Praja raw (monthly BMC dispensary records),2009,9
R/S,2009-09-01,280.0,5,Praja raw (monthly BMC dispensary records),2009,9
S,2009-09-01,359.0,7,Praja raw (monthly BMC dispensary records),2009,9
T,2009-09-01,132.0,3,Praja raw (monthly BMC dispensary records),2009,9
A,2009-10-01,103.0,5,Praja raw (monthly BMC dispensary records),2009,10
B,2009-10-01,154.0,4,Praja raw (monthly BMC dispensary records),2009,10
C,2009-10-01,161.0,5,Praja raw (monthly BMC dispensary records),2009,10
D,2009-10-01,354.0,5,Praja raw (monthly BMC dispensary records),2009,10
E,2009-10-01,733.0,12,Praja raw (monthly BMC dispensary records),2009,10
F/N,2009-10-01,473.0,5,Praja raw (monthly BMC dispensary records),2009,10
F/S,2009-10-01,574.0,9,Praja raw (monthly BMC dispensary records),2009,10
G/N,2009-10-01,347.0,9,Praja raw (monthly BMC dispensary records),2009,10
G/S,2009-10-01,655.0,13,Praja raw (monthly BMC dispensary records),2009,10
H/E,2009-10-01,444.0,6,Praja raw (monthly BMC dispensary records),2009,10
H/W,2009-10-01,270.0,5,Praja raw (monthly BMC dispensary records),2009,10
K/E,2009-10-01,536.0,10,Praja raw (monthly BMC dispensary records),2009,10
K/W,2009-10-01,321.0,4,Praja raw (monthly BMC dispensary records),2009,10
L,2009-10-01,990.0,11,Praja raw (monthly BMC dispensary records),2009,10
M/E,2009-10-01,388.0,4,Praja raw (monthly BMC dispensary records),2009,10
M/W,2009-10-01,346.0,6,Praja raw (monthly BMC dispensary records),2009,10
N,2009-10-01,546.0,7,Praja raw (monthly BMC dispensary records),2009,10
P/N,2009-10-01,248.0,8,Praja raw (monthly BMC dispensary records),2009,10
P/S,2009-10-01,85.0,2,Praja raw (monthly BMC dispensary records),2009,10
R/C,2009-10-01,262.0,6,Praja raw (monthly BMC dispensary records),2009,10
R/N,2009-10-01,81.0,2,Praja raw (monthly BMC dispensary records),2009,10
R/S,2009-10-01,339.0,5,Praja raw (monthly BMC dispensary records),2009,10
S,2009-10-01,371.0,7,Praja raw (monthly BMC dispensary records),2009,10
T,2009-10-01,139.0,3,Praja raw (monthly BMC dispensary records),2009,10
A,2009-11-01,106.0,5,Praja raw (monthly BMC dispensary records),2009,11
B,2009-11-01,147.0,4,Praja raw (monthly BMC dispensary records),2009,11
C,2009-11-01,96.0,5,Praja raw (monthly BMC dispensary records),2009,11
D,2009-11-01,289.0,5,Praja raw (monthly BMC dispensary records),2009,11
E,2009-11-01,821.0,10,Praja raw (monthly BMC dispensary records),2009,11
F/N,2009-11-01,416.0,5,Praja raw (monthly BMC dispensary records),2009,11
F/S,2009-11-01,461.0,8,Praja raw (monthly BMC dispensary records),2009,11
G/N,2009-11-01,384.0,9,Praja raw (monthly BMC dispensary records),2009,11
G/S,2009-11-01,568.0,13,Praja raw (monthly BMC dispensary records),2009,11
H/E,2009-11-01,363.0,6,Praja raw (monthly BMC dispensary records),2009,11
H/W,2009-11-01,292.0,5,Praja raw (monthly BMC dispensary records),2009,11
K/E,2009-11-01,555.0,10,Praja raw (monthly BMC dispensary records),2009,11
K/W,2009-11-01,288.0,4,Praja raw (monthly BMC dispensary records),2009,11
L,2009-11-01,919.0,11,Praja raw (monthly BMC dispensary records),2009,11
M/E,2009-11-01,339.0,4,Praja raw (monthly BMC dispensary records),2009,11
M/W,2009-11-01,366.0,6,Praja raw (monthly BMC dispensary records),2009,11
N,2009-11-01,642.0,7,Praja raw (monthly BMC dispensary records),2009,11
P/N,2009-11-01,163.0,8,Praja raw (monthly BMC dispensary records),2009,11
P/S,2009-11-01,120.0,2,Praja raw (monthly BMC dispensary records),2009,11
R/C,2009-11-01,225.0,6,Praja raw (monthly BMC dispensary records),2009,11
R/N,2009-11-01,62.0,2,Praja raw (monthly BMC dispensary records),2009,11
R/S,2009-11-01,313.0,5,Praja raw (monthly BMC dispensary records),2009,11
S,2009-11-01,455.0,7,Praja raw (monthly BMC dispensary records),2009,11
T,2009-11-01,148.0,3,Praja raw (monthly BMC dispensary records),2009,11
A,2009-12-01,100.0,5,Praja raw (monthly BMC dispensary records),2009,12
B,2009-12-01,123.0,5,Praja raw (monthly BMC dispensary records),2009,12
C,2009-12-01,66.0,4,Praja raw (monthly BMC dispensary records),2009,12
D,2009-12-01,318.0,5,Praja raw (monthly BMC dispensary records),2009,12
E,2009-12-01,851.0,12,Praja raw (monthly BMC dispensary records),2009,12
F/N,2009-12-01,530.0,6,Praja raw (monthly BMC dispensary records),2009,12
F/S,2009-12-01,483.0,9,Praja raw (monthly BMC dispensary records),2009,12
G/N,2009-12-01,382.0,9,Praja raw (monthly BMC dispensary records),2009,12
G/S,2009-12-01,487.0,13,Praja raw (monthly BMC dispensary records),2009,12
H/E,2009-12-01,557.0,6,Praja raw (monthly BMC dispensary records),2009,12
H/W,2009-12-01,352.0,5,Praja raw (monthly BMC dispensary records),2009,12
K/E,2009-12-01,601.0,10,Praja raw (monthly BMC dispensary records),2009,12
K/W,2009-12-01,386.0,4,Praja raw (monthly BMC dispensary records),2009,12
L,2009-12-01,936.0,11,Praja raw (monthly BMC dispensary records),2009,12
M/E,2009-12-01,303.0,5,Praja raw (monthly BMC dispensary records),2009,12
M/W,2009-12-01,439.0,6,Praja raw (monthly BMC dispensary records),2009,12
N,2009-12-01,624.0,7,Praja raw (monthly BMC dispensary records),2009,12
P/N,2009-12-01,220.0,9,Praja raw (monthly BMC dispensary records),2009,12
P/S,2009-12-01,135.0,2,Praja raw (monthly BMC dispensary records),2009,12
R/C,2009-12-01,231.0,6,Praja raw (monthly BMC dispensary records),2009,12
R/N,2009-12-01,65.0,2,Praja raw (monthly BMC dispensary records),2009,12
R/S,2009-12-01,394.0,5,Praja raw (monthly BMC dispensary records),2009,12
S,2009-12-01,480.0,7,Praja raw (monthly BMC dispensary records),2009,12
T,2009-12-01,129.0,3,Praja raw (monthly BMC dispensary records),2009,12
A,2010-01-01,75.0,5,Praja raw (monthly BMC dispensary records),2010,1
B,2010-01-01,174.0,3,Praja raw (monthly BMC dispensary records),2010,1
C,2010-01-01,164.0,5,Praja raw (monthly BMC dispensary records),2010,1
D,2010-01-01,305.0,5,Praja raw (monthly BMC dispensary records),2010,1
E,2010-01-01,781.0,12,Praja raw (monthly BMC dispensary records),2010,1
F/N,2010-01-01,449.0,6,Praja raw (monthly BMC dispensary records),2010,1
F/S,2010-01-01,450.0,9,Praja raw (monthly BMC dispensary records),2010,1
G/N,2010-01-01,363.0,9,Praja raw (monthly BMC dispensary records),2010,1
G/S,2010-01-01,495.0,13,Praja raw (monthly BMC dispensary records),2010,1
H/E,2010-01-01,539.0,6,Praja raw (monthly BMC dispensary records),2010,1
H/W,2010-01-01,288.0,4,Praja raw (monthly BMC dispensary records),2010,1
K/E,2010-01-01,583.0,9,Praja raw (monthly BMC dispensary records),2010,1
K/W,2010-01-01,324.0,4,Praja raw (monthly BMC dispensary records),2010,1
L,2010-01-01,1123.0,11,Praja raw (monthly BMC dispensary records),2010,1
M/E,2010-01-01,284.0,5,Praja raw (monthly BMC dispensary records),2010,1
M/W,2010-01-01,411.0,6,Praja raw (monthly BMC dispensary records),2010,1
N,2010-01-01,537.0,7,Praja raw (monthly BMC dispensary records),2010,1
P/N,2010-01-01,213.0,9,Praja raw (monthly BMC dispensary records),2010,1
P/S,2010-01-01,121.0,2,Praja raw (monthly BMC dispensary records),2010,1
R/C,2010-01-01,215.0,6,Praja raw (monthly BMC dispensary records),2010,1
R/N,2010-01-01,54.0,2,Praja raw (monthly BMC dispensary records),2010,1
R/S,2010-01-01,334.0,5,Praja raw (monthly BMC dispensary records),2010,1
S,2010-01-01,313.0,7,Praja raw (monthly BMC dispensary records),2010,1
T,2010-01-01,107.0,3,Praja raw (monthly BMC dispensary records),2010,1
A,2010-02-01,87.0,4,Praja raw (monthly BMC dispensary records),2010,2
B,2010-02-01,100.0,4,Praja raw (monthly BMC dispensary records),2010,2
C,2010-02-01,87.0,4,Praja raw (monthly BMC dispensary records),2010,2
D,2010-02-01,302.0,5,Praja raw (monthly BMC dispensary records),2010,2
E,2010-02-01,681.0,12,Praja raw (monthly BMC dispensary records),2010,2
F/N,2010-02-01,379.0,6,Praja raw (monthly BMC dispensary records),2010,2
F/S,2010-02-01,436.0,9,Praja raw (monthly BMC dispensary records),2010,2
G/N,2010-02-01,344.0,9,Praja raw (monthly BMC dispensary records),2010,2
G/S,2010-02-01,474.0,13,Praja raw (monthly BMC dispensary records),2010,2
H/E,2010-02-01,527.0,6,Praja raw (monthly BMC dispensary records),2010,2
H/W,2010-02-01,271.0,4,Praja raw (monthly BMC dispensary records),2010,2
K/E,2010-02-01,521.0,10,Praja raw (monthly BMC dispensary records),2010,2
K/W,2010-02-01,263.0,4,Praja raw (monthly BMC dispensary records),2010,2
L,2010-02-01,939.0,11,Praja raw (monthly BMC dispensary records),2010,2
M/E,2010-02-01,292.0,5,Praja raw (monthly BMC dispensary records),2010,2
M/W,2010-02-01,407.0,6,Praja raw (monthly BMC dispensary records),2010,2
N,2010-02-01,503.0,7,Praja raw (monthly BMC dispensary records),2010,2
P/N,2010-02-01,170.0,9,Praja raw (monthly BMC dispensary records),2010,2
P/S,2010-02-01,86.0,2,Praja raw (monthly BMC dispensary records),2010,2
R/C,2010-02-01,210.0,6,Praja raw (monthly BMC dispensary records),2010,2
R/N,2010-02-01,60.0,2,Praja raw (monthly BMC dispensary records),2010,2
R/S,2010-02-01,351.0,5,Praja raw (monthly BMC dispensary records),2010,2
S,2010-02-01,293.0,7,Praja raw (monthly BMC dispensary records),2010,2
T,2010-02-01,130.0,3,Praja raw (monthly BMC dispensary records),2010,2
A,2010-03-01,60.0,4,Praja raw (monthly BMC dispensary records),2010,3
B,2010-03-01,93.0,5,Praja raw (monthly BMC dispensary records),2010,3
C,2010-03-01,119.0,4,Praja raw (monthly BMC dispensary records),2010,3
D,2010-03-01,261.0,5,Praja raw (monthly BMC dispensary records),2010,3
E,2010-03-01,679.0,12,Praja raw (monthly BMC dispensary records),2010,3
F/N,2010-03-01,386.0,6,Praja raw (monthly BMC dispensary records),2010,3
F/S,2010-03-01,471.0,9,Praja raw (monthly BMC dispensary records),2010,3
G/N,2010-03-01,387.0,9,Praja raw (monthly BMC dispensary records),2010,3
G/S,2010-03-01,387.0,13,Praja raw (monthly BMC dispensary records),2010,3
H/E,2010-03-01,498.0,6,Praja raw (monthly BMC dispensary records),2010,3
H/W,2010-03-01,284.0,4,Praja raw (monthly BMC dispensary records),2010,3
K/E,2010-03-01,478.0,10,Praja raw (monthly BMC dispensary records),2010,3
K/W,2010-03-01,411.0,4,Praja raw (monthly BMC dispensary records),2010,3
L,2010-03-01,836.0,11,Praja raw (monthly BMC dispensary records),2010,3
M/E,2010-03-01,291.0,5,Praja raw (monthly BMC dispensary records),2010,3
M/W,2010-03-01,366.0,6,Praja raw (monthly BMC dispensary records),2010,3
N,2010-03-01,457.0,7,Praja raw (monthly BMC dispensary records),2010,3
P/N,2010-03-01,169.0,9,Praja raw (monthly BMC dispensary records),2010,3
P/S,2010-03-01,83.0,2,Praja raw (monthly BMC dispensary records),2010,3
R/C,2010-03-01,174.0,6,Praja raw (monthly BMC dispensary records),2010,3
R/N,2010-03-01,65.0,2,Praja raw (monthly BMC dispensary records),2010,3
R/S,2010-03-01,361.0,5,Praja raw (monthly BMC dispensary records),2010,3
S,2010-03-01,325.0,7,Praja raw (monthly BMC dispensary records),2010,3
T,2010-03-01,112.0,3,Praja raw (monthly BMC dispensary records),2010,3
A,2010-04-01,98.0,4,Praja raw (monthly BMC dispensary records),2010,4
B,2010-04-01,117.0,4,Praja raw (monthly BMC dispensary records),2010,4
C,2010-04-01,110.0,5,Praja raw (monthly BMC dispensary records),2010,4
D,2010-04-01,220.0,5,Praja raw (monthly BMC dispensary records),2010,4
E,2010-04-01,698.0,12,Praja raw (monthly BMC dispensary records),2010,4
F/N,2010-04-01,357.0,6,Praja raw (monthly BMC dispensary records),2010,4
F/S,2010-04-01,457.0,9,Praja raw (monthly BMC dispensary records),2010,4
G/N,2010-04-01,283.0,9,Praja raw (monthly BMC dispensary records),2010,4
G/S,2010-04-01,435.0,12,Praja raw (monthly BMC dispensary records),2010,4
H/E,2010-04-01,436.0,6,Praja raw (monthly BMC dispensary records),2010,4
H/W,2010-04-01,150.0,3,Praja raw (monthly BMC dispensary records),2010,4
K/E,2010-04-01,481.0,10,Praja raw (monthly BMC dispensary records),2010,4
K/W,2010-04-01,267.0,5,Praja raw (monthly BMC dispensary records),2010,4
L,2010-04-01,973.0,11,Praja raw (monthly BMC dispensary records),2010,4
M/E,2010-04-01,350.0,5,Praja raw (monthly BMC dispensary records),2010,4
M/W,2010-04-01,326.0,6,Praja raw (monthly BMC dispensary records),2010,4
N,2010-04-01,534.0,7,Praja raw (monthly BMC dispensary records),2010,4
P/N,2010-04-01,133.0,9,Praja raw (monthly BMC dispensary records),2010,4
P/S,2010-04-01,92.0,2,Praja raw (monthly BMC dispensary records),2010,4
R/C,2010-04-01,118.0,6,Praja raw (monthly BMC dispensary records),2010,4
R/N,2010-04-01,51.0,2,Praja raw (monthly BMC dispensary records),2010,4
R/S,2010-04-01,192.0,5,Praja raw (monthly BMC dispensary records),2010,4
S,2010-04-01,367.0,7,Praja raw (monthly BMC dispensary records),2010,4
T,2010-04-01,139.0,3,Praja raw (monthly BMC dispensary records),2010,4
A,2010-05-01,72.0,3,Praja raw (monthly BMC dispensary records),2010,5
B,2010-05-01,135.0,5,Praja raw (monthly BMC dispensary records),2010,5
C,2010-05-01,104.0,5,Praja raw (monthly BMC dispensary records),2010,5
D,2010-05-01,210.0,5,Praja raw (monthly BMC dispensary records),2010,5
E,2010-05-01,639.0,12,Praja raw (monthly BMC dispensary records),2010,5
F/N,2010-05-01,360.0,6,Praja raw (monthly BMC dispensary records),2010,5
F/S,2010-05-01,439.0,9,Praja raw (monthly BMC dispensary records),2010,5
G/N,2010-05-01,381.0,9,Praja raw (monthly BMC dispensary records),2010,5
G/S,2010-05-01,458.0,12,Praja raw (monthly BMC dispensary records),2010,5
H/E,2010-05-01,430.0,6,Praja raw (monthly BMC dispensary records),2010,5
H/W,2010-05-01,175.0,3,Praja raw (monthly BMC dispensary records),2010,5
K/E,2010-05-01,545.0,10,Praja raw (monthly BMC dispensary records),2010,5
K/W,2010-05-01,188.0,4,Praja raw (monthly BMC dispensary records),2010,5
L,2010-05-01,1076.0,11,Praja raw (monthly BMC dispensary records),2010,5
M/E,2010-05-01,443.0,5,Praja raw (monthly BMC dispensary records),2010,5
M/W,2010-05-01,330.0,6,Praja raw (monthly BMC dispensary records),2010,5
N,2010-05-01,446.0,7,Praja raw (monthly BMC dispensary records),2010,5
P/N,2010-05-01,125.0,9,Praja raw (monthly BMC dispensary records),2010,5
P/S,2010-05-01,74.0,2,Praja raw (monthly BMC dispensary records),2010,5
R/C,2010-05-01,115.0,6,Praja raw (monthly BMC dispensary records),2010,5
R/N,2010-05-01,86.0,2,Praja raw (monthly BMC dispensary records),2010,5
R/S,2010-05-01,185.0,5,Praja raw (monthly BMC dispensary records),2010,5
S,2010-05-01,326.0,7,Praja raw (monthly BMC dispensary records),2010,5
T,2010-05-01,124.0,3,Praja raw (monthly BMC dispensary records),2010,5
A,2010-06-01,129.0,5,Praja raw (monthly BMC dispensary records),2010,6
B,2010-06-01,160.0,4,Praja raw (monthly BMC dispensary records),2010,6
C,2010-06-01,156.0,5,Praja raw (monthly BMC dispensary records),2010,6
D,2010-06-01,329.0,5,Praja raw (monthly BMC dispensary records),2010,6
E,2010-06-01,852.0,12,Praja raw (monthly BMC dispensary records),2010,6
F/N,2010-06-01,483.0,6,Praja raw (monthly BMC dispensary records),2010,6
F/S,2010-06-01,550.0,8,Praja raw (monthly BMC dispensary records),2010,6
G/N,2010-06-01,442.0,9,Praja raw (monthly BMC dispensary records),2010,6
G/S,2010-06-01,792.0,12,Praja raw (monthly BMC dispensary records),2010,6
H/E,2010-06-01,538.0,6,Praja raw (monthly BMC dispensary records),2010,6
H/W,2010-06-01,243.0,3,Praja raw (monthly BMC dispensary records),2010,6
K/E,2010-06-01,604.0,10,Praja raw (monthly BMC dispensary records),2010,6
K/W,2010-06-01,482.0,4,Praja raw (monthly BMC dispensary records),2010,6
L,2010-06-01,1172.0,11,Praja raw (monthly BMC dispensary records),2010,6
M/E,2010-06-01,582.0,5,Praja raw (monthly BMC dispensary records),2010,6
M/W,2010-06-01,474.0,6,Praja raw (monthly BMC dispensary records),2010,6
N,2010-06-01,732.0,7,Praja raw (monthly BMC dispensary records),2010,6
P/N,2010-06-01,221.0,9,Praja raw (monthly BMC dispensary records),2010,6
P/S,2010-06-01,128.0,2,Praja raw (monthly BMC dispensary records),2010,6
R/C,2010-06-01,168.0,6,Praja raw (monthly BMC dispensary records),2010,6
R/N,2010-06-01,91.0,2,Praja raw (monthly BMC dispensary records),2010,6
R/S,2010-06-01,312.0,5,Praja raw (monthly BMC dispensary records),2010,6
S,2010-06-01,518.0,7,Praja raw (monthly BMC dispensary records),2010,6
T,2010-06-01,208.0,3,Praja raw (monthly BMC dispensary records),2010,6
A,2010-07-01,193.0,5,Praja raw (monthly BMC dispensary records),2010,7
B,2010-07-01,242.0,4,Praja raw (monthly BMC dispensary records),2010,7
C,2010-07-01,350.0,5,Praja raw (monthly BMC dispensary records),2010,7
D,2010-07-01,531.0,5,Praja raw (monthly BMC dispensary records),2010,7
E,2010-07-01,1395.0,12,Praja raw (monthly BMC dispensary records),2010,7
F/N,2010-07-01,983.0,6,Praja raw (monthly BMC dispensary records),2010,7
F/S,2010-07-01,977.0,9,Praja raw (monthly BMC dispensary records),2010,7
G/N,2010-07-01,688.0,9,Praja raw (monthly BMC dispensary records),2010,7
G/S,2010-07-01,1056.0,12,Praja raw (monthly BMC dispensary records),2010,7
H/E,2010-07-01,726.0,6,Praja raw (monthly BMC dispensary records),2010,7
H/W,2010-07-01,273.0,3,Praja raw (monthly BMC dispensary records),2010,7
K/E,2010-07-01,1069.0,10,Praja raw (monthly BMC dispensary records),2010,7
K/W,2010-07-01,423.0,5,Praja raw (monthly BMC dispensary records),2010,7
L,2010-07-01,1765.0,11,Praja raw (monthly BMC dispensary records),2010,7
M/E,2010-07-01,602.0,5,Praja raw (monthly BMC dispensary records),2010,7
M/W,2010-07-01,596.0,6,Praja raw (monthly BMC dispensary records),2010,7
N,2010-07-01,1470.0,7,Praja raw (monthly BMC dispensary records),2010,7
P/N,2010-07-01,423.0,9,Praja raw (monthly BMC dispensary records),2010,7
P/S,2010-07-01,170.0,2,Praja raw (monthly BMC dispensary records),2010,7
R/C,2010-07-01,225.0,6,Praja raw (monthly BMC dispensary records),2010,7
R/N,2010-07-01,114.0,2,Praja raw (monthly BMC dispensary records),2010,7
R/S,2010-07-01,515.0,5,Praja raw (monthly BMC dispensary records),2010,7
S,2010-07-01,971.0,7,Praja raw (monthly BMC dispensary records),2010,7
T,2010-07-01,301.0,3,Praja raw (monthly BMC dispensary records),2010,7
A,2010-08-01,120.0,5,Praja raw (monthly BMC dispensary records),2010,8
B,2010-08-01,221.0,3,Praja raw (monthly BMC dispensary records),2010,8
C,2010-08-01,226.0,5,Praja raw (monthly BMC dispensary records),2010,8
D,2010-08-01,584.0,5,Praja raw (monthly BMC dispensary records),2010,8
E,2010-08-01,1012.0,12,Praja raw (monthly BMC dispensary records),2010,8
F/N,2010-08-01,653.0,6,Praja raw (monthly BMC dispensary records),2010,8
F/S,2010-08-01,1142.0,9,Praja raw (monthly BMC dispensary records),2010,8
G/N,2010-08-01,744.0,9,Praja raw (monthly BMC dispensary records),2010,8
G/S,2010-08-01,994.0,13,Praja raw (monthly BMC dispensary records),2010,8
H/E,2010-08-01,878.0,6,Praja raw (monthly BMC dispensary records),2010,8
H/W,2010-08-01,715.0,5,Praja raw (monthly BMC dispensary records),2010,8
K/E,2010-08-01,1044.0,10,Praja raw (monthly BMC dispensary records),2010,8
K/W,2010-08-01,491.0,5,Praja raw (monthly BMC dispensary records),2010,8
L,2010-08-01,1309.0,11,Praja raw (monthly BMC dispensary records),2010,8
M/E,2010-08-01,647.0,5,Praja raw (monthly BMC dispensary records),2010,8
M/W,2010-08-01,497.0,6,Praja raw (monthly BMC dispensary records),2010,8
N,2010-08-01,1095.0,7,Praja raw (monthly BMC dispensary records),2010,8
P/N,2010-08-01,449.0,9,Praja raw (monthly BMC dispensary records),2010,8
P/S,2010-08-01,111.0,2,Praja raw (monthly BMC dispensary records),2010,8
R/C,2010-08-01,194.0,6,Praja raw (monthly BMC dispensary records),2010,8
R/N,2010-08-01,117.0,2,Praja raw (monthly BMC dispensary records),2010,8
R/S,2010-08-01,413.0,5,Praja raw (monthly BMC dispensary records),2010,8
S,2010-08-01,560.0,7,Praja raw (monthly BMC dispensary records),2010,8
T,2010-08-01,225.0,3,Praja raw (monthly BMC dispensary records),2010,8
A,2010-09-01,76.0,5,Praja raw (monthly BMC dispensary records),2010,9
B,2010-09-01,165.0,3,Praja raw (monthly BMC dispensary records),2010,9
C,2010-09-01,192.0,5,Praja raw (monthly BMC dispensary records),2010,9
D,2010-09-01,407.0,5,Praja raw (monthly BMC dispensary records),2010,9
E,2010-09-01,915.0,12,Praja raw (monthly BMC dispensary records),2010,9
F/N,2010-09-01,498.0,6,Praja raw (monthly BMC dispensary records),2010,9
F/S,2010-09-01,580.0,9,Praja raw (monthly BMC dispensary records),2010,9
G/N,2010-09-01,715.0,9,Praja raw (monthly BMC dispensary records),2010,9
G/S,2010-09-01,569.0,13,Praja raw (monthly BMC dispensary records),2010,9
H/E,2010-09-01,646.0,6,Praja raw (monthly BMC dispensary records),2010,9
H/W,2010-09-01,547.0,5,Praja raw (monthly BMC dispensary records),2010,9
K/E,2010-09-01,807.0,10,Praja raw (monthly BMC dispensary records),2010,9
K/W,2010-09-01,339.0,5,Praja raw (monthly BMC dispensary records),2010,9
L,2010-09-01,1054.0,11,Praja raw (monthly BMC dispensary records),2010,9
M/E,2010-09-01,537.0,5,Praja raw (monthly BMC dispensary records),2010,9
M/W,2010-09-01,390.0,6,Praja raw (monthly BMC dispensary records),2010,9
N,2010-09-01,640.0,7,Praja raw (monthly BMC dispensary records),2010,9
P/N,2010-09-01,332.0,9,Praja raw (monthly BMC dispensary records),2010,9
P/S,2010-09-01,128.0,2,Praja raw (monthly BMC dispensary records),2010,9
R/C,2010-09-01,133.0,6,Praja raw (monthly BMC dispensary records),2010,9
R/N,2010-09-01,63.0,2,Praja raw (monthly BMC dispensary records),2010,9
R/S,2010-09-01,256.0,5,Praja raw (monthly BMC dispensary records),2010,9
S,2010-09-01,344.0,7,Praja raw (monthly BMC dispensary records),2010,9
T,2010-09-01,153.0,3,Praja raw (monthly BMC dispensary records),2010,9
A,2010-10-01,116.0,4,Praja raw (monthly BMC dispensary records),2010,10
B,2010-10-01,168.0,3,Praja raw (monthly BMC dispensary records),2010,10
C,2010-10-01,138.0,5,Praja raw (monthly BMC dispensary records),2010,10
D,2010-10-01,436.0,5,Praja raw (monthly BMC dispensary records),2010,10
E,2010-10-01,510.0,12,Praja raw (monthly BMC dispensary records),2010,10
F/N,2010-10-01,432.0,6,Praja raw (monthly BMC dispensary records),2010,10
F/S,2010-10-01,508.0,9,Praja raw (monthly BMC dispensary records),2010,10
G/N,2010-10-01,660.0,9,Praja raw (monthly BMC dispensary records),2010,10
G/S,2010-10-01,422.0,13,Praja raw (monthly BMC dispensary records),2010,10
H/E,2010-10-01,386.0,6,Praja raw (monthly BMC dispensary records),2010,10
H/W,2010-10-01,525.0,5,Praja raw (monthly BMC dispensary records),2010,10
K/E,2010-10-01,573.0,10,Praja raw (monthly BMC dispensary records),2010,10
K/W,2010-10-01,278.0,5,Praja raw (monthly BMC dispensary records),2010,10
L,2010-10-01,924.0,11,Praja raw (monthly BMC dispensary records),2010,10
M/E,2010-10-01,509.0,5,Praja raw (monthly BMC dispensary records),2010,10
M/W,2010-10-01,361.0,6,Praja raw (monthly BMC dispensary records),2010,10
N,2010-10-01,446.0,7,Praja raw (monthly BMC dispensary records),2010,10
P/N,2010-10-01,249.0,9,Praja raw (monthly BMC dispensary records),2010,10
P/S,2010-10-01,76.0,2,Praja raw (monthly BMC dispensary records),2010,10
R/C,2010-10-01,84.0,6,Praja raw (monthly BMC dispensary records),2010,10
R/N,2010-10-01,74.0,2,Praja raw (monthly BMC dispensary records),2010,10
R/S,2010-10-01,157.0,5,Praja raw (monthly BMC dispensary records),2010,10
S,2010-10-01,302.0,7,Praja raw (monthly BMC dispensary records),2010,10
T,2010-10-01,115.0,3,Praja raw (monthly BMC dispensary records),2010,10
A,2010-11-01,165.0,5,Praja raw (monthly BMC dispensary records),2010,11
B,2010-11-01,153.0,3,Praja raw (monthly BMC dispensary records),2010,11
C,2010-11-01,190.0,5,Praja raw (monthly BMC dispensary records),2010,11
D,2010-11-01,467.0,5,Praja raw (monthly BMC dispensary records),2010,11
E,2010-11-01,490.0,12,Praja raw (monthly BMC dispensary records),2010,11
F/N,2010-11-01,375.0,6,Praja raw (monthly BMC dispensary records),2010,11
F/S,2010-11-01,604.0,9,Praja raw (monthly BMC dispensary records),2010,11
G/N,2010-11-01,367.0,9,Praja raw (monthly BMC dispensary records),2010,11
G/S,2010-11-01,532.0,13,Praja raw (monthly BMC dispensary records),2010,11
H/E,2010-11-01,303.0,5,Praja raw (monthly BMC dispensary records),2010,11
H/W,2010-11-01,371.0,5,Praja raw (monthly BMC dispensary records),2010,11
K/E,2010-11-01,573.0,10,Praja raw (monthly BMC dispensary records),2010,11
K/W,2010-11-01,285.0,5,Praja raw (monthly BMC dispensary records),2010,11
L,2010-11-01,844.0,11,Praja raw (monthly BMC dispensary records),2010,11
M/E,2010-11-01,508.0,5,Praja raw (monthly BMC dispensary records),2010,11
M/W,2010-11-01,376.0,6,Praja raw (monthly BMC dispensary records),2010,11
N,2010-11-01,419.0,7,Praja raw (monthly BMC dispensary records),2010,11
P/N,2010-11-01,190.0,9,Praja raw (monthly BMC dispensary records),2010,11
P/S,2010-11-01,42.0,2,Praja raw (monthly BMC dispensary records),2010,11
R/C,2010-11-01,126.0,6,Praja raw (monthly BMC dispensary records),2010,11
R/N,2010-11-01,76.0,2,Praja raw (monthly BMC dispensary records),2010,11
R/S,2010-11-01,131.0,5,Praja raw (monthly BMC dispensary records),2010,11
S,2010-11-01,324.0,7,Praja raw (monthly BMC dispensary records),2010,11
T,2010-11-01,126.0,3,Praja raw (monthly BMC dispensary records),2010,11
A,2010-12-01,141.0,5,Praja raw (monthly BMC dispensary records),2010,12
B,2010-12-01,144.0,4,Praja raw (monthly BMC dispensary records),2010,12
C,2010-12-01,132.0,5,Praja raw (monthly BMC dispensary records),2010,12
D,2010-12-01,380.0,5,Praja raw (monthly BMC dispensary records),2010,12
E,2010-12-01,454.0,11,Praja raw (monthly BMC dispensary records),2010,12
F/N,2010-12-01,335.0,6,Praja raw (monthly BMC dispensary records),2010,12
F/S,2010-12-01,549.0,9,Praja raw (monthly BMC dispensary records),2010,12
G/N,2010-12-01,378.0,9,Praja raw (monthly BMC dispensary records),2010,12
G/S,2010-12-01,571.0,13,Praja raw (monthly BMC dispensary records),2010,12
H/E,2010-12-01,461.0,6,Praja raw (monthly BMC dispensary records),2010,12
H/W,2010-12-01,303.0,4,Praja raw (monthly BMC dispensary records),2010,12
K/E,2010-12-01,552.0,10,Praja raw (monthly BMC dispensary records),2010,12
K/W,2010-12-01,351.0,5,Praja raw (monthly BMC dispensary records),2010,12
L,2010-12-01,938.0,11,Praja raw (monthly BMC dispensary records),2010,12
M/E,2010-12-01,480.0,6,Praja raw (monthly BMC dispensary records),2010,12
M/W,2010-12-01,429.0,6,Praja raw (monthly BMC dispensary records),2010,12
N,2010-12-01,538.0,7,Praja raw (monthly BMC dispensary records),2010,12
P/N,2010-12-01,163.0,8,Praja raw (monthly BMC dispensary records),2010,12
P/S,2010-12-01,58.0,2,Praja raw (monthly BMC dispensary records),2010,12
R/C,2010-12-01,155.0,6,Praja raw (monthly BMC dispensary records),2010,12
R/N,2010-12-01,68.0,2,Praja raw (monthly BMC dispensary records),2010,12
R/S,2010-12-01,135.0,5,Praja raw (monthly BMC dispensary records),2010,12
S,2010-12-01,428.0,7,Praja raw (monthly BMC dispensary records),2010,12
T,2010-12-01,189.0,3,Praja raw (monthly BMC dispensary records),2010,12
A,2011-01-01,158.0,5,Praja raw (monthly BMC dispensary records),2011,1
B,2011-01-01,145.0,4,Praja raw (monthly BMC dispensary records),2011,1
C,2011-01-01,220.0,5,Praja raw (monthly BMC dispensary records),2011,1
D,2011-01-01,331.0,5,Praja raw (monthly BMC dispensary records),2011,1
E,2011-01-01,435.0,12,Praja raw (monthly BMC dispensary records),2011,1
F/N,2011-01-01,261.0,6,Praja raw (monthly BMC dispensary records),2011,1
F/S,2011-01-01,545.0,9,Praja raw (monthly BMC dispensary records),2011,1
G/N,2011-01-01,409.0,9,Praja raw (monthly BMC dispensary records),2011,1
G/S,2011-01-01,496.0,13,Praja raw (monthly BMC dispensary records),2011,1
H/E,2011-01-01,551.0,6,Praja raw (monthly BMC dispensary records),2011,1
H/W,2011-01-01,232.0,4,Praja raw (monthly BMC dispensary records),2011,1
K/E,2011-01-01,571.0,10,Praja raw (monthly BMC dispensary records),2011,1
K/W,2011-01-01,345.0,5,Praja raw (monthly BMC dispensary records),2011,1
L,2011-01-01,860.0,11,Praja raw (monthly BMC dispensary records),2011,1
M/E,2011-01-01,506.0,6,Praja raw (monthly BMC dispensary records),2011,1
M/W,2011-01-01,452.0,6,Praja raw (monthly BMC dispensary records),2011,1
N,2011-01-01,612.0,7,Praja raw (monthly BMC dispensary records),2011,1
P/N,2011-01-01,171.0,10,Praja raw (monthly BMC dispensary records),2011,1
P/S,2011-01-01,84.0,2,Praja raw (monthly BMC dispensary records),2011,1
R/C,2011-01-01,170.0,6,Praja raw (monthly BMC dispensary records),2011,1
R/N,2011-01-01,67.0,2,Praja raw (monthly BMC dispensary records),2011,1
R/S,2011-01-01,120.0,5,Praja raw (monthly BMC dispensary records),2011,1
S,2011-01-01,397.0,7,Praja raw (monthly BMC dispensary records),2011,1
T,2011-01-01,138.0,3,Praja raw (monthly BMC dispensary records),2011,1
A,2011-02-01,142.0,5,Praja raw (monthly BMC dispensary records),2011,2
B,2011-02-01,108.0,4,Praja raw (monthly BMC dispensary records),2011,2
C,2011-02-01,127.0,5,Praja raw (monthly BMC dispensary records),2011,2
D,2011-02-01,302.0,5,Praja raw (monthly BMC dispensary records),2011,2
E,2011-02-01,456.0,12,Praja raw (monthly BMC dispensary records),2011,2
F/N,2011-02-01,249.0,6,Praja raw (monthly BMC dispensary records),2011,2
F/S,2011-02-01,485.0,9,Praja raw (monthly BMC dispensary records),2011,2
G/N,2011-02-01,365.0,9,Praja raw (monthly BMC dispensary records),2011,2
G/S,2011-02-01,471.0,13,Praja raw (monthly BMC dispensary records),2011,2
H/E,2011-02-01,415.0,6,Praja raw (monthly BMC dispensary records),2011,2
H/W,2011-02-01,215.0,4,Praja raw (monthly BMC dispensary records),2011,2
K/E,2011-02-01,502.0,10,Praja raw (monthly BMC dispensary records),2011,2
K/W,2011-02-01,311.0,5,Praja raw (monthly BMC dispensary records),2011,2
L,2011-02-01,812.0,10,Praja raw (monthly BMC dispensary records),2011,2
M/E,2011-02-01,431.0,6,Praja raw (monthly BMC dispensary records),2011,2
M/W,2011-02-01,416.0,6,Praja raw (monthly BMC dispensary records),2011,2
N,2011-02-01,471.0,7,Praja raw (monthly BMC dispensary records),2011,2
P/N,2011-02-01,141.0,9,Praja raw (monthly BMC dispensary records),2011,2
P/S,2011-02-01,42.0,2,Praja raw (monthly BMC dispensary records),2011,2
R/C,2011-02-01,152.0,6,Praja raw (monthly BMC dispensary records),2011,2
R/N,2011-02-01,80.0,2,Praja raw (monthly BMC dispensary records),2011,2
R/S,2011-02-01,122.0,5,Praja raw (monthly BMC dispensary records),2011,2
S,2011-02-01,333.0,7,Praja raw (monthly BMC dispensary records),2011,2
T,2011-02-01,120.0,3,Praja raw (monthly BMC dispensary records),2011,2
A,2011-03-01,112.0,5,Praja raw (monthly BMC dispensary records),2011,3
B,2011-03-01,86.0,4,Praja raw (monthly BMC dispensary records),2011,3
C,2011-03-01,130.0,5,Praja raw (monthly BMC dispensary records),2011,3
D,2011-03-01,339.0,5,Praja raw (monthly BMC dispensary records),2011,3
E,2011-03-01,345.0,11,Praja raw (monthly BMC dispensary records),2011,3
F/N,2011-03-01,309.0,6,Praja raw (monthly BMC dispensary records),2011,3
F/S,2011-03-01,425.0,9,Praja raw (monthly BMC dispensary records),2011,3
G/N,2011-03-01,417.0,9,Praja raw (monthly BMC dispensary records),2011,3
G/S,2011-03-01,456.0,13,Praja raw (monthly BMC dispensary records),2011,3
H/E,2011-03-01,271.0,6,Praja raw (monthly BMC dispensary records),2011,3
H/W,2011-03-01,197.0,4,Praja raw (monthly BMC dispensary records),2011,3
K/E,2011-03-01,564.0,10,Praja raw (monthly BMC dispensary records),2011,3
K/W,2011-03-01,263.0,5,Praja raw (monthly BMC dispensary records),2011,3
L,2011-03-01,861.0,11,Praja raw (monthly BMC dispensary records),2011,3
M/E,2011-03-01,513.0,6,Praja raw (monthly BMC dispensary records),2011,3
M/W,2011-03-01,436.0,6,Praja raw (monthly BMC dispensary records),2011,3
N,2011-03-01,466.0,7,Praja raw (monthly BMC dispensary records),2011,3
P/N,2011-03-01,144.0,8,Praja raw (monthly BMC dispensary records),2011,3
P/S,2011-03-01,57.0,2,Praja raw (monthly BMC dispensary records),2011,3
R/C,2011-03-01,161.0,6,Praja raw (monthly BMC dispensary records),2011,3
R/N,2011-03-01,59.0,2,Praja raw (monthly BMC dispensary records),2011,3
R/S,2011-03-01,119.0,5,Praja raw (monthly BMC dispensary records),2011,3
S,2011-03-01,372.0,7,Praja raw (monthly BMC dispensary records),2011,3
T,2011-03-01,138.0,3,Praja raw (monthly BMC dispensary records),2011,3
A,2011-04-01,179.0,4,Praja raw (monthly BMC dispensary records),2011,4
B,2011-04-01,96.0,4,Praja raw (monthly BMC dispensary records),2011,4
C,2011-04-01,163.0,5,Praja raw (monthly BMC dispensary records),2011,4
D,2011-04-01,314.0,5,Praja raw (monthly BMC dispensary records),2011,4
E,2011-04-01,347.0,12,Praja raw (monthly BMC dispensary records),2011,4
F/N,2011-04-01,236.0,6,Praja raw (monthly BMC dispensary records),2011,4
F/S,2011-04-01,396.0,9,Praja raw (monthly BMC dispensary records),2011,4
G/N,2011-04-01,379.0,9,Praja raw (monthly BMC dispensary records),2011,4
G/S,2011-04-01,449.0,13,Praja raw (monthly BMC dispensary records),2011,4
H/E,2011-04-01,305.0,6,Praja raw (monthly BMC dispensary records),2011,4
H/W,2011-04-01,404.0,5,Praja raw (monthly BMC dispensary records),2011,4
K/E,2011-04-01,479.0,10,Praja raw (monthly BMC dispensary records),2011,4
K/W,2011-04-01,287.0,5,Praja raw (monthly BMC dispensary records),2011,4
L,2011-04-01,1309.0,11,Praja raw (monthly BMC dispensary records),2011,4
M/E,2011-04-01,466.0,6,Praja raw (monthly BMC dispensary records),2011,4
M/W,2011-04-01,222.0,6,Praja raw (monthly BMC dispensary records),2011,4
N,2011-04-01,372.0,6,Praja raw (monthly BMC dispensary records),2011,4
P/N,2011-04-01,237.0,10,Praja raw (monthly BMC dispensary records),2011,4
P/S,2011-04-01,52.0,2,Praja raw (monthly BMC dispensary records),2011,4
R/C,2011-04-01,158.0,5,Praja raw (monthly BMC dispensary records),2011,4
R/N,2011-04-01,84.0,2,Praja raw (monthly BMC dispensary records),2011,4
R/S,2011-04-01,96.0,5,Praja raw (monthly BMC dispensary records),2011,4
S,2011-04-01,349.0,7,Praja raw (monthly BMC dispensary records),2011,4
T,2011-04-01,114.0,3,Praja raw (monthly BMC dispensary records),2011,4
A,2011-05-01,200.0,4,Praja raw (monthly BMC dispensary records),2011,5
B,2011-05-01,105.0,3,Praja raw (monthly BMC dispensary records),2011,5
C,2011-05-01,144.0,5,Praja raw (monthly BMC dispensary records),2011,5
D,2011-05-01,287.0,5,Praja raw (monthly BMC dispensary records),2011,5
E,2011-05-01,372.0,12,Praja raw (monthly BMC dispensary records),2011,5
F/N,2011-05-01,198.0,6,Praja raw (monthly BMC dispensary records),2011,5
F/S,2011-05-01,402.0,9,Praja raw (monthly BMC dispensary records),2011,5
G/N,2011-05-01,354.0,9,Praja raw (monthly BMC dispensary records),2011,5
G/S,2011-05-01,437.0,13,Praja raw (monthly BMC dispensary records),2011,5
H/E,2011-05-01,334.0,6,Praja raw (monthly BMC dispensary records),2011,5
H/W,2011-05-01,252.0,5,Praja raw (monthly BMC dispensary records),2011,5
K/E,2011-05-01,445.0,10,Praja raw (monthly BMC dispensary records),2011,5
K/W,2011-05-01,216.0,5,Praja raw (monthly BMC dispensary records),2011,5
L,2011-05-01,1086.0,11,Praja raw (monthly BMC dispensary records),2011,5
M/E,2011-05-01,474.0,6,Praja raw (monthly BMC dispensary records),2011,5
M/W,2011-05-01,243.0,6,Praja raw (monthly BMC dispensary records),2011,5
N,2011-05-01,468.0,7,Praja raw (monthly BMC dispensary records),2011,5
P/N,2011-05-01,224.0,10,Praja raw (monthly BMC dispensary records),2011,5
P/S,2011-05-01,38.0,2,Praja raw (monthly BMC dispensary records),2011,5
R/C,2011-05-01,161.0,6,Praja raw (monthly BMC dispensary records),2011,5
R/N,2011-05-01,47.0,2,Praja raw (monthly BMC dispensary records),2011,5
R/S,2011-05-01,88.0,5,Praja raw (monthly BMC dispensary records),2011,5
S,2011-05-01,323.0,7,Praja raw (monthly BMC dispensary records),2011,5
T,2011-05-01,105.0,3,Praja raw (monthly BMC dispensary records),2011,5
A,2011-06-01,239.0,5,Praja raw (monthly BMC dispensary records),2011,6
B,2011-06-01,157.0,4,Praja raw (monthly BMC dispensary records),2011,6
C,2011-06-01,286.0,5,Praja raw (monthly BMC dispensary records),2011,6
D,2011-06-01,403.0,5,Praja raw (monthly BMC dispensary records),2011,6
E,2011-06-01,536.0,12,Praja raw (monthly BMC dispensary records),2011,6
F/N,2011-06-01,332.0,6,Praja raw (monthly BMC dispensary records),2011,6
F/S,2011-06-01,646.0,9,Praja raw (monthly BMC dispensary records),2011,6
G/N,2011-06-01,515.0,9,Praja raw (monthly BMC dispensary records),2011,6
G/S,2011-06-01,791.0,13,Praja raw (monthly BMC dispensary records),2011,6
H/E,2011-06-01,475.0,6,Praja raw (monthly BMC dispensary records),2011,6
H/W,2011-06-01,332.0,5,Praja raw (monthly BMC dispensary records),2011,6
K/E,2011-06-01,657.0,10,Praja raw (monthly BMC dispensary records),2011,6
K/W,2011-06-01,440.0,5,Praja raw (monthly BMC dispensary records),2011,6
L,2011-06-01,1294.0,11,Praja raw (monthly BMC dispensary records),2011,6
M/E,2011-06-01,496.0,6,Praja raw (monthly BMC dispensary records),2011,6
M/W,2011-06-01,376.0,6,Praja raw (monthly BMC dispensary records),2011,6
N,2011-06-01,706.0,7,Praja raw (monthly BMC dispensary records),2011,6
P/N,2011-06-01,382.0,10,Praja raw (monthly BMC dispensary records),2011,6
P/S,2011-06-01,89.0,2,Praja raw (monthly BMC dispensary records),2011,6
R/C,2011-06-01,174.0,6,Praja raw (monthly BMC dispensary records),2011,6
R/N,2011-06-01,75.0,2,Praja raw (monthly BMC dispensary records),2011,6
R/S,2011-06-01,103.0,5,Praja raw (monthly BMC dispensary records),2011,6
S,2011-06-01,425.0,7,Praja raw (monthly BMC dispensary records),2011,6
T,2011-06-01,191.0,3,Praja raw (monthly BMC dispensary records),2011,6
A,2011-07-01,546.0,5,Praja raw (monthly BMC dispensary records),2011,7
B,2011-07-01,214.0,3,Praja raw (monthly BMC dispensary records),2011,7
C,2011-07-01,293.0,5,Praja raw (monthly BMC dispensary records),2011,7
D,2011-07-01,579.0,5,Praja raw (monthly BMC dispensary records),2011,7
E,2011-07-01,492.0,12,Praja raw (monthly BMC dispensary records),2011,7
F/N,2011-07-01,365.0,6,Praja raw (monthly BMC dispensary records),2011,7
F/S,2011-07-01,419.0,9,Praja raw (monthly BMC dispensary records),2011,7
G/N,2011-07-01,543.0,9,Praja raw (monthly BMC dispensary records),2011,7
G/S,2011-07-01,746.0,13,Praja raw (monthly BMC dispensary records),2011,7
H/E,2011-07-01,414.0,6,Praja raw (monthly BMC dispensary records),2011,7
H/W,2011-07-01,364.0,5,Praja raw (monthly BMC dispensary records),2011,7
K/E,2011-07-01,601.0,10,Praja raw (monthly BMC dispensary records),2011,7
K/W,2011-07-01,365.0,5,Praja raw (monthly BMC dispensary records),2011,7
L,2011-07-01,976.0,11,Praja raw (monthly BMC dispensary records),2011,7
M/E,2011-07-01,566.0,6,Praja raw (monthly BMC dispensary records),2011,7
M/W,2011-07-01,471.0,6,Praja raw (monthly BMC dispensary records),2011,7
N,2011-07-01,858.0,7,Praja raw (monthly BMC dispensary records),2011,7
P/N,2011-07-01,379.0,10,Praja raw (monthly BMC dispensary records),2011,7
P/S,2011-07-01,79.0,2,Praja raw (monthly BMC dispensary records),2011,7
R/C,2011-07-01,207.0,6,Praja raw (monthly BMC dispensary records),2011,7
R/N,2011-07-01,78.0,2,Praja raw (monthly BMC dispensary records),2011,7
R/S,2011-07-01,149.0,4,Praja raw (monthly BMC dispensary records),2011,7
S,2011-07-01,354.0,7,Praja raw (monthly BMC dispensary records),2011,7
T,2011-07-01,205.0,3,Praja raw (monthly BMC dispensary records),2011,7
A,2011-08-01,168.0,5,Praja raw (monthly BMC dispensary records),2011,8
B,2011-08-01,194.0,5,Praja raw (monthly BMC dispensary records),2011,8
C,2011-08-01,254.0,5,Praja raw (monthly BMC dispensary records),2011,8
D,2011-08-01,639.0,5,Praja raw (monthly BMC dispensary records),2011,8
E,2011-08-01,552.0,12,Praja raw (monthly BMC dispensary records),2011,8
F/N,2011-08-01,198.0,6,Praja raw (monthly BMC dispensary records),2011,8
F/S,2011-08-01,425.0,9,Praja raw (monthly BMC dispensary records),2011,8
G/N,2011-08-01,281.0,8,Praja raw (monthly BMC dispensary records),2011,8
G/S,2011-08-01,248.0,13,Praja raw (monthly BMC dispensary records),2011,8
H/E,2011-08-01,299.0,6,Praja raw (monthly BMC dispensary records),2011,8
H/W,2011-08-01,180.0,5,Praja raw (monthly BMC dispensary records),2011,8
K/E,2011-08-01,580.0,10,Praja raw (monthly BMC dispensary records),2011,8
K/W,2011-08-01,206.0,5,Praja raw (monthly BMC dispensary records),2011,8
L,2011-08-01,569.0,11,Praja raw (monthly BMC dispensary records),2011,8
M/E,2011-08-01,389.0,6,Praja raw (monthly BMC dispensary records),2011,8
M/W,2011-08-01,311.0,6,Praja raw (monthly BMC dispensary records),2011,8
N,2011-08-01,616.0,7,Praja raw (monthly BMC dispensary records),2011,8
P/N,2011-08-01,324.0,10,Praja raw (monthly BMC dispensary records),2011,8
P/S,2011-08-01,75.0,2,Praja raw (monthly BMC dispensary records),2011,8
R/C,2011-08-01,112.0,6,Praja raw (monthly BMC dispensary records),2011,8
R/N,2011-08-01,67.0,2,Praja raw (monthly BMC dispensary records),2011,8
R/S,2011-08-01,135.0,5,Praja raw (monthly BMC dispensary records),2011,8
S,2011-08-01,211.0,7,Praja raw (monthly BMC dispensary records),2011,8
T,2011-08-01,112.0,3,Praja raw (monthly BMC dispensary records),2011,8
A,2011-09-01,134.0,5,Praja raw (monthly BMC dispensary records),2011,9
B,2011-09-01,126.0,4,Praja raw (monthly BMC dispensary records),2011,9
C,2011-09-01,169.0,5,Praja raw (monthly BMC dispensary records),2011,9
D,2011-09-01,421.0,5,Praja raw (monthly BMC dispensary records),2011,9
E,2011-09-01,393.0,12,Praja raw (monthly BMC dispensary records),2011,9
F/N,2011-09-01,247.0,6,Praja raw (monthly BMC dispensary records),2011,9
F/S,2011-09-01,340.0,9,Praja raw (monthly BMC dispensary records),2011,9
G/N,2011-09-01,337.0,9,Praja raw (monthly BMC dispensary records),2011,9
G/S,2011-09-01,306.0,13,Praja raw (monthly BMC dispensary records),2011,9
H/E,2011-09-01,296.0,6,Praja raw (monthly BMC dispensary records),2011,9
H/W,2011-09-01,203.0,5,Praja raw (monthly BMC dispensary records),2011,9
K/E,2011-09-01,634.0,10,Praja raw (monthly BMC dispensary records),2011,9
K/W,2011-09-01,269.0,5,Praja raw (monthly BMC dispensary records),2011,9
L,2011-09-01,630.0,11,Praja raw (monthly BMC dispensary records),2011,9
M/E,2011-09-01,326.0,6,Praja raw (monthly BMC dispensary records),2011,9
M/W,2011-09-01,249.0,6,Praja raw (monthly BMC dispensary records),2011,9
N,2011-09-01,497.0,7,Praja raw (monthly BMC dispensary records),2011,9
P/N,2011-09-01,260.0,10,Praja raw (monthly BMC dispensary records),2011,9
P/S,2011-09-01,64.0,2,Praja raw (monthly BMC dispensary records),2011,9
R/C,2011-09-01,115.0,6,Praja raw (monthly BMC dispensary records),2011,9
R/N,2011-09-01,46.0,2,Praja raw (monthly BMC dispensary records),2011,9
R/S,2011-09-01,179.0,5,Praja raw (monthly BMC dispensary records),2011,9
S,2011-09-01,214.0,7,Praja raw (monthly BMC dispensary records),2011,9
T,2011-09-01,131.0,3,Praja raw (monthly BMC dispensary records),2011,9
A,2011-10-01,81.0,3,Praja raw (monthly BMC dispensary records),2011,10
B,2011-10-01,119.0,4,Praja raw (monthly BMC dispensary records),2011,10
C,2011-10-01,136.0,5,Praja raw (monthly BMC dispensary records),2011,10
D,2011-10-01,332.0,5,Praja raw (monthly BMC dispensary records),2011,10
E,2011-10-01,305.0,12,Praja raw (monthly BMC dispensary records),2011,10
F/N,2011-10-01,245.0,6,Praja raw (monthly BMC dispensary records),2011,10
F/S,2011-10-01,308.0,9,Praja raw (monthly BMC dispensary records),2011,10
G/N,2011-10-01,248.0,9,Praja raw (monthly BMC dispensary records),2011,10
G/S,2011-10-01,266.0,13,Praja raw (monthly BMC dispensary records),2011,10
H/E,2011-10-01,264.0,6,Praja raw (monthly BMC dispensary records),2011,10
H/W,2011-10-01,151.0,5,Praja raw (monthly BMC dispensary records),2011,10
K/E,2011-10-01,612.0,10,Praja raw (monthly BMC dispensary records),2011,10
K/W,2011-10-01,253.0,5,Praja raw (monthly BMC dispensary records),2011,10
L,2011-10-01,543.0,11,Praja raw (monthly BMC dispensary records),2011,10
M/E,2011-10-01,328.0,6,Praja raw (monthly BMC dispensary records),2011,10
M/W,2011-10-01,246.0,6,Praja raw (monthly BMC dispensary records),2011,10
N,2011-10-01,431.0,7,Praja raw (monthly BMC dispensary records),2011,10
P/N,2011-10-01,279.0,10,Praja raw (monthly BMC dispensary records),2011,10
P/S,2011-10-01,66.0,2,Praja raw (monthly BMC dispensary records),2011,10
R/C,2011-10-01,95.0,6,Praja raw (monthly BMC dispensary records),2011,10
R/N,2011-10-01,57.0,2,Praja raw (monthly BMC dispensary records),2011,10
R/S,2011-10-01,135.0,5,Praja raw (monthly BMC dispensary records),2011,10
S,2011-10-01,199.0,7,Praja raw (monthly BMC dispensary records),2011,10
T,2011-10-01,119.0,3,Praja raw (monthly BMC dispensary records),2011,10
A,2011-11-01,121.0,4,Praja raw (monthly BMC dispensary records),2011,11
B,2011-11-01,119.0,5,Praja raw (monthly BMC dispensary records),2011,11
C,2011-11-01,129.0,5,Praja raw (monthly BMC dispensary records),2011,11
D,2011-11-01,400.0,5,Praja raw (monthly BMC dispensary records),2011,11
E,2011-11-01,490.0,12,Praja raw (monthly BMC dispensary records),2011,11
F/N,2011-11-01,276.0,5,Praja raw (monthly BMC dispensary records),2011,11
F/S,2011-11-01,386.0,9,Praja raw (monthly BMC dispensary records),2011,11
G/N,2011-11-01,356.0,9,Praja raw (monthly BMC dispensary records),2011,11
G/S,2011-11-01,292.0,13,Praja raw (monthly BMC dispensary records),2011,11
H/E,2011-11-01,372.0,6,Praja raw (monthly BMC dispensary records),2011,11
H/W,2011-11-01,158.0,5,Praja raw (monthly BMC dispensary records),2011,11
K/E,2011-11-01,534.0,10,Praja raw (monthly BMC dispensary records),2011,11
K/W,2011-11-01,266.0,5,Praja raw (monthly BMC dispensary records),2011,11
L,2011-11-01,775.0,11,Praja raw (monthly BMC dispensary records),2011,11
M/E,2011-11-01,358.0,6,Praja raw (monthly BMC dispensary records),2011,11
M/W,2011-11-01,301.0,6,Praja raw (monthly BMC dispensary records),2011,11
N,2011-11-01,482.0,7,Praja raw (monthly BMC dispensary records),2011,11
P/N,2011-11-01,340.0,10,Praja raw (monthly BMC dispensary records),2011,11
P/S,2011-11-01,95.0,2,Praja raw (monthly BMC dispensary records),2011,11
R/C,2011-11-01,163.0,6,Praja raw (monthly BMC dispensary records),2011,11
R/N,2011-11-01,55.0,2,Praja raw (monthly BMC dispensary records),2011,11
R/S,2011-11-01,154.0,5,Praja raw (monthly BMC dispensary records),2011,11
S,2011-11-01,258.0,7,Praja raw (monthly BMC dispensary records),2011,11
T,2011-11-01,184.0,3,Praja raw (monthly BMC dispensary records),2011,11
A,2011-12-01,103.0,4,Praja raw (monthly BMC dispensary records),2011,12
B,2011-12-01,125.0,4,Praja raw (monthly BMC dispensary records),2011,12
C,2011-12-01,136.0,5,Praja raw (monthly BMC dispensary records),2011,12
D,2011-12-01,452.0,5,Praja raw (monthly BMC dispensary records),2011,12
E,2011-12-01,361.0,12,Praja raw (monthly BMC dispensary records),2011,12
F/N,2011-12-01,225.0,6,Praja raw (monthly BMC dispensary records),2011,12
F/S,2011-12-01,403.0,9,Praja raw (monthly BMC dispensary records),2011,12
G/N,2011-12-01,339.0,9,Praja raw (monthly BMC dispensary records),2011,12
G/S,2011-12-01,395.0,13,Praja raw (monthly BMC dispensary records),2011,12
H/E,2011-12-01,328.0,6,Praja raw (monthly BMC dispensary records),2011,12
H/W,2011-12-01,161.0,5,Praja raw (monthly BMC dispensary records),2011,12
K/E,2011-12-01,740.0,10,Praja raw (monthly BMC dispensary records),2011,12
K/W,2011-12-01,254.0,5,Praja raw (monthly BMC dispensary records),2011,12
L,2011-12-01,888.0,11,Praja raw (monthly BMC dispensary records),2011,12
M/E,2011-12-01,333.0,6,Praja raw (monthly BMC dispensary records),2011,12
M/W,2011-12-01,281.0,6,Praja raw (monthly BMC dispensary records),2011,12
N,2011-12-01,588.0,7,Praja raw (monthly BMC dispensary records),2011,12
P/N,2011-12-01,251.0,9,Praja raw (monthly BMC dispensary records),2011,12
P/S,2011-12-01,82.0,2,Praja raw (monthly BMC dispensary records),2011,12
R/C,2011-12-01,167.0,6,Praja raw (monthly BMC dispensary records),2011,12
R/N,2011-12-01,53.0,2,Praja raw (monthly BMC dispensary records),2011,12
R/S,2011-12-01,126.0,5,Praja raw (monthly BMC dispensary records),2011,12
S,2011-12-01,286.0,7,Praja raw (monthly BMC dispensary records),2011,12
T,2011-12-01,170.0,3,Praja raw (monthly BMC dispensary records),2011,12
A,2012-01-01,87.0,5,Praja raw (monthly BMC dispensary records),2012,1
B,2012-01-01,81.0,4,Praja raw (monthly BMC dispensary records),2012,1
C,2012-01-01,183.0,5,Praja raw (monthly BMC dispensary records),2012,1
D,2012-01-01,373.0,5,Praja raw (monthly BMC dispensary records),2012,1
E,2012-01-01,301.0,11,Praja raw (monthly BMC dispensary records),2012,1
F/N,2012-01-01,271.0,6,Praja raw (monthly BMC dispensary records),2012,1
F/S,2012-01-01,322.0,9,Praja raw (monthly BMC dispensary records),2012,1
G/N,2012-01-01,345.0,9,Praja raw (monthly BMC dispensary records),2012,1
G/S,2012-01-01,302.0,13,Praja raw (monthly BMC dispensary records),2012,1
H/E,2012-01-01,269.0,5,Praja raw (monthly BMC dispensary records),2012,1
H/W,2012-01-01,145.0,5,Praja raw (monthly BMC dispensary records),2012,1
K/E,2012-01-01,633.0,10,Praja raw (monthly BMC dispensary records),2012,1
K/W,2012-01-01,264.0,5,Praja raw (monthly BMC dispensary records),2012,1
L,2012-01-01,770.0,11,Praja raw (monthly BMC dispensary records),2012,1
M/E,2012-01-01,322.0,6,Praja raw (monthly BMC dispensary records),2012,1
M/W,2012-01-01,244.0,6,Praja raw (monthly BMC dispensary records),2012,1
N,2012-01-01,474.0,7,Praja raw (monthly BMC dispensary records),2012,1
P/N,2012-01-01,224.0,9,Praja raw (monthly BMC dispensary records),2012,1
P/S,2012-01-01,82.0,2,Praja raw (monthly BMC dispensary records),2012,1
R/C,2012-01-01,172.0,6,Praja raw (monthly BMC dispensary records),2012,1
R/N,2012-01-01,47.0,2,Praja raw (monthly BMC dispensary records),2012,1
R/S,2012-01-01,117.0,5,Praja raw (monthly BMC dispensary records),2012,1
S,2012-01-01,317.0,7,Praja raw (monthly BMC dispensary records),2012,1
T,2012-01-01,162.0,3,Praja raw (monthly BMC dispensary records),2012,1
A,2012-02-01,100.0,5,Praja raw (monthly BMC dispensary records),2012,2
B,2012-02-01,102.0,4,Praja raw (monthly BMC dispensary records),2012,2
C,2012-02-01,166.0,5,Praja raw (monthly BMC dispensary records),2012,2
D,2012-02-01,459.0,5,Praja raw (monthly BMC dispensary records),2012,2
E,2012-02-01,274.0,11,Praja raw (monthly BMC dispensary records),2012,2
F/N,2012-02-01,216.0,6,Praja raw (monthly BMC dispensary records),2012,2
F/S,2012-02-01,351.0,9,Praja raw (monthly BMC dispensary records),2012,2
G/N,2012-02-01,368.0,9,Praja raw (monthly BMC dispensary records),2012,2
G/S,2012-02-01,319.0,13,Praja raw (monthly BMC dispensary records),2012,2
H/E,2012-02-01,269.0,6,Praja raw (monthly BMC dispensary records),2012,2
H/W,2012-02-01,113.0,5,Praja raw (monthly BMC dispensary records),2012,2
K/E,2012-02-01,590.0,10,Praja raw (monthly BMC dispensary records),2012,2
K/W,2012-02-01,303.0,5,Praja raw (monthly BMC dispensary records),2012,2
L,2012-02-01,927.0,11,Praja raw (monthly BMC dispensary records),2012,2
M/E,2012-02-01,197.0,6,Praja raw (monthly BMC dispensary records),2012,2
M/W,2012-02-01,231.0,6,Praja raw (monthly BMC dispensary records),2012,2
N,2012-02-01,393.0,7,Praja raw (monthly BMC dispensary records),2012,2
P/N,2012-02-01,246.0,8,Praja raw (monthly BMC dispensary records),2012,2
P/S,2012-02-01,68.0,2,Praja raw (monthly BMC dispensary records),2012,2
R/C,2012-02-01,168.0,6,Praja raw (monthly BMC dispensary records),2012,2
R/N,2012-02-01,43.0,2,Praja raw (monthly BMC dispensary records),2012,2
R/S,2012-02-01,178.0,5,Praja raw (monthly BMC dispensary records),2012,2
S,2012-02-01,355.0,7,Praja raw (monthly BMC dispensary records),2012,2
T,2012-02-01,178.0,3,Praja raw (monthly BMC dispensary records),2012,2
A,2012-03-01,93.0,4,Praja raw (monthly BMC dispensary records),2012,3
B,2012-03-01,119.0,3,Praja raw (monthly BMC dispensary records),2012,3
C,2012-03-01,144.0,5,Praja raw (monthly BMC dispensary records),2012,3
D,2012-03-01,455.0,5,Praja raw (monthly BMC dispensary records),2012,3
E,2012-03-01,182.0,10,Praja raw (monthly BMC dispensary records),2012,3
F/N,2012-03-01,185.0,6,Praja raw (monthly BMC dispensary records),2012,3
F/S,2012-03-01,355.0,9,Praja raw (monthly BMC dispensary records),2012,3
G/N,2012-03-01,399.0,9,Praja raw (monthly BMC dispensary records),2012,3
G/S,2012-03-01,313.0,13,Praja raw (monthly BMC dispensary records),2012,3
H/E,2012-03-01,324.0,5,Praja raw (monthly BMC dispensary records),2012,3
H/W,2012-03-01,104.0,5,Praja raw (monthly BMC dispensary records),2012,3
K/E,2012-03-01,561.0,10,Praja raw (monthly BMC dispensary records),2012,3
K/W,2012-03-01,231.0,5,Praja raw (monthly BMC dispensary records),2012,3
L,2012-03-01,825.0,11,Praja raw (monthly BMC dispensary records),2012,3
M/E,2012-03-01,178.0,6,Praja raw (monthly BMC dispensary records),2012,3
M/W,2012-03-01,209.0,6,Praja raw (monthly BMC dispensary records),2012,3
N,2012-03-01,436.0,7,Praja raw (monthly BMC dispensary records),2012,3
P/N,2012-03-01,227.0,9,Praja raw (monthly BMC dispensary records),2012,3
P/S,2012-03-01,70.0,2,Praja raw (monthly BMC dispensary records),2012,3
R/C,2012-03-01,158.0,6,Praja raw (monthly BMC dispensary records),2012,3
R/N,2012-03-01,46.0,2,Praja raw (monthly BMC dispensary records),2012,3
R/S,2012-03-01,109.0,5,Praja raw (monthly BMC dispensary records),2012,3
S,2012-03-01,395.0,7,Praja raw (monthly BMC dispensary records),2012,3
T,2012-03-01,174.0,3,Praja raw (monthly BMC dispensary records),2012,3
A,2012-04-01,114.0,5,Praja raw (monthly BMC dispensary records),2012,4
B,2012-04-01,68.0,3,Praja raw (monthly BMC dispensary records),2012,4
C,2012-04-01,117.0,5,Praja raw (monthly BMC dispensary records),2012,4
D,2012-04-01,386.0,5,Praja raw (monthly BMC dispensary records),2012,4
E,2012-04-01,179.0,10,Praja raw (monthly BMC dispensary records),2012,4
F/N,2012-04-01,83.0,3,Praja raw (monthly BMC dispensary records),2012,4
F/S,2012-04-01,321.0,9,Praja raw (monthly BMC dispensary records),2012,4
G/N,2012-04-01,281.0,8,Praja raw (monthly BMC dispensary records),2012,4
G/S,2012-04-01,332.0,13,Praja raw (monthly BMC dispensary records),2012,4
H/E,2012-04-01,169.0,5,Praja raw (monthly BMC dispensary records),2012,4
H/W,2012-04-01,143.0,5,Praja raw (monthly BMC dispensary records),2012,4
K/E,2012-04-01,483.0,10,Praja raw (monthly BMC dispensary records),2012,4
K/W,2012-04-01,0.0,0,Praja raw (monthly BMC dispensary records),2012,4
L,2012-04-01,720.0,11,Praja raw (monthly BMC dispensary records),2012,4
M/E,2012-04-01,210.0,6,Praja raw (monthly BMC dispensary records),2012,4
M/W,2012-04-01,186.0,6,Praja raw (monthly BMC dispensary records),2012,4
N,2012-04-01,338.0,7,Praja raw (monthly BMC dispensary records),2012,4
P/N,2012-04-01,217.0,9,Praja raw (monthly BMC dispensary records),2012,4
P/S,2012-04-01,55.0,2,Praja raw (monthly BMC dispensary records),2012,4
R/C,2012-04-01,145.0,6,Praja raw (monthly BMC dispensary records),2012,4
R/N,2012-04-01,26.0,2,Praja raw (monthly BMC dispensary records),2012,4
R/S,2012-04-01,66.0,5,Praja raw (monthly BMC dispensary records),2012,4
S,2012-04-01,305.0,7,Praja raw (monthly BMC dispensary records),2012,4
T,2012-04-01,115.0,3,Praja raw (monthly BMC dispensary records),2012,4
A,2012-05-01,111.0,4,Praja raw (monthly BMC dispensary records),2012,5
B,2012-05-01,86.0,3,Praja raw (monthly BMC dispensary records),2012,5
C,2012-05-01,148.0,5,Praja raw (monthly BMC dispensary records),2012,5
D,2012-05-01,386.0,5,Praja raw (monthly BMC dispensary records),2012,5
E,2012-05-01,213.0,9,Praja raw (monthly BMC dispensary records),2012,5
F/N,2012-05-01,129.0,3,Praja raw (monthly BMC dispensary records),2012,5
F/S,2012-05-01,332.0,9,Praja raw (monthly BMC dispensary records),2012,5
G/N,2012-05-01,291.0,8,Praja raw (monthly BMC dispensary records),2012,5
G/S,2012-05-01,310.0,13,Praja raw (monthly BMC dispensary records),2012,5
H/E,2012-05-01,163.0,6,Praja raw (monthly BMC dispensary records),2012,5
H/W,2012-05-01,136.0,5,Praja raw (monthly BMC dispensary records),2012,5
K/E,2012-05-01,512.0,10,Praja raw (monthly BMC dispensary records),2012,5
K/W,2012-05-01,0.0,0,Praja raw (monthly BMC dispensary records),2012,5
L,2012-05-01,816.0,11,Praja raw (monthly BMC dispensary records),2012,5
M/E,2012-05-01,153.0,6,Praja raw (monthly BMC dispensary records),2012,5
M/W,2012-05-01,252.0,6,Praja raw (monthly BMC dispensary records),2012,5
N,2012-05-01,385.0,7,Praja raw (monthly BMC dispensary records),2012,5
P/N,2012-05-01,283.0,9,Praja raw (monthly BMC dispensary records),2012,5
P/S,2012-05-01,71.0,2,Praja raw (monthly BMC dispensary records),2012,5
R/C,2012-05-01,182.0,6,Praja raw (monthly BMC dispensary records),2012,5
R/N,2012-05-01,44.0,2,Praja raw (monthly BMC dispensary records),2012,5
R/S,2012-05-01,102.0,5,Praja raw (monthly BMC dispensary records),2012,5
S,2012-05-01,317.0,7,Praja raw (monthly BMC dispensary records),2012,5
T,2012-05-01,198.0,3,Praja raw (monthly BMC dispensary records),2012,5
A,2012-06-01,121.0,5,Praja raw (monthly BMC dispensary records),2012,6
B,2012-06-01,102.0,5,Praja raw (monthly BMC dispensary records),2012,6
C,2012-06-01,233.0,5,Praja raw (monthly BMC dispensary records),2012,6
D,2012-06-01,410.0,5,Praja raw (monthly BMC dispensary records),2012,6
E,2012-06-01,237.0,10,Praja raw (monthly BMC dispensary records),2012,6
F/N,2012-06-01,125.0,3,Praja raw (monthly BMC dispensary records),2012,6
F/S,2012-06-01,447.0,9,Praja raw (monthly BMC dispensary records),2012,6
G/N,2012-06-01,321.0,8,Praja raw (monthly BMC dispensary records),2012,6
G/S,2012-06-01,321.0,13,Praja raw (monthly BMC dispensary records),2012,6
H/E,2012-06-01,214.0,6,Praja raw (monthly BMC dispensary records),2012,6
H/W,2012-06-01,168.0,5,Praja raw (monthly BMC dispensary records),2012,6
K/E,2012-06-01,543.0,10,Praja raw (monthly BMC dispensary records),2012,6
K/W,2012-06-01,0.0,0,Praja raw (monthly BMC dispensary records),2012,6
L,2012-06-01,1077.0,11,Praja raw (monthly BMC dispensary records),2012,6
M/E,2012-06-01,177.0,6,Praja raw (monthly BMC dispensary records),2012,6
M/W,2012-06-01,230.0,6,Praja raw (monthly BMC dispensary records),2012,6
N,2012-06-01,418.0,7,Praja raw (monthly BMC dispensary records),2012,6
P/N,2012-06-01,251.0,8,Praja raw (monthly BMC dispensary records),2012,6
P/S,2012-06-01,79.0,2,Praja raw (monthly BMC dispensary records),2012,6
R/C,2012-06-01,207.0,6,Praja raw (monthly BMC dispensary records),2012,6
R/N,2012-06-01,44.0,2,Praja raw (monthly BMC dispensary records),2012,6
R/S,2012-06-01,160.0,5,Praja raw (monthly BMC dispensary records),2012,6
S,2012-06-01,302.0,7,Praja raw (monthly BMC dispensary records),2012,6
T,2012-06-01,218.0,3,Praja raw (monthly BMC dispensary records),2012,6
A,2012-07-01,195.0,5,Praja raw (monthly BMC dispensary records),2012,7
B,2012-07-01,161.0,4,Praja raw (monthly BMC dispensary records),2012,7
C,2012-07-01,318.0,5,Praja raw (monthly BMC dispensary records),2012,7
D,2012-07-01,493.0,5,Praja raw (monthly BMC dispensary records),2012,7
E,2012-07-01,337.0,10,Praja raw (monthly BMC dispensary records),2012,7
F/N,2012-07-01,98.0,3,Praja raw (monthly BMC dispensary records),2012,7
F/S,2012-07-01,581.0,9,Praja raw (monthly BMC dispensary records),2012,7
G/N,2012-07-01,388.0,8,Praja raw (monthly BMC dispensary records),2012,7
G/S,2012-07-01,498.0,12,Praja raw (monthly BMC dispensary records),2012,7
H/E,2012-07-01,293.0,6,Praja raw (monthly BMC dispensary records),2012,7
H/W,2012-07-01,217.0,5,Praja raw (monthly BMC dispensary records),2012,7
K/E,2012-07-01,783.0,10,Praja raw (monthly BMC dispensary records),2012,7
K/W,2012-07-01,0.0,0,Praja raw (monthly BMC dispensary records),2012,7
L,2012-07-01,1575.0,11,Praja raw (monthly BMC dispensary records),2012,7
M/E,2012-07-01,321.0,6,Praja raw (monthly BMC dispensary records),2012,7
M/W,2012-07-01,371.0,6,Praja raw (monthly BMC dispensary records),2012,7
N,2012-07-01,767.0,7,Praja raw (monthly BMC dispensary records),2012,7
P/N,2012-07-01,407.0,10,Praja raw (monthly BMC dispensary records),2012,7
P/S,2012-07-01,114.0,2,Praja raw (monthly BMC dispensary records),2012,7
R/C,2012-07-01,301.0,6,Praja raw (monthly BMC dispensary records),2012,7
R/N,2012-07-01,71.0,2,Praja raw (monthly BMC dispensary records),2012,7
R/S,2012-07-01,276.0,5,Praja raw (monthly BMC dispensary records),2012,7
S,2012-07-01,503.0,7,Praja raw (monthly BMC dispensary records),2012,7
T,2012-07-01,487.0,3,Praja raw (monthly BMC dispensary records),2012,7
A,2012-08-01,152.0,5,Praja raw (monthly BMC dispensary records),2012,8
B,2012-08-01,110.0,3,Praja raw (monthly BMC dispensary records),2012,8
C,2012-08-01,188.0,5,Praja raw (monthly BMC dispensary records),2012,8
D,2012-08-01,470.0,5,Praja raw (monthly BMC dispensary records),2012,8
E,2012-08-01,228.0,11,Praja raw (monthly BMC dispensary records),2012,8
F/N,2012-08-01,167.0,6,Praja raw (monthly BMC dispensary records),2012,8
F/S,2012-08-01,414.0,9,Praja raw (monthly BMC dispensary records),2012,8
G/N,2012-08-01,319.0,8,Praja raw (monthly BMC dispensary records),2012,8
G/S,2012-08-01,399.0,13,Praja raw (monthly BMC dispensary records),2012,8
H/E,2012-08-01,433.0,6,Praja raw (monthly BMC dispensary records),2012,8
H/W,2012-08-01,177.0,5,Praja raw (monthly BMC dispensary records),2012,8
K/E,2012-08-01,711.0,10,Praja raw (monthly BMC dispensary records),2012,8
K/W,2012-08-01,480.0,5,Praja raw (monthly BMC dispensary records),2012,8
L,2012-08-01,1228.0,11,Praja raw (monthly BMC dispensary records),2012,8
M/E,2012-08-01,256.0,6,Praja raw (monthly BMC dispensary records),2012,8
M/W,2012-08-01,266.0,6,Praja raw (monthly BMC dispensary records),2012,8
N,2012-08-01,609.0,7,Praja raw (monthly BMC dispensary records),2012,8
P/N,2012-08-01,298.0,8,Praja raw (monthly BMC dispensary records),2012,8
P/S,2012-08-01,80.0,2,Praja raw (monthly BMC dispensary records),2012,8
R/C,2012-08-01,281.0,6,Praja raw (monthly BMC dispensary records),2012,8
R/N,2012-08-01,50.0,2,Praja raw (monthly BMC dispensary records),2012,8
R/S,2012-08-01,247.0,5,Praja raw (monthly BMC dispensary records),2012,8
S,2012-08-01,423.0,7,Praja raw (monthly BMC dispensary records),2012,8
T,2012-08-01,312.0,3,Praja raw (monthly BMC dispensary records),2012,8
A,2012-09-01,101.0,5,Praja raw (monthly BMC dispensary records),2012,9
B,2012-09-01,93.0,4,Praja raw (monthly BMC dispensary records),2012,9
C,2012-09-01,135.0,5,Praja raw (monthly BMC dispensary records),2012,9
D,2012-09-01,344.0,5,Praja raw (monthly BMC dispensary records),2012,9
E,2012-09-01,168.0,10,Praja raw (monthly BMC dispensary records),2012,9
F/N,2012-09-01,116.0,6,Praja raw (monthly BMC dispensary records),2012,9
F/S,2012-09-01,335.0,9,Praja raw (monthly BMC dispensary records),2012,9
G/N,2012-09-01,269.0,8,Praja raw (monthly BMC dispensary records),2012,9
G/S,2012-09-01,339.0,13,Praja raw (monthly BMC dispensary records),2012,9
H/E,2012-09-01,519.0,6,Praja raw (monthly BMC dispensary records),2012,9
H/W,2012-09-01,147.0,5,Praja raw (monthly BMC dispensary records),2012,9
K/E,2012-09-01,593.0,10,Praja raw (monthly BMC dispensary records),2012,9
K/W,2012-09-01,387.0,5,Praja raw (monthly BMC dispensary records),2012,9
L,2012-09-01,909.0,11,Praja raw (monthly BMC dispensary records),2012,9
M/E,2012-09-01,192.0,6,Praja raw (monthly BMC dispensary records),2012,9
M/W,2012-09-01,205.0,6,Praja raw (monthly BMC dispensary records),2012,9
N,2012-09-01,450.0,7,Praja raw (monthly BMC dispensary records),2012,9
P/N,2012-09-01,226.0,7,Praja raw (monthly BMC dispensary records),2012,9
P/S,2012-09-01,73.0,2,Praja raw (monthly BMC dispensary records),2012,9
R/C,2012-09-01,215.0,6,Praja raw (monthly BMC dispensary records),2012,9
R/N,2012-09-01,42.0,2,Praja raw (monthly BMC dispensary records),2012,9
R/S,2012-09-01,174.0,5,Praja raw (monthly BMC dispensary records),2012,9
S,2012-09-01,245.0,7,Praja raw (monthly BMC dispensary records),2012,9
T,2012-09-01,167.0,3,Praja raw (monthly BMC dispensary records),2012,9
A,2012-10-01,82.0,5,Praja raw (monthly BMC dispensary records),2012,10
B,2012-10-01,80.0,4,Praja raw (monthly BMC dispensary records),2012,10
C,2012-10-01,144.0,5,Praja raw (monthly BMC dispensary records),2012,10
D,2012-10-01,413.0,5,Praja raw (monthly BMC dispensary records),2012,10
E,2012-10-01,164.0,11,Praja raw (monthly BMC dispensary records),2012,10
F/N,2012-10-01,107.0,6,Praja raw (monthly BMC dispensary records),2012,10
F/S,2012-10-01,303.0,9,Praja raw (monthly BMC dispensary records),2012,10
G/N,2012-10-01,220.0,8,Praja raw (monthly BMC dispensary records),2012,10
G/S,2012-10-01,289.0,13,Praja raw (monthly BMC dispensary records),2012,10
H/E,2012-10-01,343.0,6,Praja raw (monthly BMC dispensary records),2012,10
H/W,2012-10-01,140.0,5,Praja raw (monthly BMC dispensary records),2012,10
K/E,2012-10-01,497.0,10,Praja raw (monthly BMC dispensary records),2012,10
K/W,2012-10-01,424.0,5,Praja raw (monthly BMC dispensary records),2012,10
L,2012-10-01,954.0,11,Praja raw (monthly BMC dispensary records),2012,10
M/E,2012-10-01,137.0,6,Praja raw (monthly BMC dispensary records),2012,10
M/W,2012-10-01,195.0,6,Praja raw (monthly BMC dispensary records),2012,10
N,2012-10-01,472.0,7,Praja raw (monthly BMC dispensary records),2012,10
P/N,2012-10-01,262.0,8,Praja raw (monthly BMC dispensary records),2012,10
P/S,2012-10-01,78.0,2,Praja raw (monthly BMC dispensary records),2012,10
R/C,2012-10-01,208.0,6,Praja raw (monthly BMC dispensary records),2012,10
R/N,2012-10-01,53.0,2,Praja raw (monthly BMC dispensary records),2012,10
R/S,2012-10-01,143.0,5,Praja raw (monthly BMC dispensary records),2012,10
S,2012-10-01,239.0,7,Praja raw (monthly BMC dispensary records),2012,10
T,2012-10-01,237.0,3,Praja raw (monthly BMC dispensary records),2012,10
A,2012-11-01,101.0,5,Praja raw (monthly BMC dispensary records),2012,11
B,2012-11-01,54.0,3,Praja raw (monthly BMC dispensary records),2012,11
C,2012-11-01,124.0,5,Praja raw (monthly BMC dispensary records),2012,11
D,2012-11-01,359.0,5,Praja raw (monthly BMC dispensary records),2012,11
E,2012-11-01,152.0,11,Praja raw (monthly BMC dispensary records),2012,11
F/N,2012-11-01,116.0,6,Praja raw (monthly BMC dispensary records),2012,11
F/S,2012-11-01,327.0,9,Praja raw (monthly BMC dispensary records),2012,11
G/N,2012-11-01,216.0,8,Praja raw (monthly BMC dispensary records),2012,11
G/S,2012-11-01,349.0,13,Praja raw (monthly BMC dispensary records),2012,11
H/E,2012-11-01,308.0,6,Praja raw (monthly BMC dispensary records),2012,11
H/W,2012-11-01,143.0,5,Praja raw (monthly BMC dispensary records),2012,11
K/E,2012-11-01,452.0,10,Praja raw (monthly BMC dispensary records),2012,11
K/W,2012-11-01,435.0,5,Praja raw (monthly BMC dispensary records),2012,11
L,2012-11-01,997.0,11,Praja raw (monthly BMC dispensary records),2012,11
M/E,2012-11-01,260.0,6,Praja raw (monthly BMC dispensary records),2012,11
M/W,2012-11-01,203.0,6,Praja raw (monthly BMC dispensary records),2012,11
N,2012-11-01,499.0,7,Praja raw (monthly BMC dispensary records),2012,11
P/N,2012-11-01,226.0,7,Praja raw (monthly BMC dispensary records),2012,11
P/S,2012-11-01,73.0,2,Praja raw (monthly BMC dispensary records),2012,11
R/C,2012-11-01,208.0,6,Praja raw (monthly BMC dispensary records),2012,11
R/N,2012-11-01,41.0,2,Praja raw (monthly BMC dispensary records),2012,11
R/S,2012-11-01,156.0,5,Praja raw (monthly BMC dispensary records),2012,11
S,2012-11-01,264.0,7,Praja raw (monthly BMC dispensary records),2012,11
T,2012-11-01,257.0,3,Praja raw (monthly BMC dispensary records),2012,11
A,2012-12-01,105.0,4,Praja raw (monthly BMC dispensary records),2012,12
B,2012-12-01,87.0,3,Praja raw (monthly BMC dispensary records),2012,12
C,2012-12-01,168.0,5,Praja raw (monthly BMC dispensary records),2012,12
D,2012-12-01,338.0,5,Praja raw (monthly BMC dispensary records),2012,12
E,2012-12-01,149.0,11,Praja raw (monthly BMC dispensary records),2012,12
F/N,2012-12-01,130.0,6,Praja raw (monthly BMC dispensary records),2012,12
F/S,2012-12-01,335.0,9,Praja raw (monthly BMC dispensary records),2012,12
G/N,2012-12-01,207.0,8,Praja raw (monthly BMC dispensary records),2012,12
G/S,2012-12-01,318.0,13,Praja raw (monthly BMC dispensary records),2012,12
H/E,2012-12-01,436.0,6,Praja raw (monthly BMC dispensary records),2012,12
H/W,2012-12-01,175.0,5,Praja raw (monthly BMC dispensary records),2012,12
K/E,2012-12-01,472.0,10,Praja raw (monthly BMC dispensary records),2012,12
K/W,2012-12-01,315.0,5,Praja raw (monthly BMC dispensary records),2012,12
L,2012-12-01,957.0,11,Praja raw (monthly BMC dispensary records),2012,12
M/E,2012-12-01,316.0,5,Praja raw (monthly BMC dispensary records),2012,12
M/W,2012-12-01,220.0,6,Praja raw (monthly BMC dispensary records),2012,12
N,2012-12-01,515.0,7,Praja raw (monthly BMC dispensary records),2012,12
P/N,2012-12-01,134.0,7,Praja raw (monthly BMC dispensary records),2012,12
P/S,2012-12-01,77.0,2,Praja raw (monthly BMC dispensary records),2012,12
R/C,2012-12-01,201.0,6,Praja raw (monthly BMC dispensary records),2012,12
R/N,2012-12-01,41.0,2,Praja raw (monthly BMC dispensary records),2012,12
R/S,2012-12-01,127.0,5,Praja raw (monthly BMC dispensary records),2012,12
S,2012-12-01,289.0,7,Praja raw (monthly BMC dispensary records),2012,12
T,2012-12-01,388.0,3,Praja raw (monthly BMC dispensary records),2012,12
A,2013-01-01,82.0,5,Praja raw (monthly BMC dispensary records),2013,1
B,2013-01-01,100.0,3,Praja raw (monthly BMC dispensary records),2013,1
C,2013-01-01,175.0,5,Praja raw (monthly BMC dispensary records),2013,1
D,2013-01-01,395.0,5,Praja raw (monthly BMC dispensary records),2013,1
E,2013-01-01,141.0,10,Praja raw (monthly BMC dispensary records),2013,1
F/N,2013-01-01,134.0,6,Praja raw (monthly BMC dispensary records),2013,1
F/S,2013-01-01,354.0,9,Praja raw (monthly BMC dispensary records),2013,1
G/N,2013-01-01,215.0,8,Praja raw (monthly BMC dispensary records),2013,1
G/S,2013-01-01,316.0,13,Praja raw (monthly BMC dispensary records),2013,1
H/E,2013-01-01,513.0,6,Praja raw (monthly BMC dispensary records),2013,1
H/W,2013-01-01,200.0,5,Praja raw (monthly BMC dispensary records),2013,1
K/E,2013-01-01,557.0,10,Praja raw (monthly BMC dispensary records),2013,1
K/W,2013-01-01,325.0,5,Praja raw (monthly BMC dispensary records),2013,1
L,2013-01-01,961.0,11,Praja raw (monthly BMC dispensary records),2013,1
M/E,2013-01-01,181.0,5,Praja raw (monthly BMC dispensary records),2013,1
M/W,2013-01-01,221.0,6,Praja raw (monthly BMC dispensary records),2013,1
N,2013-01-01,557.0,7,Praja raw (monthly BMC dispensary records),2013,1
P/N,2013-01-01,178.0,8,Praja raw (monthly BMC dispensary records),2013,1
P/S,2013-01-01,97.0,2,Praja raw (monthly BMC dispensary records),2013,1
R/C,2013-01-01,258.0,6,Praja raw (monthly BMC dispensary records),2013,1
R/N,2013-01-01,69.0,2,Praja raw (monthly BMC dispensary records),2013,1
R/S,2013-01-01,141.0,5,Praja raw (monthly BMC dispensary records),2013,1
S,2013-01-01,372.0,7,Praja raw (monthly BMC dispensary records),2013,1
T,2013-01-01,302.0,3,Praja raw (monthly BMC dispensary records),2013,1
A,2013-02-01,91.0,5,Praja raw (monthly BMC dispensary records),2013,2
B,2013-02-01,59.0,3,Praja raw (monthly BMC dispensary records),2013,2
C,2013-02-01,98.0,5,Praja raw (monthly BMC dispensary records),2013,2
D,2013-02-01,286.0,5,Praja raw (monthly BMC dispensary records),2013,2
E,2013-02-01,116.0,10,Praja raw (monthly BMC dispensary records),2013,2
F/N,2013-02-01,132.0,6,Praja raw (monthly BMC dispensary records),2013,2
F/S,2013-02-01,247.0,8,Praja raw (monthly BMC dispensary records),2013,2
G/N,2013-02-01,154.0,8,Praja raw (monthly BMC dispensary records),2013,2
G/S,2013-02-01,266.0,12,Praja raw (monthly BMC dispensary records),2013,2
H/E,2013-02-01,403.0,6,Praja raw (monthly BMC dispensary records),2013,2
H/W,2013-02-01,124.0,5,Praja raw (monthly BMC dispensary records),2013,2
K/E,2013-02-01,429.0,10,Praja raw (monthly BMC dispensary records),2013,2
K/W,2013-02-01,317.0,5,Praja raw (monthly BMC dispensary records),2013,2
L,2013-02-01,886.0,11,Praja raw (monthly BMC dispensary records),2013,2
M/E,2013-02-01,184.0,5,Praja raw (monthly BMC dispensary records),2013,2
M/W,2013-02-01,154.0,6,Praja raw (monthly BMC dispensary records),2013,2
N,2013-02-01,419.0,7,Praja raw (monthly BMC dispensary records),2013,2
P/N,2013-02-01,147.0,7,Praja raw (monthly BMC dispensary records),2013,2
P/S,2013-02-01,81.0,2,Praja raw (monthly BMC dispensary records),2013,2
R/C,2013-02-01,224.0,6,Praja raw (monthly BMC dispensary records),2013,2
R/N,2013-02-01,45.0,2,Praja raw (monthly BMC dispensary records),2013,2
R/S,2013-02-01,110.0,5,Praja raw (monthly BMC dispensary records),2013,2
S,2013-02-01,263.0,7,Praja raw (monthly BMC dispensary records),2013,2
T,2013-02-01,288.0,3,Praja raw (monthly BMC dispensary records),2013,2
A,2013-03-01,71.0,5,Praja raw (monthly BMC dispensary records),2013,3
B,2013-03-01,77.0,4,Praja raw (monthly BMC dispensary records),2013,3
C,2013-03-01,98.0,5,Praja raw (monthly BMC dispensary records),2013,3
D,2013-03-01,325.0,5,Praja raw (monthly BMC dispensary records),2013,3
E,2013-03-01,124.0,11,Praja raw (monthly BMC dispensary records),2013,3
F/N,2013-03-01,163.0,6,Praja raw (monthly BMC dispensary records),2013,3
F/S,2013-03-01,263.0,8,Praja raw (monthly BMC dispensary records),2013,3
G/N,2013-03-01,166.0,8,Praja raw (monthly BMC dispensary records),2013,3
G/S,2013-03-01,262.0,13,Praja raw (monthly BMC dispensary records),2013,3
H/E,2013-03-01,430.0,6,Praja raw (monthly BMC dispensary records),2013,3
H/W,2013-03-01,108.0,5,Praja raw (monthly BMC dispensary records),2013,3
K/E,2013-03-01,336.0,10,Praja raw (monthly BMC dispensary records),2013,3
K/W,2013-03-01,328.0,5,Praja raw (monthly BMC dispensary records),2013,3
L,2013-03-01,762.0,10,Praja raw (monthly BMC dispensary records),2013,3
M/E,2013-03-01,178.0,5,Praja raw (monthly BMC dispensary records),2013,3
M/W,2013-03-01,153.0,6,Praja raw (monthly BMC dispensary records),2013,3
N,2013-03-01,436.0,7,Praja raw (monthly BMC dispensary records),2013,3
P/N,2013-03-01,161.0,7,Praja raw (monthly BMC dispensary records),2013,3
P/S,2013-03-01,71.0,2,Praja raw (monthly BMC dispensary records),2013,3
R/C,2013-03-01,203.0,6,Praja raw (monthly BMC dispensary records),2013,3
R/N,2013-03-01,54.0,2,Praja raw (monthly BMC dispensary records),2013,3
R/S,2013-03-01,101.0,5,Praja raw (monthly BMC dispensary records),2013,3
S,2013-03-01,300.0,7,Praja raw (monthly BMC dispensary records),2013,3
T,2013-03-01,283.0,3,Praja raw (monthly BMC dispensary records),2013,3
A,2013-04-01,85.0,5,Praja raw (monthly BMC dispensary records),2013,4
B,2013-04-01,89.0,3,Praja raw (monthly BMC dispensary records),2013,4
C,2013-04-01,99.0,5,Praja raw (monthly BMC dispensary records),2013,4
D,2013-04-01,326.0,5,Praja raw (monthly BMC dispensary records),2013,4
E,2013-04-01,139.0,11,Praja raw (monthly BMC dispensary records),2013,4
F/N,2013-04-01,136.0,6,Praja raw (monthly BMC dispensary records),2013,4
F/S,2013-04-01,254.0,8,Praja raw (monthly BMC dispensary records),2013,4
G/N,2013-04-01,163.0,9,Praja raw (monthly BMC dispensary records),2013,4
G/S,2013-04-01,277.0,13,Praja raw (monthly BMC dispensary records),2013,4
H/E,2013-04-01,321.0,6,Praja raw (monthly BMC dispensary records),2013,4
H/W,2013-04-01,134.0,5,Praja raw (monthly BMC dispensary records),2013,4
K/E,2013-04-01,322.0,10,Praja raw (monthly BMC dispensary records),2013,4
K/W,2013-04-01,299.0,5,Praja raw (monthly BMC dispensary records),2013,4
L,2013-04-01,801.0,12,Praja raw (monthly BMC dispensary records),2013,4
M/E,2013-04-01,375.0,6,Praja raw (monthly BMC dispensary records),2013,4
M/W,2013-04-01,126.0,5,Praja raw (monthly BMC dispensary records),2013,4
N,2013-04-01,397.0,7,Praja raw (monthly BMC dispensary records),2013,4
P/N,2013-04-01,254.0,9,Praja raw (monthly BMC dispensary records),2013,4
P/S,2013-04-01,79.0,2,Praja raw (monthly BMC dispensary records),2013,4
R/C,2013-04-01,173.0,6,Praja raw (monthly BMC dispensary records),2013,4
R/N,2013-04-01,44.0,2,Praja raw (monthly BMC dispensary records),2013,4
R/S,2013-04-01,111.0,5,Praja raw (monthly BMC dispensary records),2013,4
S,2013-04-01,253.0,7,Praja raw (monthly BMC dispensary records),2013,4
T,2013-04-01,229.0,3,Praja raw (monthly BMC dispensary records),2013,4
A,2013-05-01,89.0,5,Praja raw (monthly BMC dispensary records),2013,5
B,2013-05-01,55.0,3,Praja raw (monthly BMC dispensary records),2013,5
C,2013-05-01,147.0,5,Praja raw (monthly BMC dispensary records),2013,5
D,2013-05-01,322.0,5,Praja raw (monthly BMC dispensary records),2013,5
E,2013-05-01,115.0,10,Praja raw (monthly BMC dispensary records),2013,5
F/N,2013-05-01,122.0,6,Praja raw (monthly BMC dispensary records),2013,5
F/S,2013-05-01,281.0,8,Praja raw (monthly BMC dispensary records),2013,5
G/N,2013-05-01,138.0,9,Praja raw (monthly BMC dispensary records),2013,5
G/S,2013-05-01,286.0,13,Praja raw (monthly BMC dispensary records),2013,5
H/E,2013-05-01,391.0,6,Praja raw (monthly BMC dispensary records),2013,5
H/W,2013-05-01,133.0,4,Praja raw (monthly BMC dispensary records),2013,5
K/E,2013-05-01,278.0,10,Praja raw (monthly BMC dispensary records),2013,5
K/W,2013-05-01,286.0,5,Praja raw (monthly BMC dispensary records),2013,5
L,2013-05-01,696.0,12,Praja raw (monthly BMC dispensary records),2013,5
M/E,2013-05-01,171.0,6,Praja raw (monthly BMC dispensary records),2013,5
M/W,2013-05-01,120.0,5,Praja raw (monthly BMC dispensary records),2013,5
N,2013-05-01,368.0,7,Praja raw (monthly BMC dispensary records),2013,5
P/N,2013-05-01,234.0,9,Praja raw (monthly BMC dispensary records),2013,5
P/S,2013-05-01,67.0,2,Praja raw (monthly BMC dispensary records),2013,5
R/C,2013-05-01,164.0,6,Praja raw (monthly BMC dispensary records),2013,5
R/N,2013-05-01,48.0,2,Praja raw (monthly BMC dispensary records),2013,5
R/S,2013-05-01,95.0,5,Praja raw (monthly BMC dispensary records),2013,5
S,2013-05-01,228.0,7,Praja raw (monthly BMC dispensary records),2013,5
T,2013-05-01,270.0,3,Praja raw (monthly BMC dispensary records),2013,5
A,2013-06-01,234.0,5,Praja raw (monthly BMC dispensary records),2013,6
B,2013-06-01,102.0,4,Praja raw (monthly BMC dispensary records),2013,6
C,2013-06-01,209.0,5,Praja raw (monthly BMC dispensary records),2013,6
D,2013-06-01,325.0,5,Praja raw (monthly BMC dispensary records),2013,6
E,2013-06-01,341.0,10,Praja raw (monthly BMC dispensary records),2013,6
F/N,2013-06-01,96.0,6,Praja raw (monthly BMC dispensary records),2013,6
F/S,2013-06-01,425.0,8,Praja raw (monthly BMC dispensary records),2013,6
G/N,2013-06-01,264.0,9,Praja raw (monthly BMC dispensary records),2013,6
G/S,2013-06-01,649.0,13,Praja raw (monthly BMC dispensary records),2013,6
H/E,2013-06-01,319.0,6,Praja raw (monthly BMC dispensary records),2013,6
H/W,2013-06-01,143.0,5,Praja raw (monthly BMC dispensary records),2013,6
K/E,2013-06-01,432.0,10,Praja raw (monthly BMC dispensary records),2013,6
K/W,2013-06-01,329.0,5,Praja raw (monthly BMC dispensary records),2013,6
L,2013-06-01,727.0,12,Praja raw (monthly BMC dispensary records),2013,6
M/E,2013-06-01,279.0,6,Praja raw (monthly BMC dispensary records),2013,6
M/W,2013-06-01,186.0,5,Praja raw (monthly BMC dispensary records),2013,6
N,2013-06-01,542.0,7,Praja raw (monthly BMC dispensary records),2013,6
P/N,2013-06-01,261.0,8,Praja raw (monthly BMC dispensary records),2013,6
P/S,2013-06-01,76.0,2,Praja raw (monthly BMC dispensary records),2013,6
R/C,2013-06-01,264.0,6,Praja raw (monthly BMC dispensary records),2013,6
R/N,2013-06-01,99.0,2,Praja raw (monthly BMC dispensary records),2013,6
R/S,2013-06-01,130.0,5,Praja raw (monthly BMC dispensary records),2013,6
S,2013-06-01,345.0,7,Praja raw (monthly BMC dispensary records),2013,6
T,2013-06-01,389.0,3,Praja raw (monthly BMC dispensary records),2013,6
A,2013-07-01,225.0,5,Praja raw (monthly BMC dispensary records),2013,7
B,2013-07-01,108.0,3,Praja raw (monthly BMC dispensary records),2013,7
C,2013-07-01,368.0,5,Praja raw (monthly BMC dispensary records),2013,7
D,2013-07-01,574.0,5,Praja raw (monthly BMC dispensary records),2013,7
E,2013-07-01,343.0,10,Praja raw (monthly BMC dispensary records),2013,7
F/N,2013-07-01,171.0,6,Praja raw (monthly BMC dispensary records),2013,7
F/S,2013-07-01,468.0,8,Praja raw (monthly BMC dispensary records),2013,7
G/N,2013-07-01,388.0,9,Praja raw (monthly BMC dispensary records),2013,7
G/S,2013-07-01,597.0,13,Praja raw (monthly BMC dispensary records),2013,7
H/E,2013-07-01,508.0,6,Praja raw (monthly BMC dispensary records),2013,7
H/W,2013-07-01,184.0,5,Praja raw (monthly BMC dispensary records),2013,7
K/E,2013-07-01,590.0,10,Praja raw (monthly BMC dispensary records),2013,7
K/W,2013-07-01,408.0,5,Praja raw (monthly BMC dispensary records),2013,7
L,2013-07-01,1091.0,12,Praja raw (monthly BMC dispensary records),2013,7
M/E,2013-07-01,402.0,6,Praja raw (monthly BMC dispensary records),2013,7
M/W,2013-07-01,382.0,5,Praja raw (monthly BMC dispensary records),2013,7
N,2013-07-01,1109.0,7,Praja raw (monthly BMC dispensary records),2013,7
P/N,2013-07-01,397.0,9,Praja raw (monthly BMC dispensary records),2013,7
P/S,2013-07-01,132.0,2,Praja raw (monthly BMC dispensary records),2013,7
R/C,2013-07-01,326.0,6,Praja raw (monthly BMC dispensary records),2013,7
R/N,2013-07-01,121.0,2,Praja raw (monthly BMC dispensary records),2013,7
R/S,2013-07-01,139.0,5,Praja raw (monthly BMC dispensary records),2013,7
S,2013-07-01,516.0,7,Praja raw (monthly BMC dispensary records),2013,7
T,2013-07-01,253.0,3,Praja raw (monthly BMC dispensary records),2013,7
A,2013-08-01,130.0,5,Praja raw (monthly BMC dispensary records),2013,8
B,2013-08-01,150.0,4,Praja raw (monthly BMC dispensary records),2013,8
C,2013-08-01,235.0,5,Praja raw (monthly BMC dispensary records),2013,8
D,2013-08-01,502.0,5,Praja raw (monthly BMC dispensary records),2013,8
E,2013-08-01,220.0,11,Praja raw (monthly BMC dispensary records),2013,8
F/N,2013-08-01,148.0,6,Praja raw (monthly BMC dispensary records),2013,8
F/S,2013-08-01,394.0,9,Praja raw (monthly BMC dispensary records),2013,8
G/N,2013-08-01,316.0,8,Praja raw (monthly BMC dispensary records),2013,8
G/S,2013-08-01,346.0,13,Praja raw (monthly BMC dispensary records),2013,8
H/E,2013-08-01,625.0,6,Praja raw (monthly BMC dispensary records),2013,8
H/W,2013-08-01,189.0,5,Praja raw (monthly BMC dispensary records),2013,8
K/E,2013-08-01,611.0,10,Praja raw (monthly BMC dispensary records),2013,8
K/W,2013-08-01,300.0,5,Praja raw (monthly BMC dispensary records),2013,8
L,2013-08-01,775.0,12,Praja raw (monthly BMC dispensary records),2013,8
M/E,2013-08-01,343.0,6,Praja raw (monthly BMC dispensary records),2013,8
M/W,2013-08-01,222.0,5,Praja raw (monthly BMC dispensary records),2013,8
N,2013-08-01,729.0,7,Praja raw (monthly BMC dispensary records),2013,8
P/N,2013-08-01,343.0,8,Praja raw (monthly BMC dispensary records),2013,8
P/S,2013-08-01,109.0,2,Praja raw (monthly BMC dispensary records),2013,8
R/C,2013-08-01,265.0,6,Praja raw (monthly BMC dispensary records),2013,8
R/N,2013-08-01,116.0,2,Praja raw (monthly BMC dispensary records),2013,8
R/S,2013-08-01,144.0,5,Praja raw (monthly BMC dispensary records),2013,8
S,2013-08-01,277.0,7,Praja raw (monthly BMC dispensary records),2013,8
T,2013-08-01,208.0,3,Praja raw (monthly BMC dispensary records),2013,8
A,2013-09-01,131.0,4,Praja raw (monthly BMC dispensary records),2013,9
B,2013-09-01,141.0,4,Praja raw (monthly BMC dispensary records),2013,9
C,2013-09-01,207.0,5,Praja raw (monthly BMC dispensary records),2013,9
D,2013-09-01,396.0,5,Praja raw (monthly BMC dispensary records),2013,9
E,2013-09-01,199.0,11,Praja raw (monthly BMC dispensary records),2013,9
F/N,2013-09-01,103.0,6,Praja raw (monthly BMC dispensary records),2013,9
F/S,2013-09-01,288.0,9,Praja raw (monthly BMC dispensary records),2013,9
G/N,2013-09-01,241.0,9,Praja raw (monthly BMC dispensary records),2013,9
G/S,2013-09-01,285.0,12,Praja raw (monthly BMC dispensary records),2013,9
H/E,2013-09-01,498.0,6,Praja raw (monthly BMC dispensary records),2013,9
H/W,2013-09-01,205.0,5,Praja raw (monthly BMC dispensary records),2013,9
K/E,2013-09-01,547.0,10,Praja raw (monthly BMC dispensary records),2013,9
K/W,2013-09-01,294.0,5,Praja raw (monthly BMC dispensary records),2013,9
L,2013-09-01,666.0,11,Praja raw (monthly BMC dispensary records),2013,9
M/E,2013-09-01,241.0,6,Praja raw (monthly BMC dispensary records),2013,9
M/W,2013-09-01,155.0,5,Praja raw (monthly BMC dispensary records),2013,9
N,2013-09-01,537.0,7,Praja raw (monthly BMC dispensary records),2013,9
P/N,2013-09-01,325.0,8,Praja raw (monthly BMC dispensary records),2013,9
P/S,2013-09-01,80.0,2,Praja raw (monthly BMC dispensary records),2013,9
R/C,2013-09-01,279.0,6,Praja raw (monthly BMC dispensary records),2013,9
R/N,2013-09-01,49.0,2,Praja raw (monthly BMC dispensary records),2013,9
R/S,2013-09-01,107.0,5,Praja raw (monthly BMC dispensary records),2013,9
S,2013-09-01,235.0,7,Praja raw (monthly BMC dispensary records),2013,9
T,2013-09-01,161.0,3,Praja raw (monthly BMC dispensary records),2013,9
A,2013-10-01,159.0,5,Praja raw (monthly BMC dispensary records),2013,10
B,2013-10-01,157.0,3,Praja raw (monthly BMC dispensary records),2013,10
C,2013-10-01,238.0,5,Praja raw (monthly BMC dispensary records),2013,10
D,2013-10-01,443.0,5,Praja raw (monthly BMC dispensary records),2013,10
E,2013-10-01,202.0,11,Praja raw (monthly BMC dispensary records),2013,10
F/N,2013-10-01,122.0,6,Praja raw (monthly BMC dispensary records),2013,10
F/S,2013-10-01,270.0,9,Praja raw (monthly BMC dispensary records),2013,10
G/N,2013-10-01,261.0,8,Praja raw (monthly BMC dispensary records),2013,10
G/S,2013-10-01,309.0,12,Praja raw (monthly BMC dispensary records),2013,10
H/E,2013-10-01,525.0,6,Praja raw (monthly BMC dispensary records),2013,10
H/W,2013-10-01,204.0,5,Praja raw (monthly BMC dispensary records),2013,10
K/E,2013-10-01,523.0,10,Praja raw (monthly BMC dispensary records),2013,10
K/W,2013-10-01,301.0,5,Praja raw (monthly BMC dispensary records),2013,10
L,2013-10-01,869.0,12,Praja raw (monthly BMC dispensary records),2013,10
M/E,2013-10-01,230.0,6,Praja raw (monthly BMC dispensary records),2013,10
M/W,2013-10-01,208.0,5,Praja raw (monthly BMC dispensary records),2013,10
N,2013-10-01,522.0,7,Praja raw (monthly BMC dispensary records),2013,10
P/N,2013-10-01,384.0,8,Praja raw (monthly BMC dispensary records),2013,10
P/S,2013-10-01,87.0,2,Praja raw (monthly BMC dispensary records),2013,10
R/C,2013-10-01,301.0,6,Praja raw (monthly BMC dispensary records),2013,10
R/N,2013-10-01,54.0,2,Praja raw (monthly BMC dispensary records),2013,10
R/S,2013-10-01,122.0,5,Praja raw (monthly BMC dispensary records),2013,10
S,2013-10-01,254.0,7,Praja raw (monthly BMC dispensary records),2013,10
T,2013-10-01,200.0,3,Praja raw (monthly BMC dispensary records),2013,10
A,2013-11-01,143.0,5,Praja raw (monthly BMC dispensary records),2013,11
B,2013-11-01,161.0,4,Praja raw (monthly BMC dispensary records),2013,11
C,2013-11-01,250.0,5,Praja raw (monthly BMC dispensary records),2013,11
D,2013-11-01,422.0,5,Praja raw (monthly BMC dispensary records),2013,11
E,2013-11-01,206.0,11,Praja raw (monthly BMC dispensary records),2013,11
F/N,2013-11-01,181.0,6,Praja raw (monthly BMC dispensary records),2013,11
F/S,2013-11-01,316.0,9,Praja raw (monthly BMC dispensary records),2013,11
G/N,2013-11-01,248.0,8,Praja raw (monthly BMC dispensary records),2013,11
G/S,2013-11-01,360.0,12,Praja raw (monthly BMC dispensary records),2013,11
H/E,2013-11-01,599.0,6,Praja raw (monthly BMC dispensary records),2013,11
H/W,2013-11-01,213.0,5,Praja raw (monthly BMC dispensary records),2013,11
K/E,2013-11-01,577.0,10,Praja raw (monthly BMC dispensary records),2013,11
K/W,2013-11-01,305.0,5,Praja raw (monthly BMC dispensary records),2013,11
L,2013-11-01,857.0,12,Praja raw (monthly BMC dispensary records),2013,11
M/E,2013-11-01,240.0,6,Praja raw (monthly BMC dispensary records),2013,11
M/W,2013-11-01,189.0,5,Praja raw (monthly BMC dispensary records),2013,11
N,2013-11-01,499.0,7,Praja raw (monthly BMC dispensary records),2013,11
P/N,2013-11-01,310.0,8,Praja raw (monthly BMC dispensary records),2013,11
P/S,2013-11-01,84.0,2,Praja raw (monthly BMC dispensary records),2013,11
R/C,2013-11-01,322.0,6,Praja raw (monthly BMC dispensary records),2013,11
R/N,2013-11-01,57.0,2,Praja raw (monthly BMC dispensary records),2013,11
R/S,2013-11-01,84.0,5,Praja raw (monthly BMC dispensary records),2013,11
S,2013-11-01,271.0,7,Praja raw (monthly BMC dispensary records),2013,11
T,2013-11-01,185.0,3,Praja raw (monthly BMC dispensary records),2013,11
A,2013-12-01,136.0,5,Praja raw (monthly BMC dispensary records),2013,12
B,2013-12-01,144.0,4,Praja raw (monthly BMC dispensary records),2013,12
C,2013-12-01,209.0,5,Praja raw (monthly BMC dispensary records),2013,12
D,2013-12-01,369.0,5,Praja raw (monthly BMC dispensary records),2013,12
E,2013-12-01,190.0,11,Praja raw (monthly BMC dispensary records),2013,12
F/N,2013-12-01,98.0,6,Praja raw (monthly BMC dispensary records),2013,12
F/S,2013-12-01,381.0,9,Praja raw (monthly BMC dispensary records),2013,12
G/N,2013-12-01,214.0,8,Praja raw (monthly BMC dispensary records),2013,12
G/S,2013-12-01,377.0,12,Praja raw (monthly BMC dispensary records),2013,12
H/E,2013-12-01,533.0,6,Praja raw (monthly BMC dispensary records),2013,12
H/W,2013-12-01,150.0,5,Praja raw (monthly BMC dispensary records),2013,12
K/E,2013-12-01,386.0,10,Praja raw (monthly BMC dispensary records),2013,12
K/W,2013-12-01,330.0,5,Praja raw (monthly BMC dispensary records),2013,12
L,2013-12-01,803.0,12,Praja raw (monthly BMC dispensary records),2013,12
M/E,2013-12-01,240.0,6,Praja raw (monthly BMC dispensary records),2013,12
M/W,2013-12-01,175.0,5,Praja raw (monthly BMC dispensary records),2013,12
N,2013-12-01,477.0,7,Praja raw (monthly BMC dispensary records),2013,12
P/N,2013-12-01,285.0,8,Praja raw (monthly BMC dispensary records),2013,12
P/S,2013-12-01,89.0,2,Praja raw (monthly BMC dispensary records),2013,12
R/C,2013-12-01,335.0,6,Praja raw (monthly BMC dispensary records),2013,12
R/N,2013-12-01,56.0,2,Praja raw (monthly BMC dispensary records),2013,12
R/S,2013-12-01,82.0,5,Praja raw (monthly BMC dispensary records),2013,12
S,2013-12-01,312.0,7,Praja raw (monthly BMC dispensary records),2013,12
T,2013-12-01,211.0,3,Praja raw (monthly BMC dispensary records),2013,12
A,2014-01-01,151.0,5,Praja raw (monthly BMC dispensary records),2014,1
B,2014-01-01,100.0,5,Praja raw (monthly BMC dispensary records),2014,1
C,2014-01-01,170.0,5,Praja raw (monthly BMC dispensary records),2014,1
D,2014-01-01,389.0,5,Praja raw (monthly BMC dispensary records),2014,1
E,2014-01-01,196.0,12,Praja raw (monthly BMC dispensary records),2014,1
F/N,2014-01-01,113.0,6,Praja raw (monthly BMC dispensary records),2014,1
F/S,2014-01-01,353.0,9,Praja raw (monthly BMC dispensary records),2014,1
G/N,2014-01-01,246.0,8,Praja raw (monthly BMC dispensary records),2014,1
G/S,2014-01-01,370.0,12,Praja raw (monthly BMC dispensary records),2014,1
H/E,2014-01-01,668.0,6,Praja raw (monthly BMC dispensary records),2014,1
H/W,2014-01-01,163.0,5,Praja raw (monthly BMC dispensary records),2014,1
K/E,2014-01-01,900.0,10,Praja raw (monthly BMC dispensary records),2014,1
K/W,2014-01-01,369.0,7,Praja raw (monthly BMC dispensary records),2014,1
L,2014-01-01,728.0,12,Praja raw (monthly BMC dispensary records),2014,1
M/E,2014-01-01,290.0,6,Praja raw (monthly BMC dispensary records),2014,1
M/W,2014-01-01,198.0,5,Praja raw (monthly BMC dispensary records),2014,1
N,2014-01-01,627.0,7,Praja raw (monthly BMC dispensary records),2014,1
P/N,2014-01-01,321.0,8,Praja raw (monthly BMC dispensary records),2014,1
P/S,2014-01-01,99.0,2,Praja raw (monthly BMC dispensary records),2014,1
R/C,2014-01-01,366.0,6,Praja raw (monthly BMC dispensary records),2014,1
R/N,2014-01-01,61.0,2,Praja raw (monthly BMC dispensary records),2014,1
R/S,2014-01-01,79.0,5,Praja raw (monthly BMC dispensary records),2014,1
S,2014-01-01,294.0,7,Praja raw (monthly BMC dispensary records),2014,1
T,2014-01-01,145.0,3,Praja raw (monthly BMC dispensary records),2014,1
A,2014-02-01,122.0,4,Praja raw (monthly BMC dispensary records),2014,2
B,2014-02-01,171.0,4,Praja raw (monthly BMC dispensary records),2014,2
C,2014-02-01,138.0,5,Praja raw (monthly BMC dispensary records),2014,2
D,2014-02-01,354.0,5,Praja raw (monthly BMC dispensary records),2014,2
E,2014-02-01,167.0,10,Praja raw (monthly BMC dispensary records),2014,2
F/N,2014-02-01,101.0,6,Praja raw (monthly BMC dispensary records),2014,2
F/S,2014-02-01,367.0,9,Praja raw (monthly BMC dispensary records),2014,2
G/N,2014-02-01,193.0,8,Praja raw (monthly BMC dispensary records),2014,2
G/S,2014-02-01,385.0,12,Praja raw (monthly BMC dispensary records),2014,2
H/E,2014-02-01,499.0,6,Praja raw (monthly BMC dispensary records),2014,2
H/W,2014-02-01,150.0,5,Praja raw (monthly BMC dispensary records),2014,2
K/E,2014-02-01,781.0,10,Praja raw (monthly BMC dispensary records),2014,2
K/W,2014-02-01,300.0,7,Praja raw (monthly BMC dispensary records),2014,2
L,2014-02-01,692.0,12,Praja raw (monthly BMC dispensary records),2014,2
M/E,2014-02-01,221.0,6,Praja raw (monthly BMC dispensary records),2014,2
M/W,2014-02-01,146.0,5,Praja raw (monthly BMC dispensary records),2014,2
N,2014-02-01,613.0,7,Praja raw (monthly BMC dispensary records),2014,2
P/N,2014-02-01,252.0,8,Praja raw (monthly BMC dispensary records),2014,2
P/S,2014-02-01,103.0,2,Praja raw (monthly BMC dispensary records),2014,2
R/C,2014-02-01,329.0,6,Praja raw (monthly BMC dispensary records),2014,2
R/N,2014-02-01,45.0,2,Praja raw (monthly BMC dispensary records),2014,2
R/S,2014-02-01,84.0,5,Praja raw (monthly BMC dispensary records),2014,2
S,2014-02-01,301.0,7,Praja raw (monthly BMC dispensary records),2014,2
T,2014-02-01,133.0,3,Praja raw (monthly BMC dispensary records),2014,2
A,2014-03-01,112.0,4,Praja raw (monthly BMC dispensary records),2014,3
B,2014-03-01,167.0,3,Praja raw (monthly BMC dispensary records),2014,3
C,2014-03-01,161.0,5,Praja raw (monthly BMC dispensary records),2014,3
D,2014-03-01,358.0,5,Praja raw (monthly BMC dispensary records),2014,3
E,2014-03-01,156.0,9,Praja raw (monthly BMC dispensary records),2014,3
F/N,2014-03-01,88.0,6,Praja raw (monthly BMC dispensary records),2014,3
F/S,2014-03-01,323.0,9,Praja raw (monthly BMC dispensary records),2014,3
G/N,2014-03-01,190.0,8,Praja raw (monthly BMC dispensary records),2014,3
G/S,2014-03-01,391.0,12,Praja raw (monthly BMC dispensary records),2014,3
H/E,2014-03-01,520.0,6,Praja raw (monthly BMC dispensary records),2014,3
H/W,2014-03-01,160.0,5,Praja raw (monthly BMC dispensary records),2014,3
K/E,2014-03-01,829.0,10,Praja raw (monthly BMC dispensary records),2014,3
K/W,2014-03-01,271.0,7,Praja raw (monthly BMC dispensary records),2014,3
L,2014-03-01,849.0,12,Praja raw (monthly BMC dispensary records),2014,3
M/E,2014-03-01,216.0,6,Praja raw (monthly BMC dispensary records),2014,3
M/W,2014-03-01,155.0,5,Praja raw (monthly BMC dispensary records),2014,3
N,2014-03-01,626.0,7,Praja raw (monthly BMC dispensary records),2014,3
P/N,2014-03-01,216.0,8,Praja raw (monthly BMC dispensary records),2014,3
P/S,2014-03-01,68.0,2,Praja raw (monthly BMC dispensary records),2014,3
R/C,2014-03-01,330.0,6,Praja raw (monthly BMC dispensary records),2014,3
R/N,2014-03-01,35.0,2,Praja raw (monthly BMC dispensary records),2014,3
R/S,2014-03-01,84.0,5,Praja raw (monthly BMC dispensary records),2014,3
S,2014-03-01,221.0,7,Praja raw (monthly BMC dispensary records),2014,3
T,2014-03-01,150.0,3,Praja raw (monthly BMC dispensary records),2014,3
A,2014-04-01,127.0,5,Praja raw (monthly BMC dispensary records),2014,4
B,2014-04-01,159.0,4,Praja raw (monthly BMC dispensary records),2014,4
C,2014-04-01,190.0,5,Praja raw (monthly BMC dispensary records),2014,4
D,2014-04-01,382.0,5,Praja raw (monthly BMC dispensary records),2014,4
E,2014-04-01,166.0,11,Praja raw (monthly BMC dispensary records),2014,4
F/N,2014-04-01,135.0,6,Praja raw (monthly BMC dispensary records),2014,4
F/S,2014-04-01,230.0,8,Praja raw (monthly BMC dispensary records),2014,4
G/N,2014-04-01,179.0,8,Praja raw (monthly BMC dispensary records),2014,4
G/S,2014-04-01,386.0,12,Praja raw (monthly BMC dispensary records),2014,4
H/E,2014-04-01,540.0,6,Praja raw (monthly BMC dispensary records),2014,4
H/W,2014-04-01,125.0,5,Praja raw (monthly BMC dispensary records),2014,4
K/E,2014-04-01,680.0,10,Praja raw (monthly BMC dispensary records),2014,4
K/W,2014-04-01,246.0,6,Praja raw (monthly BMC dispensary records),2014,4
L,2014-04-01,717.0,12,Praja raw (monthly BMC dispensary records),2014,4
M/E,2014-04-01,190.0,6,Praja raw (monthly BMC dispensary records),2014,4
M/W,2014-04-01,158.0,5,Praja raw (monthly BMC dispensary records),2014,4
N,2014-04-01,591.0,7,Praja raw (monthly BMC dispensary records),2014,4
P/N,2014-04-01,185.0,8,Praja raw (monthly BMC dispensary records),2014,4
P/S,2014-04-01,77.0,2,Praja raw (monthly BMC dispensary records),2014,4
R/C,2014-04-01,265.0,6,Praja raw (monthly BMC dispensary records),2014,4
R/N,2014-04-01,36.0,2,Praja raw (monthly BMC dispensary records),2014,4
R/S,2014-04-01,66.0,5,Praja raw (monthly BMC dispensary records),2014,4
S,2014-04-01,297.0,6,Praja raw (monthly BMC dispensary records),2014,4
T,2014-04-01,121.0,3,Praja raw (monthly BMC dispensary records),2014,4
A,2014-05-01,129.0,5,Praja raw (monthly BMC dispensary records),2014,5
B,2014-05-01,184.0,4,Praja raw (monthly BMC dispensary records),2014,5
C,2014-05-01,252.0,5,Praja raw (monthly BMC dispensary records),2014,5
D,2014-05-01,379.0,5,Praja raw (monthly BMC dispensary records),2014,5
E,2014-05-01,238.0,11,Praja raw (monthly BMC dispensary records),2014,5
F/N,2014-05-01,154.0,6,Praja raw (monthly BMC dispensary records),2014,5
F/S,2014-05-01,221.0,8,Praja raw (monthly BMC dispensary records),2014,5
G/N,2014-05-01,171.0,8,Praja raw (monthly BMC dispensary records),2014,5
G/S,2014-05-01,354.0,12,Praja raw (monthly BMC dispensary records),2014,5
H/E,2014-05-01,595.0,7,Praja raw (monthly BMC dispensary records),2014,5
H/W,2014-05-01,197.0,5,Praja raw (monthly BMC dispensary records),2014,5
K/E,2014-05-01,730.0,10,Praja raw (monthly BMC dispensary records),2014,5
K/W,2014-05-01,325.0,6,Praja raw (monthly BMC dispensary records),2014,5
L,2014-05-01,835.0,12,Praja raw (monthly BMC dispensary records),2014,5
M/E,2014-05-01,195.0,6,Praja raw (monthly BMC dispensary records),2014,5
M/W,2014-05-01,154.0,5,Praja raw (monthly BMC dispensary records),2014,5
N,2014-05-01,431.0,7,Praja raw (monthly BMC dispensary records),2014,5
P/N,2014-05-01,249.0,8,Praja raw (monthly BMC dispensary records),2014,5
P/S,2014-05-01,89.0,2,Praja raw (monthly BMC dispensary records),2014,5
R/C,2014-05-01,240.0,6,Praja raw (monthly BMC dispensary records),2014,5
R/N,2014-05-01,61.0,2,Praja raw (monthly BMC dispensary records),2014,5
R/S,2014-05-01,71.0,5,Praja raw (monthly BMC dispensary records),2014,5
S,2014-05-01,239.0,6,Praja raw (monthly BMC dispensary records),2014,5
T,2014-05-01,153.0,3,Praja raw (monthly BMC dispensary records),2014,5
A,2014-06-01,187.0,5,Praja raw (monthly BMC dispensary records),2014,6
B,2014-06-01,175.0,4,Praja raw (monthly BMC dispensary records),2014,6
C,2014-06-01,302.0,5,Praja raw (monthly BMC dispensary records),2014,6
D,2014-06-01,413.0,5,Praja raw (monthly BMC dispensary records),2014,6
E,2014-06-01,165.0,10,Praja raw (monthly BMC dispensary records),2014,6
F/N,2014-06-01,99.0,6,Praja raw (monthly BMC dispensary records),2014,6
F/S,2014-06-01,256.0,9,Praja raw (monthly BMC dispensary records),2014,6
G/N,2014-06-01,209.0,8,Praja raw (monthly BMC dispensary records),2014,6
G/S,2014-06-01,391.0,12,Praja raw (monthly BMC dispensary records),2014,6
H/E,2014-06-01,548.0,6,Praja raw (monthly BMC dispensary records),2014,6
H/W,2014-06-01,146.0,5,Praja raw (monthly BMC dispensary records),2014,6
K/E,2014-06-01,845.0,10,Praja raw (monthly BMC dispensary records),2014,6
K/W,2014-06-01,294.0,7,Praja raw (monthly BMC dispensary records),2014,6
L,2014-06-01,688.0,12,Praja raw (monthly BMC dispensary records),2014,6
M/E,2014-06-01,262.0,6,Praja raw (monthly BMC dispensary records),2014,6
M/W,2014-06-01,152.0,5,Praja raw (monthly BMC dispensary records),2014,6
N,2014-06-01,591.0,7,Praja raw (monthly BMC dispensary records),2014,6
P/N,2014-06-01,228.0,8,Praja raw (monthly BMC dispensary records),2014,6
P/S,2014-06-01,93.0,2,Praja raw (monthly BMC dispensary records),2014,6
R/C,2014-06-01,248.0,6,Praja raw (monthly BMC dispensary records),2014,6
R/N,2014-06-01,52.0,2,Praja raw (monthly BMC dispensary records),2014,6
R/S,2014-06-01,96.0,5,Praja raw (monthly BMC dispensary records),2014,6
S,2014-06-01,242.0,6,Praja raw (monthly BMC dispensary records),2014,6
T,2014-06-01,177.0,3,Praja raw (monthly BMC dispensary records),2014,6
A,2014-07-01,257.0,5,Praja raw (monthly BMC dispensary records),2014,7
B,2014-07-01,171.0,4,Praja raw (monthly BMC dispensary records),2014,7
C,2014-07-01,364.0,5,Praja raw (monthly BMC dispensary records),2014,7
D,2014-07-01,739.0,5,Praja raw (monthly BMC dispensary records),2014,7
E,2014-07-01,444.0,11,Praja raw (monthly BMC dispensary records),2014,7
F/N,2014-07-01,172.0,6,Praja raw (monthly BMC dispensary records),2014,7
F/S,2014-07-01,417.0,9,Praja raw (monthly BMC dispensary records),2014,7
G/N,2014-07-01,335.0,8,Praja raw (monthly BMC dispensary records),2014,7
G/S,2014-07-01,623.0,12,Praja raw (monthly BMC dispensary records),2014,7
H/E,2014-07-01,780.0,7,Praja raw (monthly BMC dispensary records),2014,7
H/W,2014-07-01,141.0,5,Praja raw (monthly BMC dispensary records),2014,7
K/E,2014-07-01,1039.0,10,Praja raw (monthly BMC dispensary records),2014,7
K/W,2014-07-01,420.0,7,Praja raw (monthly BMC dispensary records),2014,7
L,2014-07-01,1144.0,12,Praja raw (monthly BMC dispensary records),2014,7
M/E,2014-07-01,337.0,6,Praja raw (monthly BMC dispensary records),2014,7
M/W,2014-07-01,264.0,5,Praja raw (monthly BMC dispensary records),2014,7
N,2014-07-01,1225.0,7,Praja raw (monthly BMC dispensary records),2014,7
P/N,2014-07-01,369.0,8,Praja raw (monthly BMC dispensary records),2014,7
P/S,2014-07-01,132.0,2,Praja raw (monthly BMC dispensary records),2014,7
R/C,2014-07-01,387.0,6,Praja raw (monthly BMC dispensary records),2014,7
R/N,2014-07-01,89.0,3,Praja raw (monthly BMC dispensary records),2014,7
R/S,2014-07-01,161.0,5,Praja raw (monthly BMC dispensary records),2014,7
S,2014-07-01,307.0,5,Praja raw (monthly BMC dispensary records),2014,7
T,2014-07-01,255.0,3,Praja raw (monthly BMC dispensary records),2014,7
A,2014-08-01,221.0,5,Praja raw (monthly BMC dispensary records),2014,8
B,2014-08-01,161.0,3,Praja raw (monthly BMC dispensary records),2014,8
C,2014-08-01,298.0,5,Praja raw (monthly BMC dispensary records),2014,8
D,2014-08-01,454.0,5,Praja raw (monthly BMC dispensary records),2014,8
E,2014-08-01,241.0,11,Praja raw (monthly BMC dispensary records),2014,8
F/N,2014-08-01,187.0,6,Praja raw (monthly BMC dispensary records),2014,8
F/S,2014-08-01,314.0,9,Praja raw (monthly BMC dispensary records),2014,8
G/N,2014-08-01,295.0,8,Praja raw (monthly BMC dispensary records),2014,8
G/S,2014-08-01,452.0,12,Praja raw (monthly BMC dispensary records),2014,8
H/E,2014-08-01,609.0,6,Praja raw (monthly BMC dispensary records),2014,8
H/W,2014-08-01,161.0,5,Praja raw (monthly BMC dispensary records),2014,8
K/E,2014-08-01,902.0,10,Praja raw (monthly BMC dispensary records),2014,8
K/W,2014-08-01,172.0,7,Praja raw (monthly BMC dispensary records),2014,8
L,2014-08-01,924.0,12,Praja raw (monthly BMC dispensary records),2014,8
M/E,2014-08-01,382.0,7,Praja raw (monthly BMC dispensary records),2014,8
M/W,2014-08-01,182.0,5,Praja raw (monthly BMC dispensary records),2014,8
N,2014-08-01,772.0,7,Praja raw (monthly BMC dispensary records),2014,8
P/N,2014-08-01,285.0,8,Praja raw (monthly BMC dispensary records),2014,8
P/S,2014-08-01,100.0,2,Praja raw (monthly BMC dispensary records),2014,8
R/C,2014-08-01,340.0,6,Praja raw (monthly BMC dispensary records),2014,8
R/N,2014-08-01,89.0,4,Praja raw (monthly BMC dispensary records),2014,8
R/S,2014-08-01,149.0,5,Praja raw (monthly BMC dispensary records),2014,8
S,2014-08-01,448.0,7,Praja raw (monthly BMC dispensary records),2014,8
T,2014-08-01,201.0,3,Praja raw (monthly BMC dispensary records),2014,8
A,2014-09-01,160.0,5,Praja raw (monthly BMC dispensary records),2014,9
B,2014-09-01,178.0,4,Praja raw (monthly BMC dispensary records),2014,9
C,2014-09-01,270.0,5,Praja raw (monthly BMC dispensary records),2014,9
D,2014-09-01,428.0,5,Praja raw (monthly BMC dispensary records),2014,9
E,2014-09-01,240.0,9,Praja raw (monthly BMC dispensary records),2014,9
F/N,2014-09-01,212.0,6,Praja raw (monthly BMC dispensary records),2014,9
F/S,2014-09-01,321.0,9,Praja raw (monthly BMC dispensary records),2014,9
G/N,2014-09-01,312.0,8,Praja raw (monthly BMC dispensary records),2014,9
G/S,2014-09-01,385.0,12,Praja raw (monthly BMC dispensary records),2014,9
H/E,2014-09-01,631.0,6,Praja raw (monthly BMC dispensary records),2014,9
H/W,2014-09-01,200.0,5,Praja raw (monthly BMC dispensary records),2014,9
K/E,2014-09-01,857.0,10,Praja raw (monthly BMC dispensary records),2014,9
K/W,2014-09-01,133.0,7,Praja raw (monthly BMC dispensary records),2014,9
L,2014-09-01,863.0,12,Praja raw (monthly BMC dispensary records),2014,9
M/E,2014-09-01,542.0,9,Praja raw (monthly BMC dispensary records),2014,9
M/W,2014-09-01,128.0,5,Praja raw (monthly BMC dispensary records),2014,9
N,2014-09-01,735.0,7,Praja raw (monthly BMC dispensary records),2014,9
P/N,2014-09-01,253.0,8,Praja raw (monthly BMC dispensary records),2014,9
P/S,2014-09-01,98.0,2,Praja raw (monthly BMC dispensary records),2014,9
R/C,2014-09-01,363.0,6,Praja raw (monthly BMC dispensary records),2014,9
R/N,2014-09-01,87.0,4,Praja raw (monthly BMC dispensary records),2014,9
R/S,2014-09-01,109.0,5,Praja raw (monthly BMC dispensary records),2014,9
S,2014-09-01,379.0,7,Praja raw (monthly BMC dispensary records),2014,9
T,2014-09-01,164.0,3,Praja raw (monthly BMC dispensary records),2014,9
A,2014-10-01,128.0,5,Praja raw (monthly BMC dispensary records),2014,10
B,2014-10-01,176.0,4,Praja raw (monthly BMC dispensary records),2014,10
C,2014-10-01,284.0,5,Praja raw (monthly BMC dispensary records),2014,10
D,2014-10-01,387.0,5,Praja raw (monthly BMC dispensary records),2014,10
E,2014-10-01,162.0,11,Praja raw (monthly BMC dispensary records),2014,10
F/N,2014-10-01,109.0,6,Praja raw (monthly BMC dispensary records),2014,10
F/S,2014-10-01,281.0,9,Praja raw (monthly BMC dispensary records),2014,10
G/N,2014-10-01,258.0,8,Praja raw (monthly BMC dispensary records),2014,10
G/S,2014-10-01,311.0,12,Praja raw (monthly BMC dispensary records),2014,10
H/E,2014-10-01,578.0,6,Praja raw (monthly BMC dispensary records),2014,10
H/W,2014-10-01,201.0,5,Praja raw (monthly BMC dispensary records),2014,10
K/E,2014-10-01,753.0,10,Praja raw (monthly BMC dispensary records),2014,10
K/W,2014-10-01,130.0,7,Praja raw (monthly BMC dispensary records),2014,10
L,2014-10-01,794.0,12,Praja raw (monthly BMC dispensary records),2014,10
M/E,2014-10-01,580.0,9,Praja raw (monthly BMC dispensary records),2014,10
M/W,2014-10-01,124.0,5,Praja raw (monthly BMC dispensary records),2014,10
N,2014-10-01,639.0,7,Praja raw (monthly BMC dispensary records),2014,10
P/N,2014-10-01,193.0,8,Praja raw (monthly BMC dispensary records),2014,10
P/S,2014-10-01,52.0,2,Praja raw (monthly BMC dispensary records),2014,10
R/C,2014-10-01,298.0,6,Praja raw (monthly BMC dispensary records),2014,10
R/N,2014-10-01,48.0,4,Praja raw (monthly BMC dispensary records),2014,10
R/S,2014-10-01,110.0,5,Praja raw (monthly BMC dispensary records),2014,10
S,2014-10-01,312.0,7,Praja raw (monthly BMC dispensary records),2014,10
T,2014-10-01,173.0,3,Praja raw (monthly BMC dispensary records),2014,10
A,2014-11-01,122.0,5,Praja raw (monthly BMC dispensary records),2014,11
B,2014-11-01,140.0,3,Praja raw (monthly BMC dispensary records),2014,11
C,2014-11-01,258.0,5,Praja raw (monthly BMC dispensary records),2014,11
D,2014-11-01,373.0,5,Praja raw (monthly BMC dispensary records),2014,11
E,2014-11-01,215.0,11,Praja raw (monthly BMC dispensary records),2014,11
F/N,2014-11-01,100.0,6,Praja raw (monthly BMC dispensary records),2014,11
F/S,2014-11-01,283.0,9,Praja raw (monthly BMC dispensary records),2014,11
G/N,2014-11-01,228.0,8,Praja raw (monthly BMC dispensary records),2014,11
G/S,2014-11-01,352.0,12,Praja raw (monthly BMC dispensary records),2014,11
H/E,2014-11-01,428.0,6,Praja raw (monthly BMC dispensary records),2014,11
H/W,2014-11-01,146.0,5,Praja raw (monthly BMC dispensary records),2014,11
K/E,2014-11-01,732.0,10,Praja raw (monthly BMC dispensary records),2014,11
K/W,2014-11-01,100.0,7,Praja raw (monthly BMC dispensary records),2014,11
L,2014-11-01,818.0,12,Praja raw (monthly BMC dispensary records),2014,11
M/E,2014-11-01,514.0,9,Praja raw (monthly BMC dispensary records),2014,11
M/W,2014-11-01,140.0,5,Praja raw (monthly BMC dispensary records),2014,11
N,2014-11-01,662.0,7,Praja raw (monthly BMC dispensary records),2014,11
P/N,2014-11-01,215.0,8,Praja raw (monthly BMC dispensary records),2014,11
P/S,2014-11-01,61.0,2,Praja raw (monthly BMC dispensary records),2014,11
R/C,2014-11-01,325.0,6,Praja raw (monthly BMC dispensary records),2014,11
R/N,2014-11-01,91.0,4,Praja raw (monthly BMC dispensary records),2014,11
R/S,2014-11-01,102.0,5,Praja raw (monthly BMC dispensary records),2014,11
S,2014-11-01,355.0,7,Praja raw (monthly BMC dispensary records),2014,11
T,2014-11-01,172.0,3,Praja raw (monthly BMC dispensary records),2014,11
A,2014-12-01,142.0,5,Praja raw (monthly BMC dispensary records),2014,12
B,2014-12-01,119.0,4,Praja raw (monthly BMC dispensary records),2014,12
C,2014-12-01,237.0,5,Praja raw (monthly BMC dispensary records),2014,12
D,2014-12-01,392.0,5,Praja raw (monthly BMC dispensary records),2014,12
E,2014-12-01,196.0,10,Praja raw (monthly BMC dispensary records),2014,12
F/N,2014-12-01,126.0,6,Praja raw (monthly BMC dispensary records),2014,12
F/S,2014-12-01,316.0,9,Praja raw (monthly BMC dispensary records),2014,12
G/N,2014-12-01,221.0,8,Praja raw (monthly BMC dispensary records),2014,12
G/S,2014-12-01,392.0,11,Praja raw (monthly BMC dispensary records),2014,12
H/E,2014-12-01,542.0,7,Praja raw (monthly BMC dispensary records),2014,12
H/W,2014-12-01,173.0,5,Praja raw (monthly BMC dispensary records),2014,12
K/E,2014-12-01,880.0,10,Praja raw (monthly BMC dispensary records),2014,12
K/W,2014-12-01,288.0,7,Praja raw (monthly BMC dispensary records),2014,12
L,2014-12-01,780.0,12,Praja raw (monthly BMC dispensary records),2014,12
M/E,2014-12-01,733.0,9,Praja raw (monthly BMC dispensary records),2014,12
M/W,2014-12-01,130.0,5,Praja raw (monthly BMC dispensary records),2014,12
N,2014-12-01,699.0,7,Praja raw (monthly BMC dispensary records),2014,12
P/N,2014-12-01,250.0,8,Praja raw (monthly BMC dispensary records),2014,12
P/S,2014-12-01,74.0,2,Praja raw (monthly BMC dispensary records),2014,12
R/C,2014-12-01,358.0,6,Praja raw (monthly BMC dispensary records),2014,12
R/N,2014-12-01,52.0,3,Praja raw (monthly BMC dispensary records),2014,12
R/S,2014-12-01,133.0,5,Praja raw (monthly BMC dispensary records),2014,12
S,2014-12-01,355.0,7,Praja raw (monthly BMC dispensary records),2014,12
T,2014-12-01,205.0,3,Praja raw (monthly BMC dispensary records),2014,12
A,2015-01-01,145.0,5,Praja raw (monthly BMC dispensary records),2015,1
B,2015-01-01,114.0,4,Praja raw (monthly BMC dispensary records),2015,1
C,2015-01-01,218.0,5,Praja raw (monthly BMC dispensary records),2015,1
D,2015-01-01,376.0,5,Praja raw (monthly BMC dispensary records),2015,1
E,2015-01-01,219.0,10,Praja raw (monthly BMC dispensary records),2015,1
F/N,2015-01-01,136.0,6,Praja raw (monthly BMC dispensary records),2015,1
F/S,2015-01-01,338.0,9,Praja raw (monthly BMC dispensary records),2015,1
G/N,2015-01-01,228.0,8,Praja raw (monthly BMC dispensary records),2015,1
G/S,2015-01-01,365.0,10,Praja raw (monthly BMC dispensary records),2015,1
H/E,2015-01-01,497.0,7,Praja raw (monthly BMC dispensary records),2015,1
H/W,2015-01-01,270.0,5,Praja raw (monthly BMC dispensary records),2015,1
K/E,2015-01-01,870.0,10,Praja raw (monthly BMC dispensary records),2015,1
K/W,2015-01-01,203.0,7,Praja raw (monthly BMC dispensary records),2015,1
L,2015-01-01,859.0,12,Praja raw (monthly BMC dispensary records),2015,1
M/E,2015-01-01,718.0,9,Praja raw (monthly BMC dispensary records),2015,1
M/W,2015-01-01,152.0,5,Praja raw (monthly BMC dispensary records),2015,1
N,2015-01-01,589.0,7,Praja raw (monthly BMC dispensary records),2015,1
P/N,2015-01-01,231.0,8,Praja raw (monthly BMC dispensary records),2015,1
P/S,2015-01-01,64.0,2,Praja raw (monthly BMC dispensary records),2015,1
R/C,2015-01-01,339.0,6,Praja raw (monthly BMC dispensary records),2015,1
R/N,2015-01-01,63.0,4,Praja raw (monthly BMC dispensary records),2015,1
R/S,2015-01-01,125.0,5,Praja raw (monthly BMC dispensary records),2015,1
S,2015-01-01,417.0,7,Praja raw (monthly BMC dispensary records),2015,1
T,2015-01-01,168.0,3,Praja raw (monthly BMC dispensary records),2015,1
A,2015-02-01,114.0,4,Praja raw (monthly BMC dispensary records),2015,2
B,2015-02-01,95.0,3,Praja raw (monthly BMC dispensary records),2015,2
C,2015-02-01,188.0,5,Praja raw (monthly BMC dispensary records),2015,2
D,2015-02-01,434.0,6,Praja raw (monthly BMC dispensary records),2015,2
E,2015-02-01,219.0,10,Praja raw (monthly BMC dispensary records),2015,2
F/N,2015-02-01,111.0,6,Praja raw (monthly BMC dispensary records),2015,2
F/S,2015-02-01,335.0,9,Praja raw (monthly BMC dispensary records),2015,2
G/N,2015-02-01,223.0,8,Praja raw (monthly BMC dispensary records),2015,2
G/S,2015-02-01,375.0,10,Praja raw (monthly BMC dispensary records),2015,2
H/E,2015-02-01,544.0,7,Praja raw (monthly BMC dispensary records),2015,2
H/W,2015-02-01,173.0,5,Praja raw (monthly BMC dispensary records),2015,2
K/E,2015-02-01,942.0,10,Praja raw (monthly BMC dispensary records),2015,2
K/W,2015-02-01,198.0,6,Praja raw (monthly BMC dispensary records),2015,2
L,2015-02-01,804.0,12,Praja raw (monthly BMC dispensary records),2015,2
M/E,2015-02-01,714.0,9,Praja raw (monthly BMC dispensary records),2015,2
M/W,2015-02-01,131.0,5,Praja raw (monthly BMC dispensary records),2015,2
N,2015-02-01,621.0,7,Praja raw (monthly BMC dispensary records),2015,2
P/N,2015-02-01,230.0,8,Praja raw (monthly BMC dispensary records),2015,2
P/S,2015-02-01,57.0,2,Praja raw (monthly BMC dispensary records),2015,2
R/C,2015-02-01,361.0,6,Praja raw (monthly BMC dispensary records),2015,2
R/N,2015-02-01,88.0,4,Praja raw (monthly BMC dispensary records),2015,2
R/S,2015-02-01,92.0,5,Praja raw (monthly BMC dispensary records),2015,2
S,2015-02-01,359.0,7,Praja raw (monthly BMC dispensary records),2015,2
T,2015-02-01,120.0,3,Praja raw (monthly BMC dispensary records),2015,2
A,2015-03-01,85.0,4,Praja raw (monthly BMC dispensary records),2015,3
B,2015-03-01,111.0,5,Praja raw (monthly BMC dispensary records),2015,3
C,2015-03-01,224.0,5,Praja raw (monthly BMC dispensary records),2015,3
D,2015-03-01,459.0,6,Praja raw (monthly BMC dispensary records),2015,3
E,2015-03-01,253.0,10,Praja raw (monthly BMC dispensary records),2015,3
F/N,2015-03-01,139.0,6,Praja raw (monthly BMC dispensary records),2015,3
F/S,2015-03-01,322.0,9,Praja raw (monthly BMC dispensary records),2015,3
G/N,2015-03-01,232.0,8,Praja raw (monthly BMC dispensary records),2015,3
G/S,2015-03-01,343.0,11,Praja raw (monthly BMC dispensary records),2015,3
H/E,2015-03-01,592.0,7,Praja raw (monthly BMC dispensary records),2015,3
H/W,2015-03-01,171.0,5,Praja raw (monthly BMC dispensary records),2015,3
K/E,2015-03-01,817.0,10,Praja raw (monthly BMC dispensary records),2015,3
K/W,2015-03-01,265.0,6,Praja raw (monthly BMC dispensary records),2015,3
L,2015-03-01,813.0,12,Praja raw (monthly BMC dispensary records),2015,3
M/E,2015-03-01,727.0,9,Praja raw (monthly BMC dispensary records),2015,3
M/W,2015-03-01,141.0,5,Praja raw (monthly BMC dispensary records),2015,3
N,2015-03-01,585.0,7,Praja raw (monthly BMC dispensary records),2015,3
P/N,2015-03-01,223.0,8,Praja raw (monthly BMC dispensary records),2015,3
P/S,2015-03-01,52.0,2,Praja raw (monthly BMC dispensary records),2015,3
R/C,2015-03-01,327.0,6,Praja raw (monthly BMC dispensary records),2015,3
R/N,2015-03-01,67.0,3,Praja raw (monthly BMC dispensary records),2015,3
R/S,2015-03-01,125.0,5,Praja raw (monthly BMC dispensary records),2015,3
S,2015-03-01,398.0,7,Praja raw (monthly BMC dispensary records),2015,3
T,2015-03-01,158.0,3,Praja raw (monthly BMC dispensary records),2015,3
A,2015-04-01,122.0,5,Praja raw (monthly BMC dispensary records),2015,4
B,2015-04-01,129.0,4,Praja raw (monthly BMC dispensary records),2015,4
C,2015-04-01,252.0,5,Praja raw (monthly BMC dispensary records),2015,4
D,2015-04-01,481.0,6,Praja raw (monthly BMC dispensary records),2015,4
E,2015-04-01,220.0,9,Praja raw (monthly BMC dispensary records),2015,4
F/N,2015-04-01,119.0,6,Praja raw (monthly BMC dispensary records),2015,4
F/S,2015-04-01,291.0,8,Praja raw (monthly BMC dispensary records),2015,4
G/N,2015-04-01,250.0,8,Praja raw (monthly BMC dispensary records),2015,4
G/S,2015-04-01,365.0,11,Praja raw (monthly BMC dispensary records),2015,4
H/E,2015-04-01,559.0,7,Praja raw (monthly BMC dispensary records),2015,4
H/W,2015-04-01,177.0,5,Praja raw (monthly BMC dispensary records),2015,4
K/E,2015-04-01,585.0,10,Praja raw (monthly BMC dispensary records),2015,4
K/W,2015-04-01,218.0,7,Praja raw (monthly BMC dispensary records),2015,4
L,2015-04-01,881.0,12,Praja raw (monthly BMC dispensary records),2015,4
M/E,2015-04-01,799.0,9,Praja raw (monthly BMC dispensary records),2015,4
M/W,2015-04-01,148.0,5,Praja raw (monthly BMC dispensary records),2015,4
N,2015-04-01,628.0,7,Praja raw (monthly BMC dispensary records),2015,4
P/N,2015-04-01,248.0,9,Praja raw (monthly BMC dispensary records),2015,4
P/S,2015-04-01,46.0,2,Praja raw (monthly BMC dispensary records),2015,4
R/C,2015-04-01,264.0,6,Praja raw (monthly BMC dispensary records),2015,4
R/N,2015-04-01,244.0,4,Praja raw (monthly BMC dispensary records),2015,4
R/S,2015-04-01,101.0,5,Praja raw (monthly BMC dispensary records),2015,4
S,2015-04-01,454.0,7,Praja raw (monthly BMC dispensary records),2015,4
T,2015-04-01,162.0,3,Praja raw (monthly BMC dispensary records),2015,4
A,2015-05-01,104.0,5,Praja raw (monthly BMC dispensary records),2015,5
B,2015-05-01,116.0,4,Praja raw (monthly BMC dispensary records),2015,5
C,2015-05-01,229.0,5,Praja raw (monthly BMC dispensary records),2015,5
D,2015-05-01,398.0,6,Praja raw (monthly BMC dispensary records),2015,5
E,2015-05-01,201.0,9,Praja raw (monthly BMC dispensary records),2015,5
F/N,2015-05-01,107.0,6,Praja raw (monthly BMC dispensary records),2015,5
F/S,2015-05-01,279.0,8,Praja raw (monthly BMC dispensary records),2015,5
G/N,2015-05-01,243.0,8,Praja raw (monthly BMC dispensary records),2015,5
G/S,2015-05-01,348.0,11,Praja raw (monthly BMC dispensary records),2015,5
H/E,2015-05-01,557.0,7,Praja raw (monthly BMC dispensary records),2015,5
H/W,2015-05-01,174.0,5,Praja raw (monthly BMC dispensary records),2015,5
K/E,2015-05-01,620.0,10,Praja raw (monthly BMC dispensary records),2015,5
K/W,2015-05-01,199.0,7,Praja raw (monthly BMC dispensary records),2015,5
L,2015-05-01,847.0,12,Praja raw (monthly BMC dispensary records),2015,5
M/E,2015-05-01,644.0,9,Praja raw (monthly BMC dispensary records),2015,5
M/W,2015-05-01,133.0,5,Praja raw (monthly BMC dispensary records),2015,5
N,2015-05-01,645.0,7,Praja raw (monthly BMC dispensary records),2015,5
P/N,2015-05-01,222.0,9,Praja raw (monthly BMC dispensary records),2015,5
P/S,2015-05-01,50.0,2,Praja raw (monthly BMC dispensary records),2015,5
R/C,2015-05-01,212.0,6,Praja raw (monthly BMC dispensary records),2015,5
R/N,2015-05-01,156.0,4,Praja raw (monthly BMC dispensary records),2015,5
R/S,2015-05-01,79.0,5,Praja raw (monthly BMC dispensary records),2015,5
S,2015-05-01,425.0,7,Praja raw (monthly BMC dispensary records),2015,5
T,2015-05-01,184.0,3,Praja raw (monthly BMC dispensary records),2015,5
A,2015-06-01,172.0,5,Praja raw (monthly BMC dispensary records),2015,6
B,2015-06-01,165.0,4,Praja raw (monthly BMC dispensary records),2015,6
C,2015-06-01,288.0,5,Praja raw (monthly BMC dispensary records),2015,6
D,2015-06-01,480.0,6,Praja raw (monthly BMC dispensary records),2015,6
E,2015-06-01,270.0,9,Praja raw (monthly BMC dispensary records),2015,6
F/N,2015-06-01,93.0,6,Praja raw (monthly BMC dispensary records),2015,6
F/S,2015-06-01,356.0,8,Praja raw (monthly BMC dispensary records),2015,6
G/N,2015-06-01,326.0,8,Praja raw (monthly BMC dispensary records),2015,6
G/S,2015-06-01,519.0,11,Praja raw (monthly BMC dispensary records),2015,6
H/E,2015-06-01,771.0,7,Praja raw (monthly BMC dispensary records),2015,6
H/W,2015-06-01,121.0,5,Praja raw (monthly BMC dispensary records),2015,6
K/E,2015-06-01,625.0,10,Praja raw (monthly BMC dispensary records),2015,6
K/W,2015-06-01,216.0,7,Praja raw (monthly BMC dispensary records),2015,6
L,2015-06-01,1028.0,12,Praja raw (monthly BMC dispensary records),2015,6
M/E,2015-06-01,660.0,9,Praja raw (monthly BMC dispensary records),2015,6
M/W,2015-06-01,161.0,5,Praja raw (monthly BMC dispensary records),2015,6
N,2015-06-01,737.0,7,Praja raw (monthly BMC dispensary records),2015,6
P/N,2015-06-01,300.0,8,Praja raw (monthly BMC dispensary records),2015,6
P/S,2015-06-01,56.0,2,Praja raw (monthly BMC dispensary records),2015,6
R/C,2015-06-01,245.0,6,Praja raw (monthly BMC dispensary records),2015,6
R/N,2015-06-01,235.0,4,Praja raw (monthly BMC dispensary records),2015,6
R/S,2015-06-01,138.0,5,Praja raw (monthly BMC dispensary records),2015,6
S,2015-06-01,431.0,7,Praja raw (monthly BMC dispensary records),2015,6
T,2015-06-01,193.0,3,Praja raw (monthly BMC dispensary records),2015,6
A,2015-07-01,222.0,5,Praja raw (monthly BMC dispensary records),2015,7
B,2015-07-01,90.0,3,Praja raw (monthly BMC dispensary records),2015,7
C,2015-07-01,385.0,5,Praja raw (monthly BMC dispensary records),2015,7
D,2015-07-01,697.0,6,Praja raw (monthly BMC dispensary records),2015,7
E,2015-07-01,369.0,9,Praja raw (monthly BMC dispensary records),2015,7
F/N,2015-07-01,149.0,6,Praja raw (monthly BMC dispensary records),2015,7
F/S,2015-07-01,479.0,9,Praja raw (monthly BMC dispensary records),2015,7
G/N,2015-07-01,438.0,8,Praja raw (monthly BMC dispensary records),2015,7
G/S,2015-07-01,723.0,11,Praja raw (monthly BMC dispensary records),2015,7
H/E,2015-07-01,929.0,7,Praja raw (monthly BMC dispensary records),2015,7
H/W,2015-07-01,287.0,5,Praja raw (monthly BMC dispensary records),2015,7
K/E,2015-07-01,676.0,10,Praja raw (monthly BMC dispensary records),2015,7
K/W,2015-07-01,267.0,7,Praja raw (monthly BMC dispensary records),2015,7
L,2015-07-01,1407.0,12,Praja raw (monthly BMC dispensary records),2015,7
M/E,2015-07-01,1599.0,9,Praja raw (monthly BMC dispensary records),2015,7
M/W,2015-07-01,212.0,5,Praja raw (monthly BMC dispensary records),2015,7
N,2015-07-01,1308.0,7,Praja raw (monthly BMC dispensary records),2015,7
P/N,2015-07-01,429.0,8,Praja raw (monthly BMC dispensary records),2015,7
P/S,2015-07-01,87.0,2,Praja raw (monthly BMC dispensary records),2015,7
R/C,2015-07-01,386.0,6,Praja raw (monthly BMC dispensary records),2015,7
R/N,2015-07-01,490.0,4,Praja raw (monthly BMC dispensary records),2015,7
R/S,2015-07-01,200.0,5,Praja raw (monthly BMC dispensary records),2015,7
S,2015-07-01,590.0,7,Praja raw (monthly BMC dispensary records),2015,7
T,2015-07-01,313.0,3,Praja raw (monthly BMC dispensary records),2015,7
A,2015-08-01,105.0,5,Praja raw (monthly BMC dispensary records),2015,8
B,2015-08-01,216.0,3,Praja raw (monthly BMC dispensary records),2015,8
C,2015-08-01,218.0,5,Praja raw (monthly BMC dispensary records),2015,8
D,2015-08-01,683.0,6,Praja raw (monthly BMC dispensary records),2015,8
E,2015-08-01,298.0,10,Praja raw (monthly BMC dispensary records),2015,8
F/N,2015-08-01,209.0,6,Praja raw (monthly BMC dispensary records),2015,8
F/S,2015-08-01,421.0,8,Praja raw (monthly BMC dispensary records),2015,8
G/N,2015-08-01,278.0,8,Praja raw (monthly BMC dispensary records),2015,8
G/S,2015-08-01,542.0,11,Praja raw (monthly BMC dispensary records),2015,8
H/E,2015-08-01,628.0,7,Praja raw (monthly BMC dispensary records),2015,8
H/W,2015-08-01,221.0,5,Praja raw (monthly BMC dispensary records),2015,8
K/E,2015-08-01,721.0,10,Praja raw (monthly BMC dispensary records),2015,8
K/W,2015-08-01,201.0,7,Praja raw (monthly BMC dispensary records),2015,8
L,2015-08-01,1194.0,12,Praja raw (monthly BMC dispensary records),2015,8
M/E,2015-08-01,1385.0,9,Praja raw (monthly BMC dispensary records),2015,8
M/W,2015-08-01,224.0,5,Praja raw (monthly BMC dispensary records),2015,8
N,2015-08-01,1086.0,7,Praja raw (monthly BMC dispensary records),2015,8
P/N,2015-08-01,366.0,7,Praja raw (monthly BMC dispensary records),2015,8
P/S,2015-08-01,53.0,2,Praja raw (monthly BMC dispensary records),2015,8
R/C,2015-08-01,375.0,6,Praja raw (monthly BMC dispensary records),2015,8
R/N,2015-08-01,163.0,4,Praja raw (monthly BMC dispensary records),2015,8
R/S,2015-08-01,162.0,5,Praja raw (monthly BMC dispensary records),2015,8
S,2015-08-01,403.0,7,Praja raw (monthly BMC dispensary records),2015,8
T,2015-08-01,247.0,3,Praja raw (monthly BMC dispensary records),2015,8
A,2015-09-01,91.0,5,Praja raw (monthly BMC dispensary records),2015,9
B,2015-09-01,138.0,3,Praja raw (monthly BMC dispensary records),2015,9
C,2015-09-01,227.0,5,Praja raw (monthly BMC dispensary records),2015,9
D,2015-09-01,710.0,6,Praja raw (monthly BMC dispensary records),2015,9
E,2015-09-01,315.0,8,Praja raw (monthly BMC dispensary records),2015,9
F/N,2015-09-01,175.0,6,Praja raw (monthly BMC dispensary records),2015,9
F/S,2015-09-01,351.0,8,Praja raw (monthly BMC dispensary records),2015,9
G/N,2015-09-01,303.0,8,Praja raw (monthly BMC dispensary records),2015,9
G/S,2015-09-01,477.0,11,Praja raw (monthly BMC dispensary records),2015,9
H/E,2015-09-01,603.0,7,Praja raw (monthly BMC dispensary records),2015,9
H/W,2015-09-01,222.0,5,Praja raw (monthly BMC dispensary records),2015,9
K/E,2015-09-01,771.0,10,Praja raw (monthly BMC dispensary records),2015,9
K/W,2015-09-01,290.0,7,Praja raw (monthly BMC dispensary records),2015,9
L,2015-09-01,1242.0,12,Praja raw (monthly BMC dispensary records),2015,9
M/E,2015-09-01,1307.0,9,Praja raw (monthly BMC dispensary records),2015,9
M/W,2015-09-01,211.0,5,Praja raw (monthly BMC dispensary records),2015,9
N,2015-09-01,1210.0,7,Praja raw (monthly BMC dispensary records),2015,9
P/N,2015-09-01,310.0,7,Praja raw (monthly BMC dispensary records),2015,9
P/S,2015-09-01,60.0,2,Praja raw (monthly BMC dispensary records),2015,9
R/C,2015-09-01,423.0,6,Praja raw (monthly BMC dispensary records),2015,9
R/N,2015-09-01,193.0,4,Praja raw (monthly BMC dispensary records),2015,9
R/S,2015-09-01,140.0,5,Praja raw (monthly BMC dispensary records),2015,9
S,2015-09-01,449.0,7,Praja raw (monthly BMC dispensary records),2015,9
T,2015-09-01,530.0,3,Praja raw (monthly BMC dispensary records),2015,9
A,2015-10-01,98.0,5,Praja raw (monthly BMC dispensary records),2015,10
B,2015-10-01,132.0,3,Praja raw (monthly BMC dispensary records),2015,10
C,2015-10-01,232.0,5,Praja raw (monthly BMC dispensary records),2015,10
D,2015-10-01,624.0,6,Praja raw (monthly BMC dispensary records),2015,10
E,2015-10-01,259.0,8,Praja raw (monthly BMC dispensary records),2015,10
F/N,2015-10-01,170.0,6,Praja raw (monthly BMC dispensary records),2015,10
F/S,2015-10-01,297.0,9,Praja raw (monthly BMC dispensary records),2015,10
G/N,2015-10-01,282.0,8,Praja raw (monthly BMC dispensary records),2015,10
G/S,2015-10-01,360.0,11,Praja raw (monthly BMC dispensary records),2015,10
H/E,2015-10-01,606.0,7,Praja raw (monthly BMC dispensary records),2015,10
H/W,2015-10-01,196.0,5,Praja raw (monthly BMC dispensary records),2015,10
K/E,2015-10-01,728.0,10,Praja raw (monthly BMC dispensary records),2015,10
K/W,2015-10-01,184.0,6,Praja raw (monthly BMC dispensary records),2015,10
L,2015-10-01,1067.0,12,Praja raw (monthly BMC dispensary records),2015,10
M/E,2015-10-01,1126.0,9,Praja raw (monthly BMC dispensary records),2015,10
M/W,2015-10-01,156.0,5,Praja raw (monthly BMC dispensary records),2015,10
N,2015-10-01,825.0,7,Praja raw (monthly BMC dispensary records),2015,10
P/N,2015-10-01,253.0,7,Praja raw (monthly BMC dispensary records),2015,10
P/S,2015-10-01,49.0,2,Praja raw (monthly BMC dispensary records),2015,10
R/C,2015-10-01,373.0,6,Praja raw (monthly BMC dispensary records),2015,10
R/N,2015-10-01,136.0,4,Praja raw (monthly BMC dispensary records),2015,10
R/S,2015-10-01,104.0,5,Praja raw (monthly BMC dispensary records),2015,10
S,2015-10-01,399.0,7,Praja raw (monthly BMC dispensary records),2015,10
T,2015-10-01,397.0,3,Praja raw (monthly BMC dispensary records),2015,10
A,2015-11-01,88.0,5,Praja raw (monthly BMC dispensary records),2015,11
B,2015-11-01,147.0,3,Praja raw (monthly BMC dispensary records),2015,11
C,2015-11-01,185.0,5,Praja raw (monthly BMC dispensary records),2015,11
D,2015-11-01,439.0,6,Praja raw (monthly BMC dispensary records),2015,11
E,2015-11-01,296.0,10,Praja raw (monthly BMC dispensary records),2015,11
F/N,2015-11-01,150.0,6,Praja raw (monthly BMC dispensary records),2015,11
F/S,2015-11-01,229.0,9,Praja raw (monthly BMC dispensary records),2015,11
G/N,2015-11-01,219.0,8,Praja raw (monthly BMC dispensary records),2015,11
G/S,2015-11-01,361.0,10,Praja raw (monthly BMC dispensary records),2015,11
H/E,2015-11-01,583.0,7,Praja raw (monthly BMC dispensary records),2015,11
H/W,2015-11-01,153.0,5,Praja raw (monthly BMC dispensary records),2015,11
K/E,2015-11-01,641.0,10,Praja raw (monthly BMC dispensary records),2015,11
K/W,2015-11-01,121.0,7,Praja raw (monthly BMC dispensary records),2015,11
L,2015-11-01,884.0,12,Praja raw (monthly BMC dispensary records),2015,11
M/E,2015-11-01,891.0,9,Praja raw (monthly BMC dispensary records),2015,11
M/W,2015-11-01,145.0,4,Praja raw (monthly BMC dispensary records),2015,11
N,2015-11-01,687.0,7,Praja raw (monthly BMC dispensary records),2015,11
P/N,2015-11-01,210.0,7,Praja raw (monthly BMC dispensary records),2015,11
P/S,2015-11-01,46.0,2,Praja raw (monthly BMC dispensary records),2015,11
R/C,2015-11-01,345.0,6,Praja raw (monthly BMC dispensary records),2015,11
R/N,2015-11-01,115.0,4,Praja raw (monthly BMC dispensary records),2015,11
R/S,2015-11-01,94.0,5,Praja raw (monthly BMC dispensary records),2015,11
S,2015-11-01,330.0,7,Praja raw (monthly BMC dispensary records),2015,11
T,2015-11-01,234.0,3,Praja raw (monthly BMC dispensary records),2015,11
A,2015-12-01,96.0,5,Praja raw (monthly BMC dispensary records),2015,12
B,2015-12-01,157.0,4,Praja raw (monthly BMC dispensary records),2015,12
C,2015-12-01,196.0,5,Praja raw (monthly BMC dispensary records),2015,12
D,2015-12-01,481.0,6,Praja raw (monthly BMC dispensary records),2015,12
E,2015-12-01,326.0,11,Praja raw (monthly BMC dispensary records),2015,12
F/N,2015-12-01,146.0,6,Praja raw (monthly BMC dispensary records),2015,12
F/S,2015-12-01,318.0,9,Praja raw (monthly BMC dispensary records),2015,12
G/N,2015-12-01,236.0,8,Praja raw (monthly BMC dispensary records),2015,12
G/S,2015-12-01,437.0,11,Praja raw (monthly BMC dispensary records),2015,12
H/E,2015-12-01,564.0,7,Praja raw (monthly BMC dispensary records),2015,12
H/W,2015-12-01,138.0,5,Praja raw (monthly BMC dispensary records),2015,12
K/E,2015-12-01,738.0,10,Praja raw (monthly BMC dispensary records),2015,12
K/W,2015-12-01,142.0,7,Praja raw (monthly BMC dispensary records),2015,12
L,2015-12-01,1020.0,12,Praja raw (monthly BMC dispensary records),2015,12
M/E,2015-12-01,992.0,8,Praja raw (monthly BMC dispensary records),2015,12
M/W,2015-12-01,147.0,5,Praja raw (monthly BMC dispensary records),2015,12
N,2015-12-01,970.0,7,Praja raw (monthly BMC dispensary records),2015,12
P/N,2015-12-01,281.0,9,Praja raw (monthly BMC dispensary records),2015,12
P/S,2015-12-01,68.0,2,Praja raw (monthly BMC dispensary records),2015,12
R/C,2015-12-01,309.0,6,Praja raw (monthly BMC dispensary records),2015,12
R/N,2015-12-01,128.0,4,Praja raw (monthly BMC dispensary records),2015,12
R/S,2015-12-01,98.0,5,Praja raw (monthly BMC dispensary records),2015,12
S,2015-12-01,436.0,7,Praja raw (monthly BMC dispensary records),2015,12
T,2015-12-01,191.0,3,Praja raw (monthly BMC dispensary records),2015,12
A,2016-01-01,110.0,5,Praja raw (monthly BMC dispensary records),2016,1
B,2016-01-01,199.0,4,Praja raw (monthly BMC dispensary records),2016,1
C,2016-01-01,234.0,5,Praja raw (monthly BMC dispensary records),2016,1
D,2016-01-01,474.0,6,Praja raw (monthly BMC dispensary records),2016,1
E,2016-01-01,289.0,10,Praja raw (monthly BMC dispensary records),2016,1
F/N,2016-01-01,162.0,6,Praja raw (monthly BMC dispensary records),2016,1
F/S,2016-01-01,395.0,9,Praja raw (monthly BMC dispensary records),2016,1
G/N,2016-01-01,255.0,8,Praja raw (monthly BMC dispensary records),2016,1
G/S,2016-01-01,355.0,11,Praja raw (monthly BMC dispensary records),2016,1
H/E,2016-01-01,650.0,7,Praja raw (monthly BMC dispensary records),2016,1
H/W,2016-01-01,172.0,5,Praja raw (monthly BMC dispensary records),2016,1
K/E,2016-01-01,660.0,10,Praja raw (monthly BMC dispensary records),2016,1
K/W,2016-01-01,170.0,7,Praja raw (monthly BMC dispensary records),2016,1
L,2016-01-01,1064.0,12,Praja raw (monthly BMC dispensary records),2016,1
M/E,2016-01-01,1179.0,9,Praja raw (monthly BMC dispensary records),2016,1
M/W,2016-01-01,113.0,5,Praja raw (monthly BMC dispensary records),2016,1
N,2016-01-01,972.0,7,Praja raw (monthly BMC dispensary records),2016,1
P/N,2016-01-01,263.0,10,Praja raw (monthly BMC dispensary records),2016,1
P/S,2016-01-01,77.0,2,Praja raw (monthly BMC dispensary records),2016,1
R/C,2016-01-01,287.0,6,Praja raw (monthly BMC dispensary records),2016,1
R/N,2016-01-01,166.0,4,Praja raw (monthly BMC dispensary records),2016,1
R/S,2016-01-01,91.0,5,Praja raw (monthly BMC dispensary records),2016,1
S,2016-01-01,487.0,7,Praja raw (monthly BMC dispensary records),2016,1
T,2016-01-01,213.0,3,Praja raw (monthly BMC dispensary records),2016,1
A,2016-02-01,110.0,5,Praja raw (monthly BMC dispensary records),2016,2
B,2016-02-01,156.0,4,Praja raw (monthly BMC dispensary records),2016,2
C,2016-02-01,285.0,5,Praja raw (monthly BMC dispensary records),2016,2
D,2016-02-01,478.0,6,Praja raw (monthly BMC dispensary records),2016,2
E,2016-02-01,283.0,10,Praja raw (monthly BMC dispensary records),2016,2
F/N,2016-02-01,262.0,6,Praja raw (monthly BMC dispensary records),2016,2
F/S,2016-02-01,361.0,9,Praja raw (monthly BMC dispensary records),2016,2
G/N,2016-02-01,291.0,9,Praja raw (monthly BMC dispensary records),2016,2
G/S,2016-02-01,395.0,11,Praja raw (monthly BMC dispensary records),2016,2
H/E,2016-02-01,486.0,7,Praja raw (monthly BMC dispensary records),2016,2
H/W,2016-02-01,163.0,5,Praja raw (monthly BMC dispensary records),2016,2
K/E,2016-02-01,506.0,10,Praja raw (monthly BMC dispensary records),2016,2
K/W,2016-02-01,167.0,7,Praja raw (monthly BMC dispensary records),2016,2
L,2016-02-01,923.0,12,Praja raw (monthly BMC dispensary records),2016,2
M/E,2016-02-01,924.0,9,Praja raw (monthly BMC dispensary records),2016,2
M/W,2016-02-01,144.0,4,Praja raw (monthly BMC dispensary records),2016,2
N,2016-02-01,653.0,7,Praja raw (monthly BMC dispensary records),2016,2
P/N,2016-02-01,303.0,10,Praja raw (monthly BMC dispensary records),2016,2
P/S,2016-02-01,52.0,2,Praja raw (monthly BMC dispensary records),2016,2
R/C,2016-02-01,215.0,6,Praja raw (monthly BMC dispensary records),2016,2
R/N,2016-02-01,175.0,4,Praja raw (monthly BMC dispensary records),2016,2
R/S,2016-02-01,83.0,5,Praja raw (monthly BMC dispensary records),2016,2
S,2016-02-01,345.0,7,Praja raw (monthly BMC dispensary records),2016,2
T,2016-02-01,209.0,3,Praja raw (monthly BMC dispensary records),2016,2
A,2016-03-01,96.0,5,Praja raw (monthly BMC dispensary records),2016,3
B,2016-03-01,121.0,3,Praja raw (monthly BMC dispensary records),2016,3
C,2016-03-01,241.0,5,Praja raw (monthly BMC dispensary records),2016,3
D,2016-03-01,453.0,6,Praja raw (monthly BMC dispensary records),2016,3
E,2016-03-01,288.0,8,Praja raw (monthly BMC dispensary records),2016,3
F/N,2016-03-01,95.0,6,Praja raw (monthly BMC dispensary records),2016,3
F/S,2016-03-01,308.0,9,Praja raw (monthly BMC dispensary records),2016,3
G/N,2016-03-01,424.0,9,Praja raw (monthly BMC dispensary records),2016,3
G/S,2016-03-01,433.0,11,Praja raw (monthly BMC dispensary records),2016,3
H/E,2016-03-01,432.0,7,Praja raw (monthly BMC dispensary records),2016,3
H/W,2016-03-01,180.0,5,Praja raw (monthly BMC dispensary records),2016,3
K/E,2016-03-01,395.0,10,Praja raw (monthly BMC dispensary records),2016,3
K/W,2016-03-01,150.0,7,Praja raw (monthly BMC dispensary records),2016,3
L,2016-03-01,754.0,12,Praja raw (monthly BMC dispensary records),2016,3
M/E,2016-03-01,299.0,8,Praja raw (monthly BMC dispensary records),2016,3
M/W,2016-03-01,124.0,4,Praja raw (monthly BMC dispensary records),2016,3
N,2016-03-01,518.0,7,Praja raw (monthly BMC dispensary records),2016,3
P/N,2016-03-01,199.0,10,Praja raw (monthly BMC dispensary records),2016,3
P/S,2016-03-01,48.0,2,Praja raw (monthly BMC dispensary records),2016,3
R/C,2016-03-01,165.0,6,Praja raw (monthly BMC dispensary records),2016,3
R/N,2016-03-01,128.0,4,Praja raw (monthly BMC dispensary records),2016,3
R/S,2016-03-01,84.0,5,Praja raw (monthly BMC dispensary records),2016,3
S,2016-03-01,321.0,7,Praja raw (monthly BMC dispensary records),2016,3
T,2016-03-01,179.0,3,Praja raw (monthly BMC dispensary records),2016,3
A,2016-04-01,67.0,4,Praja raw (monthly BMC dispensary records),2016,4
B,2016-04-01,88.0,3,Praja raw (monthly BMC dispensary records),2016,4
C,2016-04-01,226.0,5,Praja raw (monthly BMC dispensary records),2016,4
D,2016-04-01,478.0,6,Praja raw (monthly BMC dispensary records),2016,4
E,2016-04-01,132.0,10,Praja raw (monthly BMC dispensary records),2016,4
F/N,2016-04-01,118.0,6,Praja raw (monthly BMC dispensary records),2016,4
F/S,2016-04-01,314.0,9,Praja raw (monthly BMC dispensary records),2016,4
G/N,2016-04-01,364.0,9,Praja raw (monthly BMC dispensary records),2016,4
G/S,2016-04-01,419.0,11,Praja raw (monthly BMC dispensary records),2016,4
H/E,2016-04-01,299.0,7,Praja raw (monthly BMC dispensary records),2016,4
H/W,2016-04-01,123.0,5,Praja raw (monthly BMC dispensary records),2016,4
K/E,2016-04-01,358.0,10,Praja raw (monthly BMC dispensary records),2016,4
K/W,2016-04-01,94.0,7,Praja raw (monthly BMC dispensary records),2016,4
L,2016-04-01,816.0,12,Praja raw (monthly BMC dispensary records),2016,4
M/E,2016-04-01,288.0,9,Praja raw (monthly BMC dispensary records),2016,4
M/W,2016-04-01,123.0,3,Praja raw (monthly BMC dispensary records),2016,4
N,2016-04-01,547.0,7,Praja raw (monthly BMC dispensary records),2016,4
P/N,2016-04-01,173.0,10,Praja raw (monthly BMC dispensary records),2016,4
P/S,2016-04-01,47.0,2,Praja raw (monthly BMC dispensary records),2016,4
R/C,2016-04-01,173.0,6,Praja raw (monthly BMC dispensary records),2016,4
R/N,2016-04-01,137.0,4,Praja raw (monthly BMC dispensary records),2016,4
R/S,2016-04-01,92.0,5,Praja raw (monthly BMC dispensary records),2016,4
S,2016-04-01,229.0,7,Praja raw (monthly BMC dispensary records),2016,4
T,2016-04-01,157.0,3,Praja raw (monthly BMC dispensary records),2016,4
A,2016-05-01,69.0,4,Praja raw (monthly BMC dispensary records),2016,5
B,2016-05-01,68.0,4,Praja raw (monthly BMC dispensary records),2016,5
C,2016-05-01,271.0,5,Praja raw (monthly BMC dispensary records),2016,5
D,2016-05-01,516.0,6,Praja raw (monthly BMC dispensary records),2016,5
E,2016-05-01,107.0,9,Praja raw (monthly BMC dispensary records),2016,5
F/N,2016-05-01,144.0,6,Praja raw (monthly BMC dispensary records),2016,5
F/S,2016-05-01,367.0,9,Praja raw (monthly BMC dispensary records),2016,5
G/N,2016-05-01,351.0,9,Praja raw (monthly BMC dispensary records),2016,5
G/S,2016-05-01,445.0,11,Praja raw (monthly BMC dispensary records),2016,5
H/E,2016-05-01,389.0,7,Praja raw (monthly BMC dispensary records),2016,5
H/W,2016-05-01,123.0,5,Praja raw (monthly BMC dispensary records),2016,5
K/E,2016-05-01,410.0,10,Praja raw (monthly BMC dispensary records),2016,5
K/W,2016-05-01,151.0,7,Praja raw (monthly BMC dispensary records),2016,5
L,2016-05-01,1021.0,12,Praja raw (monthly BMC dispensary records),2016,5
M/E,2016-05-01,329.0,9,Praja raw (monthly BMC dispensary records),2016,5
M/W,2016-05-01,102.0,4,Praja raw (monthly BMC dispensary records),2016,5
N,2016-05-01,635.0,7,Praja raw (monthly BMC dispensary records),2016,5
P/N,2016-05-01,228.0,10,Praja raw (monthly BMC dispensary records),2016,5
P/S,2016-05-01,51.0,2,Praja raw (monthly BMC dispensary records),2016,5
R/C,2016-05-01,163.0,6,Praja raw (monthly BMC dispensary records),2016,5
R/N,2016-05-01,151.0,4,Praja raw (monthly BMC dispensary records),2016,5
R/S,2016-05-01,99.0,5,Praja raw (monthly BMC dispensary records),2016,5
S,2016-05-01,264.0,7,Praja raw (monthly BMC dispensary records),2016,5
T,2016-05-01,125.0,3,Praja raw (monthly BMC dispensary records),2016,5
A,2016-06-01,89.0,4,Praja raw (monthly BMC dispensary records),2016,6
B,2016-06-01,99.0,3,Praja raw (monthly BMC dispensary records),2016,6
C,2016-06-01,280.0,5,Praja raw (monthly BMC dispensary records),2016,6
D,2016-06-01,585.0,6,Praja raw (monthly BMC dispensary records),2016,6
E,2016-06-01,245.0,10,Praja raw (monthly BMC dispensary records),2016,6
F/N,2016-06-01,164.0,6,Praja raw (monthly BMC dispensary records),2016,6
F/S,2016-06-01,412.0,9,Praja raw (monthly BMC dispensary records),2016,6
G/N,2016-06-01,585.0,9,Praja raw (monthly BMC dispensary records),2016,6
G/S,2016-06-01,556.0,12,Praja raw (monthly BMC dispensary records),2016,6
H/E,2016-06-01,561.0,7,Praja raw (monthly BMC dispensary records),2016,6
H/W,2016-06-01,157.0,5,Praja raw (monthly BMC dispensary records),2016,6
K/E,2016-06-01,433.0,10,Praja raw (monthly BMC dispensary records),2016,6
K/W,2016-06-01,147.0,7,Praja raw (monthly BMC dispensary records),2016,6
L,2016-06-01,1250.0,12,Praja raw (monthly BMC dispensary records),2016,6
M/E,2016-06-01,439.0,9,Praja raw (monthly BMC dispensary records),2016,6
M/W,2016-06-01,146.0,4,Praja raw (monthly BMC dispensary records),2016,6
N,2016-06-01,780.0,7,Praja raw (monthly BMC dispensary records),2016,6
P/N,2016-06-01,268.0,10,Praja raw (monthly BMC dispensary records),2016,6
P/S,2016-06-01,75.0,2,Praja raw (monthly BMC dispensary records),2016,6
R/C,2016-06-01,234.0,6,Praja raw (monthly BMC dispensary records),2016,6
R/N,2016-06-01,185.0,4,Praja raw (monthly BMC dispensary records),2016,6
R/S,2016-06-01,83.0,5,Praja raw (monthly BMC dispensary records),2016,6
S,2016-06-01,417.0,7,Praja raw (monthly BMC dispensary records),2016,6
T,2016-06-01,179.0,3,Praja raw (monthly BMC dispensary records),2016,6
A,2016-07-01,133.0,4,Praja raw (monthly BMC dispensary records),2016,7
B,2016-07-01,111.0,3,Praja raw (monthly BMC dispensary records),2016,7
C,2016-07-01,269.0,5,Praja raw (monthly BMC dispensary records),2016,7
D,2016-07-01,770.0,6,Praja raw (monthly BMC dispensary records),2016,7
E,2016-07-01,443.0,10,Praja raw (monthly BMC dispensary records),2016,7
F/N,2016-07-01,187.0,6,Praja raw (monthly BMC dispensary records),2016,7
F/S,2016-07-01,694.0,9,Praja raw (monthly BMC dispensary records),2016,7
G/N,2016-07-01,745.0,9,Praja raw (monthly BMC dispensary records),2016,7
G/S,2016-07-01,1009.0,12,Praja raw (monthly BMC dispensary records),2016,7
H/E,2016-07-01,690.0,7,Praja raw (monthly BMC dispensary records),2016,7
H/W,2016-07-01,191.0,5,Praja raw (monthly BMC dispensary records),2016,7
K/E,2016-07-01,660.0,10,Praja raw (monthly BMC dispensary records),2016,7
K/W,2016-07-01,287.0,7,Praja raw (monthly BMC dispensary records),2016,7
L,2016-07-01,1365.0,12,Praja raw (monthly BMC dispensary records),2016,7
M/E,2016-07-01,733.0,9,Praja raw (monthly BMC dispensary records),2016,7
M/W,2016-07-01,300.0,4,Praja raw (monthly BMC dispensary records),2016,7
N,2016-07-01,1186.0,7,Praja raw (monthly BMC dispensary records),2016,7
P/N,2016-07-01,500.0,10,Praja raw (monthly BMC dispensary records),2016,7
P/S,2016-07-01,76.0,2,Praja raw (monthly BMC dispensary records),2016,7
R/C,2016-07-01,255.0,6,Praja raw (monthly BMC dispensary records),2016,7
R/N,2016-07-01,246.0,4,Praja raw (monthly BMC dispensary records),2016,7
R/S,2016-07-01,265.0,5,Praja raw (monthly BMC dispensary records),2016,7
S,2016-07-01,542.0,7,Praja raw (monthly BMC dispensary records),2016,7
T,2016-07-01,257.0,3,Praja raw (monthly BMC dispensary records),2016,7
A,2016-08-01,102.0,5,Praja raw (monthly BMC dispensary records),2016,8
B,2016-08-01,75.0,3,Praja raw (monthly BMC dispensary records),2016,8
C,2016-08-01,220.0,5,Praja raw (monthly BMC dispensary records),2016,8
D,2016-08-01,680.0,6,Praja raw (monthly BMC dispensary records),2016,8
E,2016-08-01,252.0,9,Praja raw (monthly BMC dispensary records),2016,8
F/N,2016-08-01,187.0,6,Praja raw (monthly BMC dispensary records),2016,8
F/S,2016-08-01,593.0,9,Praja raw (monthly BMC dispensary records),2016,8
G/N,2016-08-01,682.0,9,Praja raw (monthly BMC dispensary records),2016,8
G/S,2016-08-01,520.0,11,Praja raw (monthly BMC dispensary records),2016,8
H/E,2016-08-01,602.0,7,Praja raw (monthly BMC dispensary records),2016,8
H/W,2016-08-01,141.0,5,Praja raw (monthly BMC dispensary records),2016,8
K/E,2016-08-01,522.0,10,Praja raw (monthly BMC dispensary records),2016,8
K/W,2016-08-01,187.0,7,Praja raw (monthly BMC dispensary records),2016,8
L,2016-08-01,957.0,13,Praja raw (monthly BMC dispensary records),2016,8
M/E,2016-08-01,602.0,9,Praja raw (monthly BMC dispensary records),2016,8
M/W,2016-08-01,176.0,5,Praja raw (monthly BMC dispensary records),2016,8
N,2016-08-01,754.0,7,Praja raw (monthly BMC dispensary records),2016,8
P/N,2016-08-01,404.0,10,Praja raw (monthly BMC dispensary records),2016,8
P/S,2016-08-01,62.0,2,Praja raw (monthly BMC dispensary records),2016,8
R/C,2016-08-01,227.0,6,Praja raw (monthly BMC dispensary records),2016,8
R/N,2016-08-01,134.0,4,Praja raw (monthly BMC dispensary records),2016,8
R/S,2016-08-01,162.0,5,Praja raw (monthly BMC dispensary records),2016,8
S,2016-08-01,342.0,7,Praja raw (monthly BMC dispensary records),2016,8
T,2016-08-01,213.0,3,Praja raw (monthly BMC dispensary records),2016,8
A,2016-09-01,85.0,5,Praja raw (monthly BMC dispensary records),2016,9
B,2016-09-01,65.0,3,Praja raw (monthly BMC dispensary records),2016,9
C,2016-09-01,220.0,5,Praja raw (monthly BMC dispensary records),2016,9
D,2016-09-01,686.0,6,Praja raw (monthly BMC dispensary records),2016,9
E,2016-09-01,245.0,10,Praja raw (monthly BMC dispensary records),2016,9
F/N,2016-09-01,241.0,6,Praja raw (monthly BMC dispensary records),2016,9
F/S,2016-09-01,436.0,9,Praja raw (monthly BMC dispensary records),2016,9
G/N,2016-09-01,516.0,9,Praja raw (monthly BMC dispensary records),2016,9
G/S,2016-09-01,360.0,11,Praja raw (monthly BMC dispensary records),2016,9
H/E,2016-09-01,588.0,7,Praja raw (monthly BMC dispensary records),2016,9
H/W,2016-09-01,146.0,5,Praja raw (monthly BMC dispensary records),2016,9
K/E,2016-09-01,440.0,10,Praja raw (monthly BMC dispensary records),2016,9
K/W,2016-09-01,134.0,7,Praja raw (monthly BMC dispensary records),2016,9
L,2016-09-01,929.0,13,Praja raw (monthly BMC dispensary records),2016,9
M/E,2016-09-01,433.0,9,Praja raw (monthly BMC dispensary records),2016,9
M/W,2016-09-01,138.0,5,Praja raw (monthly BMC dispensary records),2016,9
N,2016-09-01,601.0,7,Praja raw (monthly BMC dispensary records),2016,9
P/N,2016-09-01,306.0,10,Praja raw (monthly BMC dispensary records),2016,9
P/S,2016-09-01,37.0,2,Praja raw (monthly BMC dispensary records),2016,9
R/C,2016-09-01,231.0,6,Praja raw (monthly BMC dispensary records),2016,9
R/N,2016-09-01,131.0,4,Praja raw (monthly BMC dispensary records),2016,9
R/S,2016-09-01,97.0,5,Praja raw (monthly BMC dispensary records),2016,9
S,2016-09-01,272.0,7,Praja raw (monthly BMC dispensary records),2016,9
T,2016-09-01,207.0,3,Praja raw (monthly BMC dispensary records),2016,9
A,2016-10-01,80.0,5,Praja raw (monthly BMC dispensary records),2016,10
B,2016-10-01,68.0,3,Praja raw (monthly BMC dispensary records),2016,10
C,2016-10-01,205.0,5,Praja raw (monthly BMC dispensary records),2016,10
D,2016-10-01,643.0,6,Praja raw (monthly BMC dispensary records),2016,10
E,2016-10-01,258.0,9,Praja raw (monthly BMC dispensary records),2016,10
F/N,2016-10-01,231.0,6,Praja raw (monthly BMC dispensary records),2016,10
F/S,2016-10-01,368.0,9,Praja raw (monthly BMC dispensary records),2016,10
G/N,2016-10-01,516.0,9,Praja raw (monthly BMC dispensary records),2016,10
G/S,2016-10-01,344.0,11,Praja raw (monthly BMC dispensary records),2016,10
H/E,2016-10-01,567.0,7,Praja raw (monthly BMC dispensary records),2016,10
H/W,2016-10-01,117.0,5,Praja raw (monthly BMC dispensary records),2016,10
K/E,2016-10-01,407.0,10,Praja raw (monthly BMC dispensary records),2016,10
K/W,2016-10-01,115.0,7,Praja raw (monthly BMC dispensary records),2016,10
L,2016-10-01,939.0,13,Praja raw (monthly BMC dispensary records),2016,10
M/E,2016-10-01,431.0,9,Praja raw (monthly BMC dispensary records),2016,10
M/W,2016-10-01,143.0,5,Praja raw (monthly BMC dispensary records),2016,10
N,2016-10-01,447.0,7,Praja raw (monthly BMC dispensary records),2016,10
P/N,2016-10-01,264.0,10,Praja raw (monthly BMC dispensary records),2016,10
P/S,2016-10-01,40.0,2,Praja raw (monthly BMC dispensary records),2016,10
R/C,2016-10-01,217.0,6,Praja raw (monthly BMC dispensary records),2016,10
R/N,2016-10-01,126.0,4,Praja raw (monthly BMC dispensary records),2016,10
R/S,2016-10-01,111.0,5,Praja raw (monthly BMC dispensary records),2016,10
S,2016-10-01,239.0,7,Praja raw (monthly BMC dispensary records),2016,10
T,2016-10-01,158.0,3,Praja raw (monthly BMC dispensary records),2016,10
A,2016-11-01,96.0,5,Praja raw (monthly BMC dispensary records),2016,11
B,2016-11-01,76.0,3,Praja raw (monthly BMC dispensary records),2016,11
C,2016-11-01,157.0,5,Praja raw (monthly BMC dispensary records),2016,11
D,2016-11-01,537.0,6,Praja raw (monthly BMC dispensary records),2016,11
E,2016-11-01,216.0,10,Praja raw (monthly BMC dispensary records),2016,11
F/N,2016-11-01,139.0,6,Praja raw (monthly BMC dispensary records),2016,11
F/S,2016-11-01,389.0,9,Praja raw (monthly BMC dispensary records),2016,11
G/N,2016-11-01,373.0,9,Praja raw (monthly BMC dispensary records),2016,11
G/S,2016-11-01,392.0,11,Praja raw (monthly BMC dispensary records),2016,11
H/E,2016-11-01,584.0,7,Praja raw (monthly BMC dispensary records),2016,11
H/W,2016-11-01,119.0,5,Praja raw (monthly BMC dispensary records),2016,11
K/E,2016-11-01,417.0,10,Praja raw (monthly BMC dispensary records),2016,11
K/W,2016-11-01,132.0,7,Praja raw (monthly BMC dispensary records),2016,11
L,2016-11-01,993.0,13,Praja raw (monthly BMC dispensary records),2016,11
M/E,2016-11-01,397.0,9,Praja raw (monthly BMC dispensary records),2016,11
M/W,2016-11-01,132.0,5,Praja raw (monthly BMC dispensary records),2016,11
N,2016-11-01,609.0,7,Praja raw (monthly BMC dispensary records),2016,11
P/N,2016-11-01,223.0,10,Praja raw (monthly BMC dispensary records),2016,11
P/S,2016-11-01,59.0,2,Praja raw (monthly BMC dispensary records),2016,11
R/C,2016-11-01,215.0,6,Praja raw (monthly BMC dispensary records),2016,11
R/N,2016-11-01,129.0,4,Praja raw (monthly BMC dispensary records),2016,11
R/S,2016-11-01,103.0,5,Praja raw (monthly BMC dispensary records),2016,11
S,2016-11-01,300.0,7,Praja raw (monthly BMC dispensary records),2016,11
T,2016-11-01,146.0,3,Praja raw (monthly BMC dispensary records),2016,11
A,2016-12-01,86.0,4,Praja raw (monthly BMC dispensary records),2016,12
B,2016-12-01,47.0,2,Praja raw (monthly BMC dispensary records),2016,12
C,2016-12-01,181.0,5,Praja raw (monthly BMC dispensary records),2016,12
D,2016-12-01,495.0,6,Praja raw (monthly BMC dispensary records),2016,12
E,2016-12-01,173.0,9,Praja raw (monthly BMC dispensary records),2016,12
F/N,2016-12-01,256.0,6,Praja raw (monthly BMC dispensary records),2016,12
F/S,2016-12-01,330.0,9,Praja raw (monthly BMC dispensary records),2016,12
G/N,2016-12-01,350.0,8,Praja raw (monthly BMC dispensary records),2016,12
G/S,2016-12-01,339.0,11,Praja raw (monthly BMC dispensary records),2016,12
H/E,2016-12-01,523.0,7,Praja raw (monthly BMC dispensary records),2016,12
H/W,2016-12-01,109.0,5,Praja raw (monthly BMC dispensary records),2016,12
K/E,2016-12-01,409.0,10,Praja raw (monthly BMC dispensary records),2016,12
K/W,2016-12-01,142.0,6,Praja raw (monthly BMC dispensary records),2016,12
L,2016-12-01,998.0,13,Praja raw (monthly BMC dispensary records),2016,12
M/E,2016-12-01,342.0,9,Praja raw (monthly BMC dispensary records),2016,12
M/W,2016-12-01,151.0,4,Praja raw (monthly BMC dispensary records),2016,12
N,2016-12-01,681.0,7,Praja raw (monthly BMC dispensary records),2016,12
P/N,2016-12-01,262.0,10,Praja raw (monthly BMC dispensary records),2016,12
P/S,2016-12-01,52.0,2,Praja raw (monthly BMC dispensary records),2016,12
R/C,2016-12-01,209.0,6,Praja raw (monthly BMC dispensary records),2016,12
R/N,2016-12-01,160.0,4,Praja raw (monthly BMC dispensary records),2016,12
R/S,2016-12-01,119.0,5,Praja raw (monthly BMC dispensary records),2016,12
S,2016-12-01,434.0,7,Praja raw (monthly BMC dispensary records),2016,12
T,2016-12-01,96.0,3,Praja raw (monthly BMC dispensary records),2016,12
A,2017-01-01,84.0,4,Praja raw (monthly BMC dispensary records),2017,1
B,2017-01-01,58.0,2,Praja raw (monthly BMC dispensary records),2017,1
C,2017-01-01,206.0,5,Praja raw (monthly BMC dispensary records),2017,1
D,2017-01-01,477.0,6,Praja raw (monthly BMC dispensary records),2017,1
E,2017-01-01,227.0,9,Praja raw (monthly BMC dispensary records),2017,1
F/N,2017-01-01,295.0,6,Praja raw (monthly BMC dispensary records),2017,1
F/S,2017-01-01,355.0,9,Praja raw (monthly BMC dispensary records),2017,1
G/N,2017-01-01,379.0,8,Praja raw (monthly BMC dispensary records),2017,1
G/S,2017-01-01,399.0,11,Praja raw (monthly BMC dispensary records),2017,1
H/E,2017-01-01,616.0,7,Praja raw (monthly BMC dispensary records),2017,1
H/W,2017-01-01,106.0,5,Praja raw (monthly BMC dispensary records),2017,1
K/E,2017-01-01,466.0,10,Praja raw (monthly BMC dispensary records),2017,1
K/W,2017-01-01,126.0,6,Praja raw (monthly BMC dispensary records),2017,1
L,2017-01-01,879.0,13,Praja raw (monthly BMC dispensary records),2017,1
M/E,2017-01-01,326.0,9,Praja raw (monthly BMC dispensary records),2017,1
M/W,2017-01-01,151.0,4,Praja raw (monthly BMC dispensary records),2017,1
N,2017-01-01,675.0,7,Praja raw (monthly BMC dispensary records),2017,1
P/N,2017-01-01,270.0,10,Praja raw (monthly BMC dispensary records),2017,1
P/S,2017-01-01,65.0,2,Praja raw (monthly BMC dispensary records),2017,1
R/C,2017-01-01,242.0,6,Praja raw (monthly BMC dispensary records),2017,1
R/N,2017-01-01,159.0,4,Praja raw (monthly BMC dispensary records),2017,1
R/S,2017-01-01,117.0,5,Praja raw (monthly BMC dispensary records),2017,1
S,2017-01-01,475.0,7,Praja raw (monthly BMC dispensary records),2017,1
T,2017-01-01,105.0,3,Praja raw (monthly BMC dispensary records),2017,1
A,2017-02-01,88.0,4,Praja raw (monthly BMC dispensary records),2017,2
B,2017-02-01,58.0,2,Praja raw (monthly BMC dispensary records),2017,2
C,2017-02-01,179.0,5,Praja raw (monthly BMC dispensary records),2017,2
D,2017-02-01,484.0,6,Praja raw (monthly BMC dispensary records),2017,2
E,2017-02-01,167.0,8,Praja raw (monthly BMC dispensary records),2017,2
F/N,2017-02-01,267.0,6,Praja raw (monthly BMC dispensary records),2017,2
F/S,2017-02-01,266.0,9,Praja raw (monthly BMC dispensary records),2017,2
G/N,2017-02-01,364.0,8,Praja raw (monthly BMC dispensary records),2017,2
G/S,2017-02-01,368.0,11,Praja raw (monthly BMC dispensary records),2017,2
H/E,2017-02-01,494.0,7,Praja raw (monthly BMC dispensary records),2017,2
H/W,2017-02-01,93.0,5,Praja raw (monthly BMC dispensary records),2017,2
K/E,2017-02-01,369.0,10,Praja raw (monthly BMC dispensary records),2017,2
K/W,2017-02-01,71.0,6,Praja raw (monthly BMC dispensary records),2017,2
L,2017-02-01,853.0,13,Praja raw (monthly BMC dispensary records),2017,2
M/E,2017-02-01,301.0,9,Praja raw (monthly BMC dispensary records),2017,2
M/W,2017-02-01,170.0,5,Praja raw (monthly BMC dispensary records),2017,2
N,2017-02-01,600.0,7,Praja raw (monthly BMC dispensary records),2017,2
P/N,2017-02-01,236.0,10,Praja raw (monthly BMC dispensary records),2017,2
P/S,2017-02-01,45.0,2,Praja raw (monthly BMC dispensary records),2017,2
R/C,2017-02-01,199.0,6,Praja raw (monthly BMC dispensary records),2017,2
R/N,2017-02-01,141.0,4,Praja raw (monthly BMC dispensary records),2017,2
R/S,2017-02-01,141.0,5,Praja raw (monthly BMC dispensary records),2017,2
S,2017-02-01,402.0,7,Praja raw (monthly BMC dispensary records),2017,2
T,2017-02-01,125.0,3,Praja raw (monthly BMC dispensary records),2017,2
A,2017-03-01,91.0,4,Praja raw (monthly BMC dispensary records),2017,3
B,2017-03-01,57.0,2,Praja raw (monthly BMC dispensary records),2017,3
C,2017-03-01,216.0,5,Praja raw (monthly BMC dispensary records),2017,3
D,2017-03-01,470.0,6,Praja raw (monthly BMC dispensary records),2017,3
E,2017-03-01,383.0,10,Praja raw (monthly BMC dispensary records),2017,3
F/N,2017-03-01,271.0,6,Praja raw (monthly BMC dispensary records),2017,3
F/S,2017-03-01,303.0,9,Praja raw (monthly BMC dispensary records),2017,3
G/N,2017-03-01,445.0,8,Praja raw (monthly BMC dispensary records),2017,3
G/S,2017-03-01,401.0,11,Praja raw (monthly BMC dispensary records),2017,3
H/E,2017-03-01,483.0,7,Praja raw (monthly BMC dispensary records),2017,3
H/W,2017-03-01,97.0,5,Praja raw (monthly BMC dispensary records),2017,3
K/E,2017-03-01,476.0,10,Praja raw (monthly BMC dispensary records),2017,3
K/W,2017-03-01,138.0,6,Praja raw (monthly BMC dispensary records),2017,3
L,2017-03-01,887.0,13,Praja raw (monthly BMC dispensary records),2017,3
M/E,2017-03-01,287.0,9,Praja raw (monthly BMC dispensary records),2017,3
M/W,2017-03-01,164.0,5,Praja raw (monthly BMC dispensary records),2017,3
N,2017-03-01,606.0,7,Praja raw (monthly BMC dispensary records),2017,3
P/N,2017-03-01,281.0,10,Praja raw (monthly BMC dispensary records),2017,3
P/S,2017-03-01,49.0,2,Praja raw (monthly BMC dispensary records),2017,3
R/C,2017-03-01,211.0,6,Praja raw (monthly BMC dispensary records),2017,3
R/N,2017-03-01,137.0,4,Praja raw (monthly BMC dispensary records),2017,3
R/S,2017-03-01,121.0,5,Praja raw (monthly BMC dispensary records),2017,3
S,2017-03-01,406.0,7,Praja raw (monthly BMC dispensary records),2017,3
T,2017-03-01,105.0,3,Praja raw (monthly BMC dispensary records),2017,3
A,2017-04-01,112.0,5,Praja raw (monthly BMC dispensary records),2017,4
B,2017-04-01,80.0,4,Praja raw (monthly BMC dispensary records),2017,4
C,2017-04-01,216.0,5,Praja raw (monthly BMC dispensary records),2017,4
D,2017-04-01,201.0,6,Praja raw (monthly BMC dispensary records),2017,4
E,2017-04-01,307.0,10,Praja raw (monthly BMC dispensary records),2017,4
F/N,2017-04-01,226.0,6,Praja raw (monthly BMC dispensary records),2017,4
F/S,2017-04-01,319.0,9,Praja raw (monthly BMC dispensary records),2017,4
G/N,2017-04-01,612.0,9,Praja raw (monthly BMC dispensary records),2017,4
G/S,2017-04-01,296.0,10,Praja raw (monthly BMC dispensary records),2017,4
H/E,2017-04-01,442.0,7,Praja raw (monthly BMC dispensary records),2017,4
H/W,2017-04-01,98.0,5,Praja raw (monthly BMC dispensary records),2017,4
K/E,2017-04-01,379.0,10,Praja raw (monthly BMC dispensary records),2017,4
K/W,2017-04-01,197.0,7,Praja raw (monthly BMC dispensary records),2017,4
L,2017-04-01,1188.0,13,Praja raw (monthly BMC dispensary records),2017,4
M/E,2017-04-01,361.0,9,Praja raw (monthly BMC dispensary records),2017,4
M/W,2017-04-01,156.0,4,Praja raw (monthly BMC dispensary records),2017,4
N,2017-04-01,516.0,7,Praja raw (monthly BMC dispensary records),2017,4
P/N,2017-04-01,229.0,10,Praja raw (monthly BMC dispensary records),2017,4
P/S,2017-04-01,61.0,2,Praja raw (monthly BMC dispensary records),2017,4
R/C,2017-04-01,218.0,6,Praja raw (monthly BMC dispensary records),2017,4
R/N,2017-04-01,153.0,4,Praja raw (monthly BMC dispensary records),2017,4
R/S,2017-04-01,118.0,5,Praja raw (monthly BMC dispensary records),2017,4
S,2017-04-01,394.0,7,Praja raw (monthly BMC dispensary records),2017,4
T,2017-04-01,96.0,3,Praja raw (monthly BMC dispensary records),2017,4
A,2017-05-01,113.0,5,Praja raw (monthly BMC dispensary records),2017,5
B,2017-05-01,64.0,3,Praja raw (monthly BMC dispensary records),2017,5
C,2017-05-01,215.0,5,Praja raw (monthly BMC dispensary records),2017,5
D,2017-05-01,184.0,6,Praja raw (monthly BMC dispensary records),2017,5
E,2017-05-01,300.0,10,Praja raw (monthly BMC dispensary records),2017,5
F/N,2017-05-01,162.0,6,Praja raw (monthly BMC dispensary records),2017,5
F/S,2017-05-01,298.0,9,Praja raw (monthly BMC dispensary records),2017,5
G/N,2017-05-01,672.0,9,Praja raw (monthly BMC dispensary records),2017,5
G/S,2017-05-01,348.0,10,Praja raw (monthly BMC dispensary records),2017,5
H/E,2017-05-01,304.0,7,Praja raw (monthly BMC dispensary records),2017,5
H/W,2017-05-01,93.0,5,Praja raw (monthly BMC dispensary records),2017,5
K/E,2017-05-01,371.0,10,Praja raw (monthly BMC dispensary records),2017,5
K/W,2017-05-01,230.0,7,Praja raw (monthly BMC dispensary records),2017,5
L,2017-05-01,1003.0,13,Praja raw (monthly BMC dispensary records),2017,5
M/E,2017-05-01,390.0,9,Praja raw (monthly BMC dispensary records),2017,5
M/W,2017-05-01,169.0,5,Praja raw (monthly BMC dispensary records),2017,5
N,2017-05-01,486.0,7,Praja raw (monthly BMC dispensary records),2017,5
P/N,2017-05-01,242.0,10,Praja raw (monthly BMC dispensary records),2017,5
P/S,2017-05-01,64.0,2,Praja raw (monthly BMC dispensary records),2017,5
R/C,2017-05-01,244.0,6,Praja raw (monthly BMC dispensary records),2017,5
R/N,2017-05-01,184.0,4,Praja raw (monthly BMC dispensary records),2017,5
R/S,2017-05-01,141.0,5,Praja raw (monthly BMC dispensary records),2017,5
S,2017-05-01,309.0,7,Praja raw (monthly BMC dispensary records),2017,5
T,2017-05-01,114.0,3,Praja raw (monthly BMC dispensary records),2017,5
A,2017-06-01,141.0,5,Praja raw (monthly BMC dispensary records),2017,6
B,2017-06-01,83.0,3,Praja raw (monthly BMC dispensary records),2017,6
C,2017-06-01,303.0,5,Praja raw (monthly BMC dispensary records),2017,6
D,2017-06-01,154.0,6,Praja raw (monthly BMC dispensary records),2017,6
E,2017-06-01,366.0,9,Praja raw (monthly BMC dispensary records),2017,6
F/N,2017-06-01,197.0,6,Praja raw (monthly BMC dispensary records),2017,6
F/S,2017-06-01,400.0,9,Praja raw (monthly BMC dispensary records),2017,6
G/N,2017-06-01,717.0,9,Praja raw (monthly BMC dispensary records),2017,6
G/S,2017-06-01,423.0,11,Praja raw (monthly BMC dispensary records),2017,6
H/E,2017-06-01,407.0,7,Praja raw (monthly BMC dispensary records),2017,6
H/W,2017-06-01,121.0,5,Praja raw (monthly BMC dispensary records),2017,6
K/E,2017-06-01,411.0,10,Praja raw (monthly BMC dispensary records),2017,6
K/W,2017-06-01,257.0,7,Praja raw (monthly BMC dispensary records),2017,6
L,2017-06-01,1057.0,13,Praja raw (monthly BMC dispensary records),2017,6
M/E,2017-06-01,424.0,9,Praja raw (monthly BMC dispensary records),2017,6
M/W,2017-06-01,178.0,5,Praja raw (monthly BMC dispensary records),2017,6
N,2017-06-01,592.0,8,Praja raw (monthly BMC dispensary records),2017,6
P/N,2017-06-01,333.0,10,Praja raw (monthly BMC dispensary records),2017,6
P/S,2017-06-01,73.0,2,Praja raw (monthly BMC dispensary records),2017,6
R/C,2017-06-01,337.0,6,Praja raw (monthly BMC dispensary records),2017,6
R/N,2017-06-01,204.0,4,Praja raw (monthly BMC dispensary records),2017,6
R/S,2017-06-01,138.0,5,Praja raw (monthly BMC dispensary records),2017,6
S,2017-06-01,492.0,7,Praja raw (monthly BMC dispensary records),2017,6
T,2017-06-01,138.0,3,Praja raw (monthly BMC dispensary records),2017,6
A,2017-07-01,160.0,5,Praja raw (monthly BMC dispensary records),2017,7
B,2017-07-01,154.0,3,Praja raw (monthly BMC dispensary records),2017,7
C,2017-07-01,298.0,5,Praja raw (monthly BMC dispensary records),2017,7
D,2017-07-01,126.0,5,Praja raw (monthly BMC dispensary records),2017,7
E,2017-07-01,333.0,9,Praja raw (monthly BMC dispensary records),2017,7
F/N,2017-07-01,267.0,6,Praja raw (monthly BMC dispensary records),2017,7
F/S,2017-07-01,539.0,9,Praja raw (monthly BMC dispensary records),2017,7
G/N,2017-07-01,813.0,9,Praja raw (monthly BMC dispensary records),2017,7
G/S,2017-07-01,653.0,11,Praja raw (monthly BMC dispensary records),2017,7
H/E,2017-07-01,742.0,7,Praja raw (monthly BMC dispensary records),2017,7
H/W,2017-07-01,139.0,5,Praja raw (monthly BMC dispensary records),2017,7
K/E,2017-07-01,568.0,10,Praja raw (monthly BMC dispensary records),2017,7
K/W,2017-07-01,310.0,7,Praja raw (monthly BMC dispensary records),2017,7
L,2017-07-01,1283.0,13,Praja raw (monthly BMC dispensary records),2017,7
M/E,2017-07-01,598.0,9,Praja raw (monthly BMC dispensary records),2017,7
M/W,2017-07-01,265.0,5,Praja raw (monthly BMC dispensary records),2017,7
N,2017-07-01,1092.0,8,Praja raw (monthly BMC dispensary records),2017,7
P/N,2017-07-01,355.0,10,Praja raw (monthly BMC dispensary records),2017,7
P/S,2017-07-01,65.0,2,Praja raw (monthly BMC dispensary records),2017,7
R/C,2017-07-01,380.0,6,Praja raw (monthly BMC dispensary records),2017,7
R/N,2017-07-01,252.0,4,Praja raw (monthly BMC dispensary records),2017,7
R/S,2017-07-01,225.0,5,Praja raw (monthly BMC dispensary records),2017,7
S,2017-07-01,572.0,7,Praja raw (monthly BMC dispensary records),2017,7
T,2017-07-01,128.0,3,Praja raw (monthly BMC dispensary records),2017,7
A,2017-08-01,117.0,5,Praja raw (monthly BMC dispensary records),2017,8
B,2017-08-01,126.0,3,Praja raw (monthly BMC dispensary records),2017,8
C,2017-08-01,293.0,5,Praja raw (monthly BMC dispensary records),2017,8
D,2017-08-01,104.0,6,Praja raw (monthly BMC dispensary records),2017,8
E,2017-08-01,352.0,9,Praja raw (monthly BMC dispensary records),2017,8
F/N,2017-08-01,246.0,6,Praja raw (monthly BMC dispensary records),2017,8
F/S,2017-08-01,416.0,9,Praja raw (monthly BMC dispensary records),2017,8
G/N,2017-08-01,593.0,9,Praja raw (monthly BMC dispensary records),2017,8
G/S,2017-08-01,625.0,12,Praja raw (monthly BMC dispensary records),2017,8
H/E,2017-08-01,629.0,7,Praja raw (monthly BMC dispensary records),2017,8
H/W,2017-08-01,132.0,5,Praja raw (monthly BMC dispensary records),2017,8
K/E,2017-08-01,553.0,10,Praja raw (monthly BMC dispensary records),2017,8
K/W,2017-08-01,190.0,7,Praja raw (monthly BMC dispensary records),2017,8
L,2017-08-01,1033.0,13,Praja raw (monthly BMC dispensary records),2017,8
M/E,2017-08-01,373.0,9,Praja raw (monthly BMC dispensary records),2017,8
M/W,2017-08-01,0.0,0,Praja raw (monthly BMC dispensary records),2017,8
N,2017-08-01,0.0,0,Praja raw (monthly BMC dispensary records),2017,8
P/N,2017-08-01,0.0,0,Praja raw (monthly BMC dispensary records),2017,8
P/S,2017-08-01,52.0,2,Praja raw (monthly BMC dispensary records),2017,8
R/C,2017-08-01,353.0,6,Praja raw (monthly BMC dispensary records),2017,8
R/N,2017-08-01,219.0,4,Praja raw (monthly BMC dispensary records),2017,8
R/S,2017-08-01,0.0,0,Praja raw (monthly BMC dispensary records),2017,8
S,2017-08-01,476.0,7,Praja raw (monthly BMC dispensary records),2017,8
T,2017-08-01,180.0,3,Praja raw (monthly BMC dispensary records),2017,8
A,2017-09-01,119.0,5,Praja raw (monthly BMC dispensary records),2017,9
B,2017-09-01,127.0,3,Praja raw (monthly BMC dispensary records),2017,9
C,2017-09-01,288.0,5,Praja raw (monthly BMC dispensary records),2017,9
D,2017-09-01,86.0,6,Praja raw (monthly BMC dispensary records),2017,9
E,2017-09-01,345.0,9,Praja raw (monthly BMC dispensary records),2017,9
F/N,2017-09-01,236.0,6,Praja raw (monthly BMC dispensary records),2017,9
F/S,2017-09-01,370.0,9,Praja raw (monthly BMC dispensary records),2017,9
G/N,2017-09-01,604.0,9,Praja raw (monthly BMC dispensary records),2017,9
G/S,2017-09-01,564.0,12,Praja raw (monthly BMC dispensary records),2017,9
H/E,2017-09-01,562.0,7,Praja raw (monthly BMC dispensary records),2017,9
H/W,2017-09-01,160.0,5,Praja raw (monthly BMC dispensary records),2017,9
K/E,2017-09-01,434.0,10,Praja raw (monthly BMC dispensary records),2017,9
K/W,2017-09-01,168.0,7,Praja raw (monthly BMC dispensary records),2017,9
L,2017-09-01,1069.0,13,Praja raw (monthly BMC dispensary records),2017,9
M/E,2017-09-01,326.0,9,Praja raw (monthly BMC dispensary records),2017,9
M/W,2017-09-01,0.0,0,Praja raw (monthly BMC dispensary records),2017,9
N,2017-09-01,0.0,0,Praja raw (monthly BMC dispensary records),2017,9
P/N,2017-09-01,0.0,0,Praja raw (monthly BMC dispensary records),2017,9
P/S,2017-09-01,48.0,2,Praja raw (monthly BMC dispensary records),2017,9
R/C,2017-09-01,332.0,6,Praja raw (monthly BMC dispensary records),2017,9
R/N,2017-09-01,178.0,4,Praja raw (monthly BMC dispensary records),2017,9
R/S,2017-09-01,0.0,0,Praja raw (monthly BMC dispensary records),2017,9
S,2017-09-01,452.0,7,Praja raw (monthly BMC dispensary records),2017,9
T,2017-09-01,128.0,3,Praja raw (monthly BMC dispensary records),2017,9
A,2017-10-01,127.0,5,Praja raw (monthly BMC dispensary records),2017,10
B,2017-10-01,127.0,3,Praja raw (monthly BMC dispensary records),2017,10
C,2017-10-01,239.0,5,Praja raw (monthly BMC dispensary records),2017,10
D,2017-10-01,67.0,6,Praja raw (monthly BMC dispensary records),2017,10
E,2017-10-01,338.0,8,Praja raw (monthly BMC dispensary records),2017,10
F/N,2017-10-01,258.0,6,Praja raw (monthly BMC dispensary records),2017,10
F/S,2017-10-01,335.0,9,Praja raw (monthly BMC dispensary records),2017,10
G/N,2017-10-01,466.0,9,Praja raw (monthly BMC dispensary records),2017,10
G/S,2017-10-01,450.0,12,Praja raw (monthly BMC dispensary records),2017,10
H/E,2017-10-01,589.0,7,Praja raw (monthly BMC dispensary records),2017,10
H/W,2017-10-01,118.0,5,Praja raw (monthly BMC dispensary records),2017,10
K/E,2017-10-01,374.0,10,Praja raw (monthly BMC dispensary records),2017,10
K/W,2017-10-01,227.0,7,Praja raw (monthly BMC dispensary records),2017,10
L,2017-10-01,976.0,13,Praja raw (monthly BMC dispensary records),2017,10
M/E,2017-10-01,357.0,9,Praja raw (monthly BMC dispensary records),2017,10
M/W,2017-10-01,0.0,0,Praja raw (monthly BMC dispensary records),2017,10
N,2017-10-01,0.0,0,Praja raw (monthly BMC dispensary records),2017,10
P/N,2017-10-01,0.0,0,Praja raw (monthly BMC dispensary records),2017,10
P/S,2017-10-01,48.0,2,Praja raw (monthly BMC dispensary records),2017,10
R/C,2017-10-01,314.0,6,Praja raw (monthly BMC dispensary records),2017,10
R/N,2017-10-01,185.0,4,Praja raw (monthly BMC dispensary records),2017,10
R/S,2017-10-01,0.0,0,Praja raw (monthly BMC dispensary records),2017,10
S,2017-10-01,432.0,7,Praja raw (monthly BMC dispensary records),2017,10
T,2017-10-01,93.0,3,Praja raw (monthly BMC dispensary records),2017,10
A,2017-11-01,131.0,5,Praja raw (monthly BMC dispensary records),2017,11
B,2017-11-01,141.0,4,Praja raw (monthly BMC dispensary records),2017,11
C,2017-11-01,209.0,5,Praja raw (monthly BMC dispensary records),2017,11
D,2017-11-01,89.0,6,Praja raw (monthly BMC dispensary records),2017,11
E,2017-11-01,356.0,8,Praja raw (monthly BMC dispensary records),2017,11
F/N,2017-11-01,224.0,6,Praja raw (monthly BMC dispensary records),2017,11
F/S,2017-11-01,414.0,9,Praja raw (monthly BMC dispensary records),2017,11
G/N,2017-11-01,535.0,9,Praja raw (monthly BMC dispensary records),2017,11
G/S,2017-11-01,532.0,12,Praja raw (monthly BMC dispensary records),2017,11
H/E,2017-11-01,619.0,7,Praja raw (monthly BMC dispensary records),2017,11
H/W,2017-11-01,130.0,5,Praja raw (monthly BMC dispensary records),2017,11
K/E,2017-11-01,499.0,10,Praja raw (monthly BMC dispensary records),2017,11
K/W,2017-11-01,191.0,7,Praja raw (monthly BMC dispensary records),2017,11
L,2017-11-01,955.0,13,Praja raw (monthly BMC dispensary records),2017,11
M/E,2017-11-01,448.0,9,Praja raw (monthly BMC dispensary records),2017,11
M/W,2017-11-01,0.0,0,Praja raw (monthly BMC dispensary records),2017,11
N,2017-11-01,0.0,0,Praja raw (monthly BMC dispensary records),2017,11
P/N,2017-11-01,0.0,0,Praja raw (monthly BMC dispensary records),2017,11
P/S,2017-11-01,51.0,2,Praja raw (monthly BMC dispensary records),2017,11
R/C,2017-11-01,352.0,6,Praja raw (monthly BMC dispensary records),2017,11
R/N,2017-11-01,197.0,4,Praja raw (monthly BMC dispensary records),2017,11
R/S,2017-11-01,0.0,0,Praja raw (monthly BMC dispensary records),2017,11
S,2017-11-01,610.0,7,Praja raw (monthly BMC dispensary records),2017,11
T,2017-11-01,170.0,3,Praja raw (monthly BMC dispensary records),2017,11
A,2017-12-01,213.0,5,Praja raw (monthly BMC dispensary records),2017,12
B,2017-12-01,101.0,3,Praja raw (monthly BMC dispensary records),2017,12
C,2017-12-01,175.0,5,Praja raw (monthly BMC dispensary records),2017,12
D,2017-12-01,79.0,6,Praja raw (monthly BMC dispensary records),2017,12
E,2017-12-01,281.0,10,Praja raw (monthly BMC dispensary records),2017,12
F/N,2017-12-01,240.0,6,Praja raw (monthly BMC dispensary records),2017,12
F/S,2017-12-01,322.0,9,Praja raw (monthly BMC dispensary records),2017,12
G/N,2017-12-01,515.0,9,Praja raw (monthly BMC dispensary records),2017,12
G/S,2017-12-01,481.0,12,Praja raw (monthly BMC dispensary records),2017,12
H/E,2017-12-01,575.0,7,Praja raw (monthly BMC dispensary records),2017,12
H/W,2017-12-01,135.0,5,Praja raw (monthly BMC dispensary records),2017,12
K/E,2017-12-01,389.0,10,Praja raw (monthly BMC dispensary records),2017,12
K/W,2017-12-01,207.0,7,Praja raw (monthly BMC dispensary records),2017,12
L,2017-12-01,843.0,13,Praja raw (monthly BMC dispensary records),2017,12
M/E,2017-12-01,370.0,9,Praja raw (monthly BMC dispensary records),2017,12
M/W,2017-12-01,0.0,0,Praja raw (monthly BMC dispensary records),2017,12
N,2017-12-01,0.0,0,Praja raw (monthly BMC dispensary records),2017,12
P/N,2017-12-01,0.0,0,Praja raw (monthly BMC dispensary records),2017,12
P/S,2017-12-01,67.0,2,Praja raw (monthly BMC dispensary records),2017,12
R/C,2017-12-01,330.0,6,Praja raw (monthly BMC dispensary records),2017,12
R/N,2017-12-01,155.0,4,Praja raw (monthly BMC dispensary records),2017,12
R/S,2017-12-01,0.0,0,Praja raw (monthly BMC dispensary records),2017,12
S,2017-12-01,523.0,7,Praja raw (monthly BMC dispensary records),2017,12
T,2017-12-01,130.0,3,Praja raw (monthly BMC dispensary records),2017,12
A,2018-01-01,166.0,5,Praja raw (monthly BMC dispensary records),2018,1
B,2018-01-01,114.0,3,Praja raw (monthly BMC dispensary records),2018,1
C,2018-01-01,223.0,5,Praja raw (monthly BMC dispensary records),2018,1
D,2018-01-01,78.0,6,Praja raw (monthly BMC dispensary records),2018,1
E,2018-01-01,286.0,10,Praja raw (monthly BMC dispensary records),2018,1
F/N,2018-01-01,247.0,6,Praja raw (monthly BMC dispensary records),2018,1
F/S,2018-01-01,424.0,9,Praja raw (monthly BMC dispensary records),2018,1
G/N,2018-01-01,446.0,9,Praja raw (monthly BMC dispensary records),2018,1
G/S,2018-01-01,662.0,11,Praja raw (monthly BMC dispensary records),2018,1
H/E,2018-01-01,562.0,7,Praja raw (monthly BMC dispensary records),2018,1
H/W,2018-01-01,147.0,5,Praja raw (monthly BMC dispensary records),2018,1
K/E,2018-01-01,422.0,10,Praja raw (monthly BMC dispensary records),2018,1
K/W,2018-01-01,210.0,7,Praja raw (monthly BMC dispensary records),2018,1
L,2018-01-01,1011.0,14,Praja raw (monthly BMC dispensary records),2018,1
M/E,2018-01-01,491.0,9,Praja raw (monthly BMC dispensary records),2018,1
M/W,2018-01-01,0.0,0,Praja raw (monthly BMC dispensary records),2018,1
N,2018-01-01,0.0,0,Praja raw (monthly BMC dispensary records),2018,1
P/N,2018-01-01,0.0,0,Praja raw (monthly BMC dispensary records),2018,1
P/S,2018-01-01,79.0,2,Praja raw (monthly BMC dispensary records),2018,1
R/C,2018-01-01,367.0,6,Praja raw (monthly BMC dispensary records),2018,1
R/N,2018-01-01,196.0,4,Praja raw (monthly BMC dispensary records),2018,1
R/S,2018-01-01,0.0,0,Praja raw (monthly BMC dispensary records),2018,1
S,2018-01-01,685.0,8,Praja raw (monthly BMC dispensary records),2018,1
T,2018-01-01,149.0,3,Praja raw (monthly BMC dispensary records),2018,1
A,2018-02-01,155.0,5,Praja raw (monthly BMC dispensary records),2018,2
B,2018-02-01,100.0,3,Praja raw (monthly BMC dispensary records),2018,2
C,2018-02-01,221.0,5,Praja raw (monthly BMC dispensary records),2018,2
D,2018-02-01,66.0,5,Praja raw (monthly BMC dispensary records),2018,2
E,2018-02-01,241.0,10,Praja raw (monthly BMC dispensary records),2018,2
F/N,2018-02-01,269.0,6,Praja raw (monthly BMC dispensary records),2018,2
F/S,2018-02-01,316.0,9,Praja raw (monthly BMC dispensary records),2018,2
G/N,2018-02-01,362.0,9,Praja raw (monthly BMC dispensary records),2018,2
G/S,2018-02-01,570.0,11,Praja raw (monthly BMC dispensary records),2018,2
H/E,2018-02-01,448.0,7,Praja raw (monthly BMC dispensary records),2018,2
H/W,2018-02-01,118.0,5,Praja raw (monthly BMC dispensary records),2018,2
K/E,2018-02-01,304.0,10,Praja raw (monthly BMC dispensary records),2018,2
K/W,2018-02-01,154.0,7,Praja raw (monthly BMC dispensary records),2018,2
L,2018-02-01,818.0,14,Praja raw (monthly BMC dispensary records),2018,2
M/E,2018-02-01,444.0,9,Praja raw (monthly BMC dispensary records),2018,2
M/W,2018-02-01,0.0,0,Praja raw (monthly BMC dispensary records),2018,2
N,2018-02-01,0.0,0,Praja raw (monthly BMC dispensary records),2018,2
P/N,2018-02-01,0.0,0,Praja raw (monthly BMC dispensary records),2018,2
P/S,2018-02-01,75.0,2,Praja raw (monthly BMC dispensary records),2018,2
R/C,2018-02-01,339.0,6,Praja raw (monthly BMC dispensary records),2018,2
R/N,2018-02-01,150.0,4,Praja raw (monthly BMC dispensary records),2018,2
R/S,2018-02-01,0.0,0,Praja raw (monthly BMC dispensary records),2018,2
S,2018-02-01,637.0,8,Praja raw (monthly BMC dispensary records),2018,2
T,2018-02-01,161.0,3,Praja raw (monthly BMC dispensary records),2018,2
A,2018-03-01,138.0,5,Praja raw (monthly BMC dispensary records),2018,3
B,2018-03-01,78.0,3,Praja raw (monthly BMC dispensary records),2018,3
C,2018-03-01,248.0,5,Praja raw (monthly BMC dispensary records),2018,3
D,2018-03-01,63.0,6,Praja raw (monthly BMC dispensary records),2018,3
E,2018-03-01,261.0,9,Praja raw (monthly BMC dispensary records),2018,3
F/N,2018-03-01,244.0,6,Praja raw (monthly BMC dispensary records),2018,3
F/S,2018-03-01,347.0,9,Praja raw (monthly BMC dispensary records),2018,3
G/N,2018-03-01,533.0,9,Praja raw (monthly BMC dispensary records),2018,3
G/S,2018-03-01,604.0,11,Praja raw (monthly BMC dispensary records),2018,3
H/E,2018-03-01,426.0,7,Praja raw (monthly BMC dispensary records),2018,3
H/W,2018-03-01,127.0,5,Praja raw (monthly BMC dispensary records),2018,3
K/E,2018-03-01,460.0,10,Praja raw (monthly BMC dispensary records),2018,3
K/W,2018-03-01,207.0,7,Praja raw (monthly BMC dispensary records),2018,3
L,2018-03-01,854.0,14,Praja raw (monthly BMC dispensary records),2018,3
M/E,2018-03-01,454.0,9,Praja raw (monthly BMC dispensary records),2018,3
M/W,2018-03-01,0.0,0,Praja raw (monthly BMC dispensary records),2018,3
N,2018-03-01,0.0,0,Praja raw (monthly BMC dispensary records),2018,3
P/N,2018-03-01,0.0,0,Praja raw (monthly BMC dispensary records),2018,3
P/S,2018-03-01,46.0,2,Praja raw (monthly BMC dispensary records),2018,3
R/C,2018-03-01,357.0,6,Praja raw (monthly BMC dispensary records),2018,3
R/N,2018-03-01,180.0,4,Praja raw (monthly BMC dispensary records),2018,3
R/S,2018-03-01,0.0,0,Praja raw (monthly BMC dispensary records),2018,3
S,2018-03-01,506.0,8,Praja raw (monthly BMC dispensary records),2018,3
T,2018-03-01,165.0,3,Praja raw (monthly BMC dispensary records),2018,3
A,2018-04-01,122.0,5,Praja raw (monthly BMC dispensary records),2018,4
B,2018-04-01,84.0,3,Praja raw (monthly BMC dispensary records),2018,4
C,2018-04-01,202.0,5,Praja raw (monthly BMC dispensary records),2018,4
D,2018-04-01,45.0,5,Praja raw (monthly BMC dispensary records),2018,4
E,2018-04-01,227.0,9,Praja raw (monthly BMC dispensary records),2018,4
F/N,2018-04-01,161.0,6,Praja raw (monthly BMC dispensary records),2018,4
F/S,2018-04-01,268.0,9,Praja raw (monthly BMC dispensary records),2018,4
G/N,2018-04-01,422.0,9,Praja raw (monthly BMC dispensary records),2018,4
G/S,2018-04-01,532.0,12,Praja raw (monthly BMC dispensary records),2018,4
H/E,2018-04-01,355.0,7,Praja raw (monthly BMC dispensary records),2018,4
H/W,2018-04-01,118.0,5,Praja raw (monthly BMC dispensary records),2018,4
K/E,2018-04-01,401.0,10,Praja raw (monthly BMC dispensary records),2018,4
K/W,2018-04-01,129.0,7,Praja raw (monthly BMC dispensary records),2018,4
L,2018-04-01,811.0,14,Praja raw (monthly BMC dispensary records),2018,4
M/E,2018-04-01,331.0,9,Praja raw (monthly BMC dispensary records),2018,4
M/W,2018-04-01,160.0,6,Praja raw (monthly BMC dispensary records),2018,4
N,2018-04-01,350.0,8,Praja raw (monthly BMC dispensary records),2018,4
P/N,2018-04-01,232.0,11,Praja raw (monthly BMC dispensary records),2018,4
P/S,2018-04-01,45.0,2,Praja raw (monthly BMC dispensary records),2018,4
R/C,2018-04-01,281.0,8,Praja raw (monthly BMC dispensary records),2018,4
R/N,2018-04-01,121.0,4,Praja raw (monthly BMC dispensary records),2018,4
R/S,2018-04-01,0.0,0,Praja raw (monthly BMC dispensary records),2018,4
S,2018-04-01,451.0,8,Praja raw (monthly BMC dispensary records),2018,4
T,2018-04-01,120.0,3,Praja raw (monthly BMC dispensary records),2018,4
A,2018-05-01,131.0,5,Praja raw (monthly BMC dispensary records),2018,5
B,2018-05-01,63.0,3,Praja raw (monthly BMC dispensary records),2018,5
C,2018-05-01,275.0,5,Praja raw (monthly BMC dispensary records),2018,5
D,2018-05-01,29.0,5,Praja raw (monthly BMC dispensary records),2018,5
E,2018-05-01,228.0,8,Praja raw (monthly BMC dispensary records),2018,5
F/N,2018-05-01,167.0,6,Praja raw (monthly BMC dispensary records),2018,5
F/S,2018-05-01,280.0,9,Praja raw (monthly BMC dispensary records),2018,5
G/N,2018-05-01,458.0,9,Praja raw (monthly BMC dispensary records),2018,5
G/S,2018-05-01,562.0,11,Praja raw (monthly BMC dispensary records),2018,5
H/E,2018-05-01,370.0,7,Praja raw (monthly BMC dispensary records),2018,5
H/W,2018-05-01,118.0,5,Praja raw (monthly BMC dispensary records),2018,5
K/E,2018-05-01,421.0,10,Praja raw (monthly BMC dispensary records),2018,5
K/W,2018-05-01,132.0,7,Praja raw (monthly BMC dispensary records),2018,5
L,2018-05-01,880.0,14,Praja raw (monthly BMC dispensary records),2018,5
M/E,2018-05-01,353.0,9,Praja raw (monthly BMC dispensary records),2018,5
M/W,2018-05-01,145.0,6,Praja raw (monthly BMC dispensary records),2018,5
N,2018-05-01,403.0,8,Praja raw (monthly BMC dispensary records),2018,5
P/N,2018-05-01,238.0,11,Praja raw (monthly BMC dispensary records),2018,5
P/S,2018-05-01,56.0,2,Praja raw (monthly BMC dispensary records),2018,5
R/C,2018-05-01,251.0,8,Praja raw (monthly BMC dispensary records),2018,5
R/N,2018-05-01,152.0,4,Praja raw (monthly BMC dispensary records),2018,5
R/S,2018-05-01,0.0,0,Praja raw (monthly BMC dispensary records),2018,5
S,2018-05-01,415.0,8,Praja raw (monthly BMC dispensary records),2018,5
T,2018-05-01,88.0,3,Praja raw (monthly BMC dispensary records),2018,5
A,2018-06-01,196.0,5,Praja raw (monthly BMC dispensary records),2018,6
B,2018-06-01,125.0,3,Praja raw (monthly BMC dispensary records),2018,6
C,2018-06-01,295.0,5,Praja raw (monthly BMC dispensary records),2018,6
D,2018-06-01,19.0,2,Praja raw (monthly BMC dispensary records),2018,6
E,2018-06-01,296.0,8,Praja raw (monthly BMC dispensary records),2018,6
F/N,2018-06-01,261.0,6,Praja raw (monthly BMC dispensary records),2018,6
F/S,2018-06-01,359.0,9,Praja raw (monthly BMC dispensary records),2018,6
G/N,2018-06-01,540.0,9,Praja raw (monthly BMC dispensary records),2018,6
G/S,2018-06-01,661.0,11,Praja raw (monthly BMC dispensary records),2018,6
H/E,2018-06-01,437.0,7,Praja raw (monthly BMC dispensary records),2018,6
H/W,2018-06-01,145.0,5,Praja raw (monthly BMC dispensary records),2018,6
K/E,2018-06-01,492.0,10,Praja raw (monthly BMC dispensary records),2018,6
K/W,2018-06-01,187.0,7,Praja raw (monthly BMC dispensary records),2018,6
L,2018-06-01,1100.0,14,Praja raw (monthly BMC dispensary records),2018,6
M/E,2018-06-01,530.0,9,Praja raw (monthly BMC dispensary records),2018,6
M/W,2018-06-01,247.0,5,Praja raw (monthly BMC dispensary records),2018,6
N,2018-06-01,514.0,8,Praja raw (monthly BMC dispensary records),2018,6
P/N,2018-06-01,359.0,11,Praja raw (monthly BMC dispensary records),2018,6
P/S,2018-06-01,68.0,2,Praja raw (monthly BMC dispensary records),2018,6
R/C,2018-06-01,318.0,7,Praja raw (monthly BMC dispensary records),2018,6
R/N,2018-06-01,143.0,4,Praja raw (monthly BMC dispensary records),2018,6
R/S,2018-06-01,0.0,0,Praja raw (monthly BMC dispensary records),2018,6
S,2018-06-01,524.0,8,Praja raw (monthly BMC dispensary records),2018,6
T,2018-06-01,169.0,3,Praja raw (monthly BMC dispensary records),2018,6
A,2018-07-01,235.0,5,Praja raw (monthly BMC dispensary records),2018,7
B,2018-07-01,142.0,3,Praja raw (monthly BMC dispensary records),2018,7
C,2018-07-01,317.0,5,Praja raw (monthly BMC dispensary records),2018,7
D,2018-07-01,33.0,3,Praja raw (monthly BMC dispensary records),2018,7
E,2018-07-01,347.0,10,Praja raw (monthly BMC dispensary records),2018,7
F/N,2018-07-01,209.0,6,Praja raw (monthly BMC dispensary records),2018,7
F/S,2018-07-01,503.0,9,Praja raw (monthly BMC dispensary records),2018,7
G/N,2018-07-01,652.0,9,Praja raw (monthly BMC dispensary records),2018,7
G/S,2018-07-01,905.0,11,Praja raw (monthly BMC dispensary records),2018,7
H/E,2018-07-01,455.0,7,Praja raw (monthly BMC dispensary records),2018,7
H/W,2018-07-01,132.0,5,Praja raw (monthly BMC dispensary records),2018,7
K/E,2018-07-01,512.0,10,Praja raw (monthly BMC dispensary records),2018,7
K/W,2018-07-01,206.0,7,Praja raw (monthly BMC dispensary records),2018,7
L,2018-07-01,1196.0,14,Praja raw (monthly BMC dispensary records),2018,7
M/E,2018-07-01,625.0,9,Praja raw (monthly BMC dispensary records),2018,7
M/W,2018-07-01,220.0,6,Praja raw (monthly BMC dispensary records),2018,7
N,2018-07-01,771.0,8,Praja raw (monthly BMC dispensary records),2018,7
P/N,2018-07-01,418.0,11,Praja raw (monthly BMC dispensary records),2018,7
P/S,2018-07-01,64.0,2,Praja raw (monthly BMC dispensary records),2018,7
R/C,2018-07-01,411.0,8,Praja raw (monthly BMC dispensary records),2018,7
R/N,2018-07-01,180.0,4,Praja raw (monthly BMC dispensary records),2018,7
R/S,2018-07-01,4.0,1,Praja raw (monthly BMC dispensary records),2018,7
S,2018-07-01,761.0,8,Praja raw (monthly BMC dispensary records),2018,7
T,2018-07-01,205.0,3,Praja raw (monthly BMC dispensary records),2018,7
A,2018-08-01,215.0,5,Praja raw (monthly BMC dispensary records),2018,8
B,2018-08-01,179.0,4,Praja raw (monthly BMC dispensary records),2018,8
C,2018-08-01,284.0,5,Praja raw (monthly BMC dispensary records),2018,8
D,2018-08-01,43.0,4,Praja raw (monthly BMC dispensary records),2018,8
E,2018-08-01,369.0,9,Praja raw (monthly BMC dispensary records),2018,8
F/N,2018-08-01,326.0,6,Praja raw (monthly BMC dispensary records),2018,8
F/S,2018-08-01,406.0,9,Praja raw (monthly BMC dispensary records),2018,8
G/N,2018-08-01,478.0,9,Praja raw (monthly BMC dispensary records),2018,8
G/S,2018-08-01,798.0,12,Praja raw (monthly BMC dispensary records),2018,8
H/E,2018-08-01,448.0,7,Praja raw (monthly BMC dispensary records),2018,8
H/W,2018-08-01,139.0,5,Praja raw (monthly BMC dispensary records),2018,8
K/E,2018-08-01,608.0,10,Praja raw (monthly BMC dispensary records),2018,8
K/W,2018-08-01,247.0,7,Praja raw (monthly BMC dispensary records),2018,8
L,2018-08-01,1061.0,14,Praja raw (monthly BMC dispensary records),2018,8
M/E,2018-08-01,620.0,11,Praja raw (monthly BMC dispensary records),2018,8
M/W,2018-08-01,177.0,6,Praja raw (monthly BMC dispensary records),2018,8
N,2018-08-01,747.0,8,Praja raw (monthly BMC dispensary records),2018,8
P/N,2018-08-01,450.0,11,Praja raw (monthly BMC dispensary records),2018,8
P/S,2018-08-01,52.0,2,Praja raw (monthly BMC dispensary records),2018,8
R/C,2018-08-01,420.0,7,Praja raw (monthly BMC dispensary records),2018,8
R/N,2018-08-01,144.0,4,Praja raw (monthly BMC dispensary records),2018,8
R/S,2018-08-01,4.0,1,Praja raw (monthly BMC dispensary records),2018,8
S,2018-08-01,582.0,6,Praja raw (monthly BMC dispensary records),2018,8
T,2018-08-01,219.0,3,Praja raw (monthly BMC dispensary records),2018,8
A,2018-09-01,165.0,5,Praja raw (monthly BMC dispensary records),2018,9
B,2018-09-01,124.0,4,Praja raw (monthly BMC dispensary records),2018,9
C,2018-09-01,260.0,5,Praja raw (monthly BMC dispensary records),2018,9
D,2018-09-01,21.0,3,Praja raw (monthly BMC dispensary records),2018,9
E,2018-09-01,340.0,9,Praja raw (monthly BMC dispensary records),2018,9
F/N,2018-09-01,325.0,6,Praja raw (monthly BMC dispensary records),2018,9
F/S,2018-09-01,323.0,9,Praja raw (monthly BMC dispensary records),2018,9
G/N,2018-09-01,446.0,9,Praja raw (monthly BMC dispensary records),2018,9
G/S,2018-09-01,655.0,12,Praja raw (monthly BMC dispensary records),2018,9
H/E,2018-09-01,370.0,7,Praja raw (monthly BMC dispensary records),2018,9
H/W,2018-09-01,127.0,5,Praja raw (monthly BMC dispensary records),2018,9
K/E,2018-09-01,462.0,10,Praja raw (monthly BMC dispensary records),2018,9
K/W,2018-09-01,210.0,7,Praja raw (monthly BMC dispensary records),2018,9
L,2018-09-01,966.0,14,Praja raw (monthly BMC dispensary records),2018,9
M/E,2018-09-01,462.0,11,Praja raw (monthly BMC dispensary records),2018,9
M/W,2018-09-01,168.0,5,Praja raw (monthly BMC dispensary records),2018,9
N,2018-09-01,563.0,8,Praja raw (monthly BMC dispensary records),2018,9
P/N,2018-09-01,428.0,11,Praja raw (monthly BMC dispensary records),2018,9
P/S,2018-09-01,55.0,2,Praja raw (monthly BMC dispensary records),2018,9
R/C,2018-09-01,355.0,7,Praja raw (monthly BMC dispensary records),2018,9
R/N,2018-09-01,138.0,4,Praja raw (monthly BMC dispensary records),2018,9
R/S,2018-09-01,0.0,0,Praja raw (monthly BMC dispensary records),2018,9
S,2018-09-01,501.0,6,Praja raw (monthly BMC dispensary records),2018,9
T,2018-09-01,138.0,3,Praja raw (monthly BMC dispensary records),2018,9
A,2018-10-01,172.0,5,Praja raw (monthly BMC dispensary records),2018,10
B,2018-10-01,143.0,4,Praja raw (monthly BMC dispensary records),2018,10
C,2018-10-01,257.0,5,Praja raw (monthly BMC dispensary records),2018,10
D,2018-10-01,22.0,4,Praja raw (monthly BMC dispensary records),2018,10
E,2018-10-01,359.0,9,Praja raw (monthly BMC dispensary records),2018,10
F/N,2018-10-01,277.0,6,Praja raw (monthly BMC dispensary records),2018,10
F/S,2018-10-01,317.0,9,Praja raw (monthly BMC dispensary records),2018,10
G/N,2018-10-01,451.0,9,Praja raw (monthly BMC dispensary records),2018,10
G/S,2018-10-01,579.0,11,Praja raw (monthly BMC dispensary records),2018,10
H/E,2018-10-01,342.0,7,Praja raw (monthly BMC dispensary records),2018,10
H/W,2018-10-01,121.0,5,Praja raw (monthly BMC dispensary records),2018,10
K/E,2018-10-01,585.0,10,Praja raw (monthly BMC dispensary records),2018,10
K/W,2018-10-01,178.0,7,Praja raw (monthly BMC dispensary records),2018,10
L,2018-10-01,906.0,14,Praja raw (monthly BMC dispensary records),2018,10
M/E,2018-10-01,448.0,11,Praja raw (monthly BMC dispensary records),2018,10
M/W,2018-10-01,140.0,6,Praja raw (monthly BMC dispensary records),2018,10
N,2018-10-01,615.0,8,Praja raw (monthly BMC dispensary records),2018,10
P/N,2018-10-01,389.0,11,Praja raw (monthly BMC dispensary records),2018,10
P/S,2018-10-01,48.0,2,Praja raw (monthly BMC dispensary records),2018,10
R/C,2018-10-01,264.0,8,Praja raw (monthly BMC dispensary records),2018,10
R/N,2018-10-01,123.0,4,Praja raw (monthly BMC dispensary records),2018,10
R/S,2018-10-01,7.0,2,Praja raw (monthly BMC dispensary records),2018,10
S,2018-10-01,425.0,6,Praja raw (monthly BMC dispensary records),2018,10
T,2018-10-01,148.0,3,Praja raw (monthly BMC dispensary records),2018,10
A,2018-11-01,112.0,5,Praja raw (monthly BMC dispensary records),2018,11
B,2018-11-01,91.0,3,Praja raw (monthly BMC dispensary records),2018,11
C,2018-11-01,284.0,5,Praja raw (monthly BMC dispensary records),2018,11
D,2018-11-01,24.0,3,Praja raw (monthly BMC dispensary records),2018,11
E,2018-11-01,440.0,9,Praja raw (monthly BMC dispensary records),2018,11
F/N,2018-11-01,207.0,6,Praja raw (monthly BMC dispensary records),2018,11
F/S,2018-11-01,242.0,9,Praja raw (monthly BMC dispensary records),2018,11
G/N,2018-11-01,349.0,9,Praja raw (monthly BMC dispensary records),2018,11
G/S,2018-11-01,584.0,12,Praja raw (monthly BMC dispensary records),2018,11
H/E,2018-11-01,396.0,7,Praja raw (monthly BMC dispensary records),2018,11
H/W,2018-11-01,101.0,5,Praja raw (monthly BMC dispensary records),2018,11
K/E,2018-11-01,467.0,10,Praja raw (monthly BMC dispensary records),2018,11
K/W,2018-11-01,186.0,7,Praja raw (monthly BMC dispensary records),2018,11
L,2018-11-01,815.0,14,Praja raw (monthly BMC dispensary records),2018,11
M/E,2018-11-01,392.0,11,Praja raw (monthly BMC dispensary records),2018,11
M/W,2018-11-01,131.0,6,Praja raw (monthly BMC dispensary records),2018,11
N,2018-11-01,557.0,8,Praja raw (monthly BMC dispensary records),2018,11
P/N,2018-11-01,365.0,11,Praja raw (monthly BMC dispensary records),2018,11
P/S,2018-11-01,37.0,2,Praja raw (monthly BMC dispensary records),2018,11
R/C,2018-11-01,247.0,8,Praja raw (monthly BMC dispensary records),2018,11
R/N,2018-11-01,129.0,4,Praja raw (monthly BMC dispensary records),2018,11
R/S,2018-11-01,0.0,0,Praja raw (monthly BMC dispensary records),2018,11
S,2018-11-01,332.0,6,Praja raw (monthly BMC dispensary records),2018,11
T,2018-11-01,116.0,2,Praja raw (monthly BMC dispensary records),2018,11
A,2018-12-01,188.0,5,Praja raw (monthly BMC dispensary records),2018,12
B,2018-12-01,126.0,4,Praja raw (monthly BMC dispensary records),2018,12
C,2018-12-01,244.0,5,Praja raw (monthly BMC dispensary records),2018,12
D,2018-12-01,26.0,4,Praja raw (monthly BMC dispensary records),2018,12
E,2018-12-01,412.0,9,Praja raw (monthly BMC dispensary records),2018,12
F/N,2018-12-01,201.0,6,Praja raw (monthly BMC dispensary records),2018,12
F/S,2018-12-01,303.0,8,Praja raw (monthly BMC dispensary records),2018,12
G/N,2018-12-01,543.0,9,Praja raw (monthly BMC dispensary records),2018,12
G/S,2018-12-01,730.0,12,Praja raw (monthly BMC dispensary records),2018,12
H/E,2018-12-01,430.0,7,Praja raw (monthly BMC dispensary records),2018,12
H/W,2018-12-01,88.0,5,Praja raw (monthly BMC dispensary records),2018,12
K/E,2018-12-01,569.0,10,Praja raw (monthly BMC dispensary records),2018,12
K/W,2018-12-01,170.0,7,Praja raw (monthly BMC dispensary records),2018,12
L,2018-12-01,1087.0,15,Praja raw (monthly BMC dispensary records),2018,12
M/E,2018-12-01,608.0,11,Praja raw (monthly BMC dispensary records),2018,12
M/W,2018-12-01,206.0,6,Praja raw (monthly BMC dispensary records),2018,12
N,2018-12-01,381.0,8,Praja raw (monthly BMC dispensary records),2018,12
P/N,2018-12-01,346.0,11,Praja raw (monthly BMC dispensary records),2018,12
P/S,2018-12-01,63.0,2,Praja raw (monthly BMC dispensary records),2018,12
R/C,2018-12-01,316.0,8,Praja raw (monthly BMC dispensary records),2018,12
R/N,2018-12-01,170.0,4,Praja raw (monthly BMC dispensary records),2018,12
R/S,2018-12-01,0.0,0,Praja raw (monthly BMC dispensary records),2018,12
S,2018-12-01,509.0,8,Praja raw (monthly BMC dispensary records),2018,12
T,2018-12-01,81.0,3,Praja raw (monthly BMC dispensary records),2018,12
